customer_id,signup_date,age,city_tier,segment,product_type,credit_score,monthly_revenue,avg_monthly_transactions,avg_transaction_amount,support_tickets_last_90d,late_payments_count,days_since_last_active,tenure_months,churned,churn_date,months_active_before_churn,estimated_revenue_lost
CUST100000,2026-07-16,39,Tier 3,Standard,Credit Card,701,764.0,8.8,1341.0,0,0,22,2.4,0,,2.4,0.0
CUST100001,2025-09-11,41,Tier 3,Basic,BNPL,635,128.0,12.5,1025.0,0,2,30,12.7,0,,12.7,0.0
CUST100002,2026-08-31,21,Tier 2,Basic,BNPL,595,50.0,7.3,1645.0,5,2,32,0.9,1,2026-09-23,0.8,900.0
CUST100003,2026-01-14,39,Tier 2,Standard,Personal Loan,645,841.0,3.2,2400.0,2,1,10,8.5,1,2026-03-11,1.9,15138.0
CUST100004,2026-01-16,25,Tier 1,Standard,Personal Loan,629,703.0,4.1,1455.0,1,2,21,8.4,0,,8.4,0.0
CUST100005,2024-09-20,38,Tier 2,Standard,Personal Loan,681,862.0,10.3,1779.0,1,0,1,24.5,0,,24.5,0.0
CUST100006,2026-02-14,31,Tier 3,Premium,Credit Card,774,1834.0,9.2,391.0,0,0,2,7.5,0,,7.5,0.0
CUST100007,2026-08-13,32,Tier 2,Basic,Credit Card,687,288.0,8.6,2165.0,3,0,21,1.5,0,,1.5,0.0
CUST100008,2026-01-14,30,Tier 3,Basic,BNPL,561,227.0,5.7,2268.0,3,0,100,8.5,0,,8.5,0.0
CUST100009,2026-08-29,41,Tier 2,Basic,Personal Loan,608,297.0,7.4,2196.0,1,3,36,0.9,1,2026-09-03,0.2,5346.0
CUST100010,2026-07-20,22,Tier 3,Premium,Personal Loan,780,1780.0,4.5,1292.0,1,1,4,2.3,0,,2.3,0.0
CUST100011,2026-09-17,36,Tier 2,Basic,Credit Card,535,198.0,9.8,1312.0,4,0,21,0.3,1,2026-09-24,0.2,3564.0
CUST100012,2026-02-22,40,Tier 1,Basic,BNPL,599,116.0,5.0,1217.0,5,1,65,7.2,1,2026-08-27,6.2,2088.0
CUST100013,2026-08-31,37,Tier 2,Standard,Personal Loan,738,725.0,5.2,1818.0,1,0,16,0.9,1,2026-09-24,0.8,13050.0
CUST100014,2026-03-20,50,Tier 1,Standard,Credit Card,760,480.0,9.2,1559.0,2,0,1,6.3,0,,6.3,0.0
CUST100015,2024-07-08,27,Tier 1,Standard,Personal Loan,719,1023.0,7.0,3470.0,1,0,11,27.0,1,2024-08-21,1.5,18414.0
CUST100016,2025-09-10,39,Tier 3,Standard,BNPL,681,118.0,6.5,3825.0,2,0,10,12.7,1,2026-09-21,12.5,2124.0
CUST100017,2026-09-02,31,Tier 1,Standard,BNPL,693,568.0,6.6,3014.0,0,1,46,0.8,1,2026-09-10,0.3,10224.0
CUST100018,2026-07-12,41,Tier 3,Standard,Personal Loan,680,1007.0,16.0,2289.0,0,2,7,2.5,0,,2.5,0.0
CUST100019,2025-10-26,31,Tier 1,Standard,Personal Loan,628,910.0,6.6,1914.0,0,0,1,11.2,0,,11.2,0.0
CUST100020,2024-11-20,28,Tier 1,Basic,Credit Card,519,194.0,0.0,1443.0,1,1,15,22.5,1,2026-09-14,22.1,3492.0
CUST100021,2026-09-16,42,Tier 3,Premium,Personal Loan,816,1377.0,11.9,2259.0,2,0,0,0.3,0,,0.3,0.0
CUST100022,2025-05-12,28,Tier 1,Standard,BNPL,681,319.0,6.9,2053.0,2,1,36,16.7,0,,16.7,0.0
CUST100023,2026-01-22,21,Tier 2,Standard,BNPL,613,471.0,12.4,1269.0,2,0,18,8.2,0,,8.2,0.0
CUST100024,2026-02-02,27,Tier 2,Standard,BNPL,673,390.0,5.6,1488.0,2,0,13,7.9,0,,7.9,0.0
CUST100025,2024-02-20,36,Tier 2,Basic,BNPL,664,98.0,8.8,449.0,6,1,16,31.6,1,2025-07-18,17.1,1764.0
CUST100026,2025-08-09,43,Tier 3,Standard,Credit Card,761,799.0,7.2,1285.0,4,0,11,13.8,0,,13.8,0.0
CUST100027,2025-03-06,32,Tier 2,Standard,Personal Loan,721,1064.0,12.5,2559.0,0,0,31,19.0,1,2026-09-09,18.4,19152.0
CUST100028,2026-05-18,42,Tier 2,Standard,BNPL,633,361.0,9.6,3130.0,1,2,4,4.4,1,2026-05-23,0.2,6498.0
CUST100029,2026-01-27,21,Tier 3,Premium,Credit Card,734,1431.0,4.4,2675.0,2,0,1,8.1,0,,8.1,0.0
CUST100030,2025-12-14,28,Tier 1,Basic,BNPL,665,75.0,13.1,1747.0,3,1,29,9.5,1,2026-03-05,2.7,1350.0
CUST100031,2026-06-02,29,Tier 2,Standard,Personal Loan,676,791.0,5.9,702.0,1,0,39,3.9,1,2026-07-01,1.0,14238.0
CUST100032,2026-01-16,31,Tier 3,Premium,Personal Loan,700,1963.0,8.7,1123.0,0,1,8,8.4,0,,8.4,0.0
CUST100033,2026-07-07,32,Tier 2,Basic,Insurance,667,243.0,4.6,2597.0,4,0,56,2.7,0,,2.7,0.0
CUST100034,2026-08-11,37,Tier 3,Basic,Personal Loan,621,300.0,7.8,2566.0,1,0,78,1.5,1,2026-08-27,0.5,5400.0
CUST100035,2026-05-09,28,Tier 2,Basic,Insurance,567,211.0,5.7,1615.0,3,1,3,4.7,1,2026-08-11,3.1,3798.0
CUST100036,2025-08-19,33,Tier 3,Standard,Insurance,638,527.0,3.4,1835.0,1,2,18,13.4,0,,13.4,0.0
CUST100037,2024-09-13,31,Tier 3,Premium,BNPL,768,762.0,10.5,3933.0,0,2,18,24.8,0,,24.8,0.0
CUST100038,2026-03-27,24,Tier 1,Basic,BNPL,571,171.0,10.6,614.0,3,1,36,6.1,1,2026-06-11,2.5,3078.0
CUST100039,2025-11-22,31,Tier 1,Standard,Credit Card,676,394.0,12.2,2209.0,0,2,18,10.3,0,,10.3,0.0
CUST100040,2026-08-25,30,Tier 2,Premium,BNPL,703,819.0,13.0,1107.0,0,0,16,1.1,0,,1.1,0.0
CUST100041,2024-10-22,30,Tier 2,Standard,Personal Loan,732,890.0,12.3,1162.0,1,0,25,23.5,0,,23.5,0.0
CUST100042,2026-01-17,32,Tier 1,Premium,Credit Card,858,1240.0,5.4,2575.0,1,0,7,8.4,0,,8.4,0.0
CUST100043,2025-06-29,32,Tier 1,Basic,Credit Card,711,226.0,4.2,3727.0,0,0,2,15.1,0,,15.1,0.0
CUST100044,2025-06-09,28,Tier 1,Standard,Credit Card,712,591.0,11.8,2756.0,1,1,19,15.8,0,,15.8,0.0
CUST100045,2026-06-30,42,Tier 3,Basic,Credit Card,706,226.0,11.1,3607.0,7,0,8,2.9,0,,2.9,0.0
CUST100046,2026-02-13,22,Tier 2,Standard,Credit Card,804,651.0,7.1,461.0,1,0,6,7.5,0,,7.5,0.0
CUST100047,2024-01-31,26,Tier 2,Standard,Credit Card,739,667.0,10.6,2642.0,0,0,23,32.3,1,2025-11-29,22.3,12006.0
CUST100048,2026-08-29,54,Tier 1,Standard,BNPL,690,117.0,8.3,3015.0,0,0,12,0.9,0,,0.9,0.0
CUST100049,2025-10-17,23,Tier 1,Standard,Personal Loan,713,930.0,4.8,1980.0,1,0,25,11.5,0,,11.5,0.0
CUST100050,2024-01-17,21,Tier 1,Basic,Insurance,627,211.0,10.9,2948.0,3,0,17,32.8,1,2024-10-23,9.3,3798.0
CUST100051,2026-06-11,37,Tier 1,Basic,BNPL,589,247.0,9.9,4521.0,1,1,71,3.6,1,2026-08-01,1.7,4446.0
CUST100052,2025-02-11,21,Tier 3,Basic,BNPL,702,90.0,15.7,2335.0,2,1,19,19.7,0,,19.7,0.0
CUST100053,2024-07-05,30,Tier 3,Basic,Credit Card,578,207.0,11.6,1847.0,1,2,24,27.1,0,,27.1,0.0
CUST100054,2025-08-10,49,Tier 1,Standard,BNPL,669,364.0,1.8,3222.0,0,0,3,13.7,0,,13.7,0.0
CUST100055,2026-07-10,21,Tier 1,Basic,Personal Loan,633,346.0,6.1,3198.0,1,1,25,2.6,0,,2.6,0.0
CUST100056,2026-05-28,21,Tier 1,Premium,BNPL,818,294.0,4.9,1957.0,2,0,3,4.0,0,,4.0,0.0
CUST100057,2026-09-16,21,Tier 2,Standard,Personal Loan,623,737.0,10.9,1703.0,3,0,29,0.3,0,,0.3,0.0
CUST100058,2025-04-10,39,Tier 1,Premium,BNPL,846,1006.0,2.2,3196.0,0,0,13,17.8,0,,17.8,0.0
CUST100059,2025-03-07,40,Tier 1,Standard,Insurance,745,462.0,6.2,1807.0,0,0,0,18.9,0,,18.9,0.0
CUST100060,2025-11-30,27,Tier 1,Standard,Personal Loan,730,1023.0,0.0,2151.0,0,0,14,10.0,0,,10.0,0.0
CUST100061,2026-05-19,37,Tier 3,Standard,Personal Loan,667,786.0,13.2,2474.0,1,0,1,4.3,0,,4.3,0.0
CUST100062,2026-09-03,43,Tier 2,Basic,BNPL,701,105.0,6.8,2033.0,0,0,29,0.8,1,2026-09-08,0.2,1890.0
CUST100063,2025-08-03,46,Tier 2,Standard,Personal Loan,693,924.0,6.6,2218.0,1,0,46,14.0,1,2025-11-03,3.1,16632.0
CUST100064,2025-09-03,30,Tier 1,Standard,BNPL,742,599.0,2.4,1457.0,2,0,40,12.9,0,,12.9,0.0
CUST100065,2024-09-25,21,Tier 3,Standard,Personal Loan,722,899.0,6.2,2707.0,0,0,6,24.4,0,,24.4,0.0
CUST100066,2025-08-29,25,Tier 3,Premium,Personal Loan,762,2173.0,7.2,1835.0,1,0,2,13.1,0,,13.1,0.0
CUST100067,2025-04-15,28,Tier 1,Basic,Insurance,569,309.0,4.1,3580.0,0,1,55,17.6,0,,17.6,0.0
CUST100068,2025-08-11,29,Tier 1,Premium,BNPL,782,582.0,6.5,2306.0,0,0,8,13.7,0,,13.7,0.0
CUST100069,2025-12-02,30,Tier 2,Basic,BNPL,669,197.0,5.9,3126.0,2,1,19,9.9,1,2026-07-28,7.9,3546.0
CUST100070,2026-04-12,40,Tier 1,Basic,Credit Card,651,174.0,9.1,2766.0,0,1,58,5.6,1,2026-05-10,0.9,3132.0
CUST100071,2024-10-29,42,Tier 2,Standard,BNPL,606,445.0,9.1,3209.0,2,0,6,23.2,0,,23.2,0.0
CUST100072,2025-11-15,30,Tier 2,Premium,Credit Card,741,1380.0,3.8,1797.0,1,0,3,10.5,0,,10.5,0.0
CUST100073,2026-04-27,40,Tier 2,Basic,Credit Card,617,312.0,11.7,1134.0,1,2,33,5.1,1,2026-08-05,3.3,5616.0
CUST100074,2026-08-31,34,Tier 1,Basic,BNPL,560,209.0,9.0,1392.0,3,1,11,0.9,1,2026-09-14,0.5,3762.0
CUST100075,2026-06-15,32,Tier 2,Basic,Credit Card,576,278.0,11.8,1325.0,2,1,19,3.4,1,2026-08-18,2.1,5004.0
CUST100076,2026-02-03,39,Tier 3,Basic,Credit Card,637,265.0,10.3,1464.0,3,0,21,7.8,1,2026-02-10,0.2,4770.0
CUST100077,2026-06-22,32,Tier 1,Premium,Personal Loan,795,1962.0,8.2,1143.0,0,1,2,3.2,0,,3.2,0.0
CUST100078,2026-07-13,48,Tier 2,Standard,BNPL,692,398.0,7.4,2096.0,1,0,1,2.5,1,2026-07-26,0.4,7164.0
CUST100079,2026-02-14,21,Tier 1,Premium,Personal Loan,711,1803.0,9.3,2872.0,0,0,15,7.5,0,,7.5,0.0
CUST100080,2026-08-02,27,Tier 1,Basic,BNPL,534,222.0,13.3,1037.0,1,2,54,1.8,1,2026-08-07,0.2,3996.0
CUST100081,2025-05-31,30,Tier 2,Basic,Personal Loan,627,403.0,9.9,1594.0,3,1,32,16.1,1,2025-06-17,0.6,7254.0
CUST100082,2026-03-12,35,Tier 1,Standard,Credit Card,671,632.0,7.5,3121.0,0,0,3,6.6,0,,6.6,0.0
CUST100083,2026-01-14,42,Tier 1,Premium,BNPL,658,907.0,8.1,807.0,1,2,6,8.5,0,,8.5,0.0
CUST100084,2026-08-10,31,Tier 1,Standard,Personal Loan,735,856.0,8.4,2199.0,1,0,4,1.6,0,,1.6,0.0
CUST100085,2026-06-01,21,Tier 2,Standard,Personal Loan,731,635.0,5.8,2730.0,2,2,43,3.9,1,2026-09-14,3.5,11430.0
CUST100086,2026-04-21,38,Tier 2,Basic,Personal Loan,652,308.0,6.8,4078.0,3,1,42,5.3,1,2026-05-16,0.8,5544.0
CUST100087,2025-05-19,38,Tier 1,Basic,Credit Card,679,330.0,14.5,100.0,1,1,1,16.5,0,,16.5,0.0
CUST100088,2025-07-12,21,Tier 2,Basic,BNPL,536,113.0,10.5,1014.0,4,1,0,14.7,1,2026-06-12,11.2,2034.0
CUST100089,2026-07-13,31,Tier 1,Standard,Personal Loan,745,1120.0,3.0,2463.0,0,0,82,2.5,1,2026-08-23,1.4,20160.0
CUST100090,2025-12-13,21,Tier 2,Premium,BNPL,728,1168.0,6.4,1864.0,0,0,0,9.6,0,,9.6,0.0
CUST100091,2026-07-05,26,Tier 2,Basic,Credit Card,698,270.0,9.2,100.0,1,0,70,2.8,1,2026-09-24,2.7,4860.0
CUST100092,2023-09-27,24,Tier 2,Basic,Credit Card,721,278.0,14.2,1799.0,3,0,109,36.5,1,2025-10-29,25.4,5004.0
CUST100093,2024-03-29,38,Tier 3,Standard,Insurance,624,466.0,7.4,1384.0,0,0,7,30.4,0,,30.4,0.0
CUST100094,2026-01-21,32,Tier 3,Basic,Credit Card,644,237.0,9.2,716.0,3,0,27,8.3,1,2026-07-06,5.5,4266.0
CUST100095,2025-10-01,21,Tier 1,Standard,Credit Card,640,837.0,5.7,1858.0,2,0,21,12.0,0,,12.0,0.0
CUST100096,2025-05-30,39,Tier 3,Standard,Personal Loan,735,765.0,12.1,1007.0,1,1,15,16.1,0,,16.1,0.0
CUST100097,2025-09-09,21,Tier 1,Standard,Personal Loan,650,983.0,4.2,1421.0,1,1,5,12.7,0,,12.7,0.0
CUST100098,2025-09-30,34,Tier 3,Premium,Personal Loan,701,1434.0,8.1,3369.0,0,0,9,12.0,0,,12.0,0.0
CUST100099,2024-02-14,25,Tier 1,Premium,Personal Loan,819,1485.0,6.1,3878.0,0,0,3,31.8,0,,31.8,0.0
CUST100100,2025-12-28,29,Tier 1,Premium,Credit Card,832,1932.0,4.3,1388.0,0,0,2,9.1,0,,9.1,0.0
CUST100101,2025-11-27,36,Tier 1,Basic,Credit Card,557,249.0,1.1,2304.0,4,1,25,10.1,1,2026-06-12,6.6,4482.0
CUST100102,2025-03-08,36,Tier 1,Standard,Credit Card,603,580.0,7.4,2761.0,0,0,9,18.9,0,,18.9,0.0
CUST100103,2025-10-29,42,Tier 2,Standard,Personal Loan,706,1022.0,6.0,1439.0,2,1,1,11.1,0,,11.1,0.0
CUST100104,2025-08-26,31,Tier 3,Basic,Personal Loan,600,387.0,11.4,1327.0,2,1,105,13.2,1,2026-07-05,10.4,6966.0
CUST100105,2026-07-08,34,Tier 2,Standard,BNPL,652,510.0,4.3,2773.0,1,0,1,2.7,0,,2.7,0.0
CUST100106,2026-05-10,28,Tier 2,Standard,Insurance,769,511.0,3.3,1994.0,1,0,47,4.6,0,,4.6,0.0
CUST100107,2026-08-10,33,Tier 3,Basic,Personal Loan,617,311.0,8.8,2006.0,0,1,7,1.6,0,,1.6,0.0
CUST100108,2026-02-27,35,Tier 1,Standard,BNPL,694,431.0,14.6,1147.0,0,0,3,7.0,0,,7.0,0.0
CUST100109,2026-03-28,31,Tier 1,Premium,Credit Card,703,1594.0,8.4,1279.0,1,0,1,6.1,1,2026-06-09,2.4,28692.0
CUST100110,2023-09-27,21,Tier 1,Standard,Credit Card,688,584.0,6.6,2256.0,0,0,11,36.5,0,,36.5,0.0
CUST100111,2025-12-17,34,Tier 1,Standard,Credit Card,661,672.0,5.7,1808.0,1,0,18,9.4,1,2026-04-04,3.6,12096.0
CUST100112,2025-06-20,34,Tier 1,Basic,Personal Loan,636,338.0,7.2,2283.0,1,1,82,15.4,1,2025-07-13,0.8,6084.0
CUST100113,2026-05-28,26,Tier 1,Basic,Personal Loan,621,389.0,7.9,3047.0,2,0,54,4.0,0,,4.0,0.0
CUST100114,2025-04-10,21,Tier 1,Basic,Credit Card,636,288.0,4.1,2334.0,1,1,6,17.8,0,,17.8,0.0
CUST100115,2025-12-14,43,Tier 1,Basic,Credit Card,614,175.0,7.7,1615.0,3,3,6,9.5,1,2026-07-30,7.6,3150.0
CUST100116,2025-10-03,35,Tier 3,Basic,Insurance,635,214.0,10.2,3015.0,2,2,0,11.9,1,2026-04-12,6.4,3852.0
CUST100117,2026-06-14,30,Tier 1,Standard,Credit Card,759,529.0,7.4,2170.0,1,0,23,3.5,0,,3.5,0.0
CUST100118,2026-01-31,22,Tier 2,Basic,Personal Loan,592,353.0,6.2,3380.0,3,1,1,7.9,0,,7.9,0.0
CUST100119,2025-11-29,25,Tier 2,Standard,BNPL,697,510.0,9.9,1560.0,1,0,3,10.0,0,,10.0,0.0
CUST100120,2026-01-03,42,Tier 2,Basic,Personal Loan,599,330.0,11.6,2096.0,0,0,35,8.9,0,,8.9,0.0
CUST100121,2024-09-16,33,Tier 1,Basic,Credit Card,585,237.0,9.8,1893.0,1,4,6,24.7,0,,24.7,0.0
CUST100122,2024-11-10,27,Tier 1,Standard,BNPL,659,399.0,7.6,2294.0,1,2,3,22.8,0,,22.8,0.0
CUST100123,2023-10-31,36,Tier 1,Premium,Insurance,811,1318.0,11.4,2408.0,0,1,3,35.4,0,,35.4,0.0
CUST100124,2025-10-31,25,Tier 1,Standard,BNPL,640,307.0,9.3,2193.0,1,1,10,11.0,0,,11.0,0.0
CUST100125,2023-10-21,44,Tier 1,Standard,BNPL,676,232.0,4.4,2925.0,1,0,0,35.7,1,2025-07-30,21.6,4176.0
CUST100126,2025-04-09,42,Tier 2,Basic,BNPL,735,50.0,5.9,2568.0,0,0,48,17.8,0,,17.8,0.0
CUST100127,2026-06-24,28,Tier 2,Basic,Insurance,707,288.0,10.5,4400.0,1,0,52,3.1,1,2026-08-31,2.3,5184.0
CUST100128,2026-04-12,26,Tier 2,Premium,Personal Loan,798,1959.0,6.4,4544.0,2,0,5,5.6,0,,5.6,0.0
CUST100129,2026-07-07,21,Tier 2,Standard,Personal Loan,631,892.0,4.4,1567.0,0,0,32,2.7,0,,2.7,0.0
CUST100130,2026-09-21,21,Tier 1,Standard,Personal Loan,731,1009.0,5.9,1725.0,0,0,7,0.2,0,,0.2,0.0
CUST100131,2026-07-26,21,Tier 3,Standard,Personal Loan,589,682.0,6.0,1043.0,1,2,85,2.1,1,2026-09-20,1.9,12276.0
CUST100132,2026-09-21,33,Tier 1,Premium,BNPL,697,354.0,6.1,3652.0,0,0,5,0.2,0,,0.2,0.0
CUST100133,2025-09-10,29,Tier 2,Standard,Credit Card,673,700.0,6.7,1804.0,0,0,22,12.7,0,,12.7,0.0
CUST100134,2026-04-13,21,Tier 3,Basic,Credit Card,653,265.0,10.9,2427.0,4,2,14,5.5,1,2026-06-19,2.2,4770.0
CUST100135,2026-06-06,29,Tier 2,Standard,Personal Loan,710,620.0,5.6,1113.0,1,1,12,3.7,0,,3.7,0.0
CUST100136,2025-07-23,36,Tier 1,Standard,BNPL,697,437.0,8.5,2309.0,3,1,21,14.3,0,,14.3,0.0
CUST100137,2025-04-08,36,Tier 2,Basic,Credit Card,699,230.0,15.0,610.0,2,1,15,17.9,0,,17.9,0.0
CUST100138,2023-09-27,21,Tier 1,Standard,BNPL,644,285.0,5.8,3275.0,2,2,21,36.5,0,,36.5,0.0
CUST100139,2025-11-22,30,Tier 1,Basic,Credit Card,667,233.0,6.5,3850.0,2,2,6,10.3,0,,10.3,0.0
CUST100140,2026-03-25,21,Tier 1,Basic,Credit Card,630,128.0,7.8,2829.0,1,0,23,6.2,0,,6.2,0.0
CUST100141,2026-06-09,39,Tier 1,Standard,Personal Loan,713,768.0,10.0,1346.0,2,0,6,3.6,1,2026-08-18,2.3,13824.0
CUST100142,2026-07-13,38,Tier 2,Standard,Personal Loan,635,753.0,4.7,2699.0,0,1,51,2.5,0,,2.5,0.0
CUST100143,2026-07-17,24,Tier 3,Standard,BNPL,678,462.0,10.5,2378.0,2,0,35,2.4,0,,2.4,0.0
CUST100144,2026-04-22,25,Tier 1,Standard,Insurance,712,564.0,4.4,3451.0,0,0,13,5.2,0,,5.2,0.0
CUST100145,2023-09-27,28,Tier 3,Premium,Credit Card,744,1579.0,14.5,2962.0,1,0,6,36.5,0,,36.5,0.0
CUST100146,2026-09-21,21,Tier 3,Basic,Personal Loan,529,198.0,13.7,1233.0,1,2,63,0.2,1,2026-09-26,0.2,3564.0
CUST100147,2026-07-23,34,Tier 3,Standard,Credit Card,703,541.0,8.1,3246.0,0,0,23,2.2,0,,2.2,0.0
CUST100148,2026-07-26,29,Tier 3,Premium,BNPL,736,996.0,4.1,2127.0,0,0,11,2.1,0,,2.1,0.0
CUST100149,2025-09-13,39,Tier 1,Standard,BNPL,646,350.0,6.4,3384.0,1,2,16,12.6,0,,12.6,0.0
CUST100150,2026-05-19,23,Tier 1,Basic,Personal Loan,604,367.0,6.7,791.0,1,1,69,4.3,0,,4.3,0.0
CUST100151,2026-03-27,27,Tier 2,Standard,Personal Loan,739,610.0,5.4,2674.0,3,0,4,6.1,0,,6.1,0.0
CUST100152,2026-08-09,21,Tier 2,Premium,BNPL,789,1045.0,10.5,1935.0,0,0,20,1.6,0,,1.6,0.0
CUST100153,2026-04-24,23,Tier 3,Standard,Credit Card,684,567.0,3.8,2286.0,0,0,15,5.2,0,,5.2,0.0
CUST100154,2026-08-25,22,Tier 3,Basic,Personal Loan,599,288.0,7.8,1589.0,2,0,34,1.1,0,,1.1,0.0
CUST100155,2026-02-10,39,Tier 2,Standard,Personal Loan,717,974.0,5.2,2651.0,0,0,66,7.6,1,2026-04-14,2.1,17532.0
CUST100156,2026-08-27,26,Tier 1,Basic,Credit Card,552,308.0,4.1,1357.0,0,1,19,1.0,0,,1.0,0.0
CUST100157,2025-06-15,32,Tier 1,Basic,BNPL,530,202.0,6.8,791.0,3,1,39,15.6,1,2026-05-09,10.9,3636.0
CUST100158,2026-01-19,28,Tier 1,Standard,Insurance,756,850.0,15.2,1525.0,1,1,15,8.3,0,,8.3,0.0
CUST100159,2025-09-05,21,Tier 2,Basic,Credit Card,649,313.0,6.3,1534.0,1,0,94,12.9,1,2026-04-04,7.0,5634.0
CUST100160,2026-04-17,30,Tier 2,Standard,Credit Card,735,547.0,9.7,1917.0,1,1,13,5.4,0,,5.4,0.0
CUST100161,2026-05-05,36,Tier 3,Basic,Personal Loan,639,332.0,7.9,2841.0,1,0,10,4.8,1,2026-07-02,1.9,5976.0
CUST100162,2026-08-26,22,Tier 2,Basic,Credit Card,549,232.0,4.2,1360.0,3,1,23,1.0,1,2026-09-04,0.3,4176.0
CUST100163,2026-02-16,38,Tier 3,Standard,Credit Card,736,914.0,9.7,2911.0,0,0,50,7.4,1,2026-09-02,6.6,16452.0
CUST100164,2026-02-22,25,Tier 2,Premium,Credit Card,710,1709.0,7.4,2722.0,0,0,7,7.2,0,,7.2,0.0
CUST100165,2026-03-21,28,Tier 3,Basic,Credit Card,575,241.0,1.5,3107.0,3,1,6,6.3,0,,6.3,0.0
CUST100166,2025-08-18,36,Tier 1,Standard,Personal Loan,689,959.0,8.4,1869.0,1,1,16,13.5,0,,13.5,0.0
CUST100167,2025-04-08,26,Tier 3,Standard,Personal Loan,719,685.0,9.6,3603.0,0,0,10,17.9,0,,17.9,0.0
CUST100168,2025-08-06,32,Tier 2,Premium,Credit Card,756,1470.0,9.1,1932.0,1,0,10,13.9,0,,13.9,0.0
CUST100169,2026-08-11,29,Tier 1,Standard,Personal Loan,690,723.0,11.6,3007.0,0,0,6,1.5,0,,1.5,0.0
CUST100170,2025-12-09,33,Tier 1,Basic,Personal Loan,689,241.0,5.8,3706.0,2,0,14,9.7,0,,9.7,0.0
CUST100171,2026-09-01,21,Tier 3,Premium,Insurance,732,1480.0,6.0,3285.0,2,0,7,0.8,0,,0.8,0.0
CUST100172,2025-10-06,21,Tier 1,Standard,Credit Card,619,768.0,8.8,2096.0,1,0,3,11.8,0,,11.8,0.0
CUST100173,2026-05-05,36,Tier 2,Standard,Credit Card,695,709.0,12.3,1202.0,0,0,5,4.8,1,2026-08-10,3.2,12762.0
CUST100174,2026-08-15,40,Tier 1,Basic,BNPL,567,141.0,9.7,1338.0,0,0,57,1.4,1,2026-09-02,0.6,2538.0
CUST100175,2025-02-09,24,Tier 2,Standard,Insurance,692,420.0,8.7,1309.0,3,0,56,19.8,1,2026-01-21,11.5,7560.0
CUST100176,2025-12-15,30,Tier 3,Basic,Credit Card,630,192.0,13.5,1582.0,4,0,122,9.5,1,2026-06-28,6.5,3456.0
CUST100177,2026-05-18,34,Tier 1,Standard,BNPL,709,264.0,4.4,2169.0,1,0,55,4.4,1,2026-06-14,0.9,4752.0
CUST100178,2026-09-17,37,Tier 2,Basic,Credit Card,608,238.0,7.2,2779.0,0,0,100,0.3,1,2026-09-24,0.2,4284.0
CUST100179,2026-02-07,21,Tier 3,Premium,Credit Card,778,1701.0,8.5,2902.0,1,0,17,7.7,0,,7.7,0.0
CUST100180,2024-08-17,24,Tier 3,Standard,Credit Card,673,788.0,6.9,3065.0,2,0,27,25.7,1,2024-09-14,0.9,14184.0
CUST100181,2025-12-28,29,Tier 3,Premium,BNPL,751,378.0,7.0,3011.0,1,0,3,9.1,1,2026-01-21,0.8,6804.0
CUST100182,2023-10-24,37,Tier 2,Basic,BNPL,650,115.0,9.7,2089.0,3,1,20,35.6,0,,35.6,0.0
CUST100183,2026-08-13,51,Tier 1,Basic,Credit Card,568,214.0,11.7,2786.0,2,2,18,1.5,1,2026-09-16,1.1,3852.0
CUST100184,2026-01-17,30,Tier 2,Standard,Personal Loan,641,516.0,9.7,1961.0,0,0,26,8.4,0,,8.4,0.0
CUST100185,2025-06-03,21,Tier 2,Basic,Credit Card,625,278.0,12.5,2474.0,2,3,23,16.0,1,2026-05-12,11.4,5004.0
CUST100186,2026-02-15,35,Tier 1,Basic,Personal Loan,630,313.0,9.4,1995.0,1,0,16,7.4,0,,7.4,0.0
CUST100187,2026-08-29,42,Tier 1,Standard,Credit Card,712,635.0,12.8,2180.0,1,0,34,0.9,1,2026-09-05,0.2,11430.0
CUST100188,2026-01-07,32,Tier 1,Standard,BNPL,614,565.0,5.8,1890.0,2,1,28,8.7,0,,8.7,0.0
CUST100189,2025-12-17,24,Tier 2,Standard,BNPL,752,401.0,5.3,598.0,1,0,9,9.4,1,2026-03-29,3.4,7218.0
CUST100190,2025-08-31,39,Tier 3,Premium,BNPL,738,719.0,7.8,1957.0,1,0,5,13.0,0,,13.0,0.0
CUST100191,2025-07-24,37,Tier 1,Basic,BNPL,633,179.0,4.3,2743.0,3,0,78,14.3,1,2026-04-22,9.1,3222.0
CUST100192,2025-07-12,23,Tier 2,Basic,Credit Card,624,303.0,7.7,3055.0,6,1,46,14.7,0,,14.7,0.0
CUST100193,2025-11-04,35,Tier 3,Basic,BNPL,640,165.0,9.3,2641.0,3,1,41,10.9,1,2026-08-25,9.8,2970.0
CUST100194,2026-07-16,39,Tier 1,Standard,Credit Card,668,740.0,10.2,1339.0,1,0,25,2.4,1,2026-07-25,0.3,13320.0
CUST100195,2026-04-24,41,Tier 2,Standard,Personal Loan,692,826.0,5.1,1748.0,1,0,2,5.2,0,,5.2,0.0
CUST100196,2025-07-04,31,Tier 3,Basic,Personal Loan,751,321.0,7.6,756.0,1,0,29,15.0,0,,15.0,0.0
CUST100197,2024-03-20,29,Tier 3,Basic,Personal Loan,773,331.0,9.1,2811.0,4,0,12,30.7,0,,30.7,0.0
CUST100198,2026-09-02,41,Tier 1,Basic,Credit Card,581,212.0,10.7,1397.0,4,0,3,0.8,0,,0.8,0.0
CUST100199,2026-02-08,22,Tier 1,Basic,Credit Card,480,222.0,7.6,2535.0,0,3,46,7.7,1,2026-06-15,4.2,3996.0
CUST100200,2026-06-06,35,Tier 1,Basic,BNPL,655,219.0,14.5,2604.0,0,0,13,3.7,0,,3.7,0.0
CUST100201,2026-07-12,21,Tier 2,Premium,Personal Loan,751,2382.0,0.0,1400.0,0,0,4,2.5,0,,2.5,0.0
CUST100202,2026-02-27,40,Tier 2,Standard,Personal Loan,707,1052.0,4.5,2444.0,1,0,20,7.0,0,,7.0,0.0
CUST100203,2025-12-21,29,Tier 2,Basic,Insurance,631,159.0,16.4,3830.0,1,0,38,9.3,0,,9.3,0.0
CUST100204,2026-09-21,42,Tier 1,Basic,Personal Loan,683,254.0,6.2,1885.0,3,0,22,0.2,0,,0.2,0.0
CUST100205,2025-06-29,35,Tier 1,Premium,Credit Card,841,1067.0,5.3,3176.0,0,0,8,15.1,0,,15.1,0.0
CUST100206,2025-04-30,22,Tier 2,Premium,Credit Card,743,1438.0,20.7,2440.0,0,0,19,17.1,0,,17.1,0.0
CUST100207,2023-12-21,43,Tier 2,Basic,Credit Card,637,110.0,4.6,2475.0,1,0,4,33.7,0,,33.7,0.0
CUST100208,2026-07-29,44,Tier 2,Premium,Personal Loan,718,1655.0,5.5,2118.0,0,1,1,2.0,0,,2.0,0.0
CUST100209,2025-12-30,39,Tier 2,Standard,Personal Loan,709,1028.0,8.7,3039.0,2,0,21,9.0,0,,9.0,0.0
CUST100210,2026-04-13,25,Tier 1,Standard,Personal Loan,609,973.0,9.9,2059.0,0,0,19,5.5,0,,5.5,0.0
CUST100211,2026-05-27,29,Tier 1,Basic,Credit Card,623,225.0,6.1,2740.0,2,1,7,4.1,0,,4.1,0.0
CUST100212,2026-01-19,33,Tier 1,Basic,Credit Card,687,228.0,16.4,3041.0,1,0,26,8.3,0,,8.3,0.0
CUST100213,2025-06-26,26,Tier 1,Standard,Personal Loan,721,919.0,7.2,3114.0,0,0,27,15.2,0,,15.2,0.0
CUST100214,2026-09-20,45,Tier 1,Basic,Credit Card,696,297.0,8.9,2708.0,2,0,46,0.2,1,2026-09-25,0.2,5346.0
CUST100215,2023-11-15,33,Tier 1,Standard,BNPL,695,321.0,9.0,2884.0,2,1,18,34.9,0,,34.9,0.0
CUST100216,2025-05-16,21,Tier 1,Standard,Personal Loan,648,815.0,3.9,2227.0,3,0,3,16.6,0,,16.6,0.0
CUST100217,2025-08-05,34,Tier 1,Basic,Credit Card,536,222.0,9.2,1818.0,1,1,13,13.9,1,2025-08-16,0.4,3996.0
CUST100218,2025-07-25,29,Tier 2,Basic,BNPL,571,83.0,8.5,2497.0,1,3,18,14.3,1,2025-10-16,2.8,1494.0
CUST100219,2026-05-02,31,Tier 1,Basic,Personal Loan,613,314.0,1.5,2505.0,0,1,54,4.9,1,2026-07-03,2.1,5652.0
CUST100220,2025-08-05,29,Tier 2,Basic,Credit Card,625,235.0,9.0,2501.0,4,0,27,13.9,1,2025-10-01,1.9,4230.0
CUST100221,2026-05-03,38,Tier 2,Standard,Credit Card,642,486.0,4.2,3203.0,0,0,26,4.9,0,,4.9,0.0
CUST100222,2024-11-09,40,Tier 2,Premium,BNPL,783,1021.0,8.3,2231.0,0,0,26,22.9,0,,22.9,0.0
CUST100223,2026-07-30,34,Tier 3,Standard,BNPL,663,453.0,9.7,982.0,0,0,20,1.9,0,,1.9,0.0
CUST100224,2026-06-15,29,Tier 1,Standard,Credit Card,615,740.0,3.9,368.0,1,1,5,3.4,0,,3.4,0.0
CUST100225,2026-01-29,31,Tier 2,Standard,BNPL,766,290.0,8.4,2369.0,0,0,3,8.0,0,,8.0,0.0
CUST100226,2026-06-03,32,Tier 3,Basic,Credit Card,606,151.0,2.0,3125.0,0,1,0,3.8,0,,3.8,0.0
CUST100227,2026-04-14,25,Tier 3,Standard,Credit Card,754,711.0,13.1,2011.0,3,0,4,5.5,0,,5.5,0.0
CUST100228,2026-03-07,36,Tier 1,Basic,Credit Card,646,217.0,6.9,3891.0,2,0,11,6.8,0,,6.8,0.0
CUST100229,2025-02-21,35,Tier 1,Basic,Personal Loan,679,280.0,6.1,2348.0,2,2,11,19.4,1,2025-09-30,7.4,5040.0
CUST100230,2026-02-16,44,Tier 1,Basic,BNPL,723,87.0,7.5,4364.0,0,0,38,7.4,0,,7.4,0.0
CUST100231,2026-05-14,42,Tier 2,Standard,Credit Card,702,614.0,6.3,2123.0,0,0,3,4.5,0,,4.5,0.0
CUST100232,2026-07-03,26,Tier 2,Standard,Credit Card,668,855.0,6.2,3624.0,1,2,11,2.8,0,,2.8,0.0
CUST100233,2026-04-22,38,Tier 1,Standard,Insurance,670,519.0,14.0,1833.0,1,0,0,5.2,0,,5.2,0.0
CUST100234,2026-02-21,24,Tier 2,Standard,Personal Loan,717,703.0,3.9,3166.0,1,1,6,7.2,0,,7.2,0.0
CUST100235,2025-08-11,37,Tier 2,Basic,Credit Card,654,283.0,9.7,2739.0,3,1,1,13.7,0,,13.7,0.0
CUST100236,2026-08-19,27,Tier 2,Standard,Personal Loan,767,867.0,8.4,2523.0,1,0,25,1.3,0,,1.3,0.0
CUST100237,2026-07-13,23,Tier 3,Premium,BNPL,754,247.0,6.1,2519.0,0,0,4,2.5,0,,2.5,0.0
CUST100238,2026-05-06,34,Tier 3,Basic,BNPL,568,183.0,11.8,3486.0,0,0,23,4.8,0,,4.8,0.0
CUST100239,2026-05-15,21,Tier 1,Standard,Credit Card,651,927.0,7.7,2057.0,1,1,29,4.5,0,,4.5,0.0
CUST100240,2026-04-30,21,Tier 2,Basic,BNPL,611,50.0,9.3,2314.0,3,2,70,5.0,1,2026-07-25,2.9,900.0
CUST100241,2025-06-10,30,Tier 1,Basic,Credit Card,615,188.0,4.6,4674.0,1,0,25,15.8,0,,15.8,0.0
CUST100242,2026-06-01,32,Tier 2,Basic,BNPL,650,50.0,7.7,2705.0,5,1,37,3.9,1,2026-09-01,3.1,900.0
CUST100243,2026-03-01,29,Tier 3,Standard,Credit Card,624,640.0,5.1,3327.0,0,2,27,7.0,0,,7.0,0.0
CUST100244,2025-12-07,21,Tier 3,Premium,Credit Card,703,1677.0,8.2,1996.0,1,1,3,9.8,1,2026-03-09,3.1,30186.0
CUST100245,2026-07-09,25,Tier 2,Basic,Insurance,643,230.0,6.3,1735.0,1,3,43,2.6,1,2026-07-23,0.5,4140.0
CUST100246,2025-09-11,35,Tier 1,Standard,Personal Loan,757,1026.0,11.0,2910.0,3,0,21,12.7,1,2026-06-02,8.8,18468.0
CUST100247,2026-02-01,36,Tier 1,Basic,Personal Loan,743,367.0,7.1,2415.0,1,0,20,7.9,1,2026-04-08,2.2,6606.0
CUST100248,2026-04-02,31,Tier 2,Basic,Credit Card,592,335.0,5.9,2037.0,1,1,15,5.9,1,2026-05-30,1.9,6030.0
CUST100249,2025-05-17,41,Tier 1,Basic,Insurance,643,283.0,7.1,698.0,1,1,127,16.6,1,2025-12-25,7.4,5094.0
CUST100250,2026-07-05,35,Tier 2,Standard,Credit Card,590,598.0,6.6,606.0,1,0,86,2.8,1,2026-09-16,2.4,10764.0
CUST100251,2024-12-21,26,Tier 1,Standard,Personal Loan,629,854.0,7.2,469.0,0,1,24,21.5,0,,21.5,0.0
CUST100252,2026-01-22,29,Tier 1,Basic,Credit Card,761,207.0,5.1,2522.0,2,0,17,8.2,0,,8.2,0.0
CUST100253,2025-12-19,21,Tier 1,Standard,Credit Card,667,620.0,11.1,1248.0,1,1,28,9.4,1,2026-03-27,3.3,11160.0
CUST100254,2025-01-11,31,Tier 3,Standard,Personal Loan,601,853.0,8.0,646.0,0,1,23,20.8,0,,20.8,0.0
CUST100255,2025-05-04,40,Tier 2,Standard,BNPL,735,379.0,8.3,1419.0,1,0,16,17.0,1,2025-07-14,2.4,6822.0
CUST100256,2025-12-24,37,Tier 1,Basic,Insurance,584,292.0,7.3,488.0,2,0,5,9.2,0,,9.2,0.0
CUST100257,2025-08-03,43,Tier 1,Basic,Credit Card,628,233.0,18.2,1654.0,3,0,103,14.0,1,2026-08-18,12.7,4194.0
CUST100258,2026-04-09,29,Tier 2,Standard,Credit Card,722,529.0,10.3,1609.0,0,0,5,5.7,0,,5.7,0.0
CUST100259,2026-02-01,42,Tier 1,Premium,Credit Card,849,1157.0,6.4,2657.0,0,0,5,7.9,0,,7.9,0.0
CUST100260,2026-09-07,30,Tier 2,Basic,Personal Loan,563,358.0,9.0,2347.0,5,1,15,0.6,1,2026-09-18,0.4,6444.0
CUST100261,2026-08-29,43,Tier 3,Basic,BNPL,624,80.0,7.6,1767.0,0,2,6,0.9,1,2026-09-10,0.4,1440.0
CUST100262,2025-04-14,31,Tier 2,Premium,Credit Card,745,1344.0,7.7,2794.0,0,0,0,17.7,0,,17.7,0.0
CUST100263,2026-09-08,37,Tier 2,Standard,Credit Card,651,823.0,7.1,1083.0,1,1,53,0.6,0,,0.6,0.0
CUST100264,2026-08-02,43,Tier 2,Basic,BNPL,573,165.0,3.3,1771.0,4,2,47,1.8,1,2026-09-26,1.8,2970.0
CUST100265,2025-06-07,30,Tier 3,Basic,Credit Card,682,246.0,10.1,1491.0,2,0,1,15.9,0,,15.9,0.0
CUST100266,2026-09-21,33,Tier 3,Basic,Credit Card,628,248.0,6.1,2148.0,1,0,41,0.2,0,,0.2,0.0
CUST100267,2026-06-19,42,Tier 2,Basic,Personal Loan,563,274.0,11.7,337.0,1,0,5,3.3,0,,3.3,0.0
CUST100268,2026-01-06,30,Tier 1,Standard,BNPL,743,279.0,10.0,4255.0,1,0,26,8.8,1,2026-02-17,1.4,5022.0
CUST100269,2025-12-29,21,Tier 2,Standard,Insurance,752,560.0,7.0,2518.0,0,0,14,9.0,0,,9.0,0.0
CUST100270,2025-07-03,49,Tier 1,Basic,Credit Card,670,264.0,7.5,2548.0,3,0,133,15.0,1,2026-07-24,12.9,4752.0
CUST100271,2026-02-27,28,Tier 2,Basic,Insurance,630,272.0,11.1,370.0,3,1,20,7.0,0,,7.0,0.0
CUST100272,2026-02-25,33,Tier 2,Basic,Personal Loan,677,330.0,7.6,2399.0,1,1,48,7.1,1,2026-06-12,3.6,5940.0
CUST100273,2025-09-04,41,Tier 1,Basic,Credit Card,551,318.0,5.3,1999.0,1,0,1,12.9,0,,12.9,0.0
CUST100274,2026-03-03,27,Tier 1,Standard,Credit Card,674,859.0,10.5,3206.0,1,1,55,6.9,1,2026-05-03,2.0,15462.0
CUST100275,2025-12-19,23,Tier 2,Standard,Credit Card,657,753.0,6.2,1940.0,1,1,17,9.4,0,,9.4,0.0
CUST100276,2024-11-11,34,Tier 3,Basic,Credit Card,642,311.0,9.5,1881.0,2,1,13,22.8,0,,22.8,0.0
CUST100277,2026-04-26,21,Tier 2,Basic,Credit Card,666,200.0,11.5,2150.0,1,0,5,5.1,1,2026-06-23,1.9,3600.0
CUST100278,2026-05-04,29,Tier 2,Basic,Personal Loan,594,268.0,3.5,3446.0,0,0,36,4.8,0,,4.8,0.0
CUST100279,2026-09-21,33,Tier 1,Basic,Credit Card,544,276.0,3.3,784.0,6,2,48,0.2,1,2026-09-26,0.2,4968.0
CUST100280,2025-12-15,29,Tier 2,Basic,Personal Loan,617,258.0,0.8,633.0,3,0,3,9.5,0,,9.5,0.0
CUST100281,2026-09-17,21,Tier 2,Standard,BNPL,792,352.0,9.5,178.0,2,0,4,0.3,0,,0.3,0.0
CUST100282,2026-02-28,44,Tier 2,Standard,Personal Loan,716,945.0,12.7,3173.0,0,1,10,7.0,0,,7.0,0.0
CUST100283,2025-05-25,32,Tier 1,Premium,Personal Loan,744,2216.0,12.6,3067.0,0,2,19,16.3,0,,16.3,0.0
CUST100284,2026-01-30,43,Tier 2,Standard,Credit Card,692,617.0,8.0,1113.0,1,0,81,8.0,1,2026-07-21,5.7,11106.0
CUST100285,2026-06-24,29,Tier 1,Premium,Credit Card,766,1218.0,8.6,919.0,1,0,14,3.1,0,,3.1,0.0
CUST100286,2025-06-21,24,Tier 1,Standard,BNPL,748,432.0,12.0,3063.0,0,0,0,15.4,0,,15.4,0.0
CUST100287,2026-06-24,34,Tier 3,Standard,Credit Card,695,510.0,4.2,899.0,1,0,47,3.1,0,,3.1,0.0
CUST100288,2025-08-26,30,Tier 1,Standard,Credit Card,654,627.0,9.9,1942.0,0,0,1,13.2,0,,13.2,0.0
CUST100289,2025-12-18,22,Tier 1,Standard,BNPL,684,389.0,8.7,1705.0,0,0,45,9.4,1,2026-07-28,7.4,7002.0
CUST100290,2026-08-02,43,Tier 2,Premium,Credit Card,829,1392.0,9.9,5127.0,0,0,5,1.8,0,,1.8,0.0
CUST100291,2024-10-20,27,Tier 3,Premium,Personal Loan,692,1845.0,4.4,2052.0,2,0,14,23.5,0,,23.5,0.0
CUST100292,2026-07-21,21,Tier 2,Basic,Credit Card,693,208.0,1.8,3347.0,1,1,3,2.2,0,,2.2,0.0
CUST100293,2023-09-27,42,Tier 2,Standard,Insurance,731,490.0,5.4,2614.0,0,0,4,36.5,0,,36.5,0.0
CUST100294,2026-09-21,27,Tier 3,Premium,Credit Card,771,1191.0,7.6,1774.0,0,0,6,0.2,0,,0.2,0.0
CUST100295,2026-06-27,27,Tier 1,Standard,Personal Loan,580,634.0,4.1,1679.0,1,2,1,3.0,0,,3.0,0.0
CUST100296,2026-07-22,21,Tier 1,Basic,Personal Loan,687,342.0,8.7,2270.0,1,2,17,2.2,0,,2.2,0.0
CUST100297,2026-09-21,45,Tier 1,Standard,Personal Loan,665,961.0,10.7,2279.0,3,1,28,0.2,1,2026-09-26,0.2,17298.0
CUST100298,2025-08-27,21,Tier 3,Basic,Credit Card,594,290.0,9.6,1745.0,0,1,37,13.2,1,2026-01-03,4.3,5220.0
CUST100299,2025-10-07,32,Tier 1,Premium,Credit Card,843,1327.0,5.8,2702.0,1,0,4,11.8,0,,11.8,0.0
CUST100300,2025-06-12,39,Tier 1,Premium,Personal Loan,765,1593.0,8.3,2233.0,1,0,0,15.7,0,,15.7,0.0
CUST100301,2026-06-30,35,Tier 2,Standard,Insurance,749,682.0,12.7,1571.0,1,0,6,2.9,0,,2.9,0.0
CUST100302,2026-04-03,31,Tier 2,Standard,BNPL,654,473.0,7.5,1875.0,0,0,30,5.9,1,2026-08-22,4.7,8514.0
CUST100303,2025-11-08,21,Tier 2,Basic,Credit Card,543,261.0,8.6,2658.0,2,2,15,10.7,1,2026-04-13,5.2,4698.0
CUST100304,2026-04-06,25,Tier 2,Basic,BNPL,594,237.0,1.3,1247.0,0,2,17,5.8,0,,5.8,0.0
CUST100305,2025-10-03,33,Tier 1,Basic,Personal Loan,591,324.0,8.7,1246.0,1,0,3,11.9,1,2026-07-02,9.1,5832.0
CUST100306,2025-11-29,25,Tier 2,Standard,Credit Card,757,617.0,9.9,1049.0,1,0,18,10.0,0,,10.0,0.0
CUST100307,2026-08-21,33,Tier 2,Standard,Credit Card,750,598.0,10.0,1875.0,0,0,19,1.2,1,2026-09-01,0.4,10764.0
CUST100308,2025-06-28,37,Tier 3,Basic,BNPL,646,72.0,6.5,1976.0,0,0,20,15.2,1,2026-04-25,10.0,1296.0
CUST100309,2025-09-09,39,Tier 1,Standard,BNPL,676,476.0,4.9,1200.0,1,1,29,12.7,0,,12.7,0.0
CUST100310,2025-11-11,22,Tier 3,Standard,Personal Loan,651,831.0,3.8,2199.0,0,0,42,10.6,0,,10.6,0.0
CUST100311,2026-08-07,49,Tier 2,Premium,Insurance,710,1403.0,7.5,2207.0,0,0,14,1.7,0,,1.7,0.0
CUST100312,2026-06-25,38,Tier 1,Premium,Personal Loan,735,2336.0,9.8,3036.0,0,0,8,3.1,0,,3.1,0.0
CUST100313,2026-04-30,31,Tier 2,Basic,BNPL,613,130.0,9.6,3007.0,0,0,96,5.0,1,2026-08-17,3.6,2340.0
CUST100314,2026-06-20,40,Tier 1,Basic,Insurance,574,108.0,5.8,400.0,3,1,17,3.3,1,2026-07-01,0.4,1944.0
CUST100315,2026-07-11,50,Tier 3,Basic,Personal Loan,686,349.0,15.8,2459.0,4,0,37,2.6,0,,2.6,0.0
CUST100316,2025-05-24,21,Tier 3,Standard,BNPL,665,412.0,8.0,427.0,2,1,17,16.3,0,,16.3,0.0
CUST100317,2025-11-25,30,Tier 1,Standard,Personal Loan,813,750.0,10.7,2712.0,0,1,37,10.2,1,2026-09-04,9.4,13500.0
CUST100318,2026-01-19,21,Tier 1,Standard,Credit Card,773,702.0,0.7,2694.0,0,0,14,8.3,0,,8.3,0.0
CUST100319,2026-07-12,33,Tier 1,Standard,Credit Card,686,752.0,3.0,1296.0,0,1,16,2.5,0,,2.5,0.0
CUST100320,2024-09-06,34,Tier 1,Standard,Credit Card,649,527.0,12.1,2503.0,0,0,12,25.0,0,,25.0,0.0
CUST100321,2026-07-25,31,Tier 1,Basic,Insurance,628,210.0,15.8,1269.0,1,1,5,2.1,0,,2.1,0.0
CUST100322,2025-06-08,26,Tier 1,Basic,BNPL,646,224.0,6.2,2080.0,1,1,76,15.8,1,2025-08-31,2.8,4032.0
CUST100323,2023-12-11,21,Tier 2,Standard,Credit Card,685,556.0,15.0,2271.0,2,1,40,34.0,1,2026-06-02,30.1,10008.0
CUST100324,2025-09-02,34,Tier 1,Basic,BNPL,516,153.0,4.2,1962.0,3,1,42,13.0,1,2026-09-11,12.5,2754.0
CUST100325,2023-09-27,43,Tier 3,Basic,Insurance,474,94.0,7.2,2868.0,0,3,15,36.5,0,,36.5,0.0
CUST100326,2025-11-15,27,Tier 3,Standard,Personal Loan,692,652.0,7.1,1494.0,0,0,9,10.5,0,,10.5,0.0
CUST100327,2026-07-15,35,Tier 2,Basic,Insurance,533,233.0,12.3,2651.0,1,0,1,2.4,0,,2.4,0.0
CUST100328,2026-07-20,21,Tier 3,Standard,Personal Loan,617,1005.0,7.1,1092.0,1,1,2,2.3,0,,2.3,0.0
CUST100329,2026-06-01,35,Tier 1,Standard,BNPL,684,213.0,7.4,302.0,3,1,14,3.9,1,2026-08-04,2.1,3834.0
CUST100330,2026-09-21,28,Tier 1,Standard,Personal Loan,746,855.0,11.3,657.0,3,0,1,0.2,1,2026-09-26,0.2,15390.0
CUST100331,2025-10-18,25,Tier 2,Basic,Personal Loan,591,306.0,13.2,1308.0,2,0,4,11.4,0,,11.4,0.0
CUST100332,2026-06-25,25,Tier 2,Premium,Credit Card,768,1667.0,7.5,2789.0,0,0,3,3.1,0,,3.1,0.0
CUST100333,2025-05-08,28,Tier 2,Premium,Credit Card,813,1059.0,7.6,2692.0,0,0,5,16.9,0,,16.9,0.0
CUST100334,2026-05-16,35,Tier 3,Premium,Credit Card,746,1520.0,5.7,2001.0,2,0,7,4.4,0,,4.4,0.0
CUST100335,2026-03-14,21,Tier 3,Premium,Personal Loan,793,1637.0,4.1,317.0,2,1,4,6.5,0,,6.5,0.0
CUST100336,2023-12-20,28,Tier 2,Basic,Credit Card,654,261.0,9.0,3840.0,0,1,99,33.7,1,2025-07-24,19.4,4698.0
CUST100337,2026-07-05,31,Tier 3,Basic,Insurance,479,228.0,8.1,828.0,2,1,105,2.8,1,2026-09-01,1.9,4104.0
CUST100338,2025-09-08,23,Tier 1,Standard,Credit Card,590,617.0,9.5,2521.0,1,1,1,12.8,0,,12.8,0.0
CUST100339,2025-07-31,46,Tier 1,Premium,Personal Loan,702,1954.0,6.8,1832.0,0,1,42,14.1,0,,14.1,0.0
CUST100340,2026-07-14,25,Tier 2,Standard,Credit Card,721,656.0,11.9,2562.0,1,1,4,2.5,0,,2.5,0.0
CUST100341,2026-03-02,26,Tier 2,Standard,Personal Loan,748,828.0,8.5,3389.0,0,0,8,6.9,0,,6.9,0.0
CUST100342,2026-05-20,24,Tier 2,Standard,BNPL,651,344.0,7.5,2369.0,0,0,36,4.3,0,,4.3,0.0
CUST100343,2025-07-10,46,Tier 1,Standard,BNPL,764,400.0,5.7,2839.0,1,0,23,14.8,1,2026-05-11,10.2,7200.0
CUST100344,2025-12-08,36,Tier 2,Standard,Credit Card,645,679.0,7.0,4967.0,5,1,1,9.7,0,,9.7,0.0
CUST100345,2026-03-17,24,Tier 1,Basic,Credit Card,715,201.0,7.9,3114.0,2,0,52,6.4,1,2026-05-16,2.0,3618.0
CUST100346,2025-06-30,40,Tier 2,Basic,BNPL,630,133.0,5.7,733.0,2,1,38,15.1,1,2026-07-23,12.9,2394.0
CUST100347,2026-07-08,33,Tier 1,Premium,Credit Card,702,1105.0,6.9,100.0,1,0,30,2.7,0,,2.7,0.0
CUST100348,2025-08-02,34,Tier 1,Standard,BNPL,702,385.0,5.5,2680.0,0,1,48,14.0,0,,14.0,0.0
CUST100349,2025-02-02,29,Tier 1,Basic,Credit Card,701,220.0,4.6,1782.0,1,2,129,20.0,1,2026-02-21,12.8,3960.0
CUST100350,2025-01-02,26,Tier 1,Standard,BNPL,664,490.0,5.9,2918.0,1,0,12,21.1,0,,21.1,0.0
CUST100351,2025-06-24,34,Tier 3,Basic,Credit Card,566,284.0,4.8,100.0,2,3,43,15.3,0,,15.3,0.0
CUST100352,2026-04-22,27,Tier 1,Basic,Credit Card,650,204.0,7.0,3249.0,2,1,114,5.2,1,2026-09-20,5.0,3672.0
CUST100353,2023-09-27,46,Tier 1,Standard,Insurance,664,585.0,11.3,2108.0,1,2,0,36.5,1,2023-11-29,2.1,10530.0
CUST100354,2026-05-06,21,Tier 2,Premium,Credit Card,740,1579.0,6.7,4081.0,1,1,16,4.8,0,,4.8,0.0
CUST100355,2025-11-25,44,Tier 2,Basic,Credit Card,625,241.0,3.3,2197.0,3,0,2,10.2,1,2026-09-08,9.6,4338.0
CUST100356,2026-08-05,31,Tier 1,Premium,Personal Loan,817,1616.0,2.3,2682.0,0,0,68,1.7,0,,1.7,0.0
CUST100357,2023-09-27,34,Tier 1,Standard,Credit Card,649,508.0,11.5,1860.0,1,0,0,36.5,1,2024-12-13,14.8,9144.0
CUST100358,2025-09-26,38,Tier 3,Basic,Credit Card,669,293.0,7.2,1790.0,2,0,28,12.2,0,,12.2,0.0
CUST100359,2025-08-03,26,Tier 2,Standard,Personal Loan,714,962.0,5.5,2464.0,1,0,15,14.0,1,2026-02-06,6.2,17316.0
CUST100360,2026-09-06,38,Tier 1,Standard,Personal Loan,722,818.0,6.0,1922.0,3,0,7,0.7,1,2026-09-16,0.3,14724.0
CUST100361,2025-07-21,21,Tier 2,Basic,Credit Card,605,288.0,3.3,1668.0,1,0,46,14.4,0,,14.4,0.0
CUST100362,2025-07-06,26,Tier 1,Standard,BNPL,676,50.0,6.2,2533.0,1,0,6,14.9,0,,14.9,0.0
CUST100363,2025-10-27,24,Tier 1,Standard,Credit Card,612,823.0,3.2,1682.0,0,0,7,11.1,0,,11.1,0.0
CUST100364,2026-06-15,21,Tier 2,Basic,Personal Loan,648,317.0,6.1,2562.0,4,0,7,3.4,1,2026-08-16,2.1,5706.0
CUST100365,2026-03-09,30,Tier 3,Standard,BNPL,700,408.0,6.1,786.0,0,0,25,6.7,0,,6.7,0.0
CUST100366,2026-08-22,35,Tier 1,Basic,Personal Loan,686,309.0,7.3,2208.0,1,1,7,1.2,1,2026-09-14,0.8,5562.0
CUST100367,2026-03-19,37,Tier 3,Basic,Credit Card,580,320.0,6.4,2029.0,2,3,80,6.4,1,2026-08-27,5.4,5760.0
CUST100368,2026-07-05,33,Tier 1,Standard,Personal Loan,701,707.0,5.2,181.0,3,0,7,2.8,0,,2.8,0.0
CUST100369,2026-05-21,26,Tier 1,Premium,Personal Loan,762,2233.0,11.1,1095.0,0,0,7,4.3,0,,4.3,0.0
CUST100370,2026-08-04,34,Tier 1,Premium,Personal Loan,771,1931.0,3.0,100.0,0,0,6,1.8,0,,1.8,0.0
CUST100371,2026-07-10,32,Tier 1,Premium,Credit Card,771,1574.0,6.5,2292.0,1,0,12,2.6,0,,2.6,0.0
CUST100372,2026-09-03,39,Tier 3,Premium,Personal Loan,804,1728.0,6.1,1483.0,0,0,3,0.8,0,,0.8,0.0
CUST100373,2024-08-30,38,Tier 2,Basic,Credit Card,634,185.0,1.1,1909.0,0,3,64,25.2,1,2025-10-30,14.2,3330.0
CUST100374,2026-02-12,32,Tier 1,Premium,Credit Card,735,1661.0,8.9,3398.0,0,0,13,7.5,0,,7.5,0.0
CUST100375,2026-04-28,24,Tier 3,Standard,Credit Card,669,690.0,13.4,2199.0,0,0,8,5.0,0,,5.0,0.0
CUST100376,2026-02-09,26,Tier 3,Basic,Credit Card,506,318.0,6.8,2463.0,1,2,4,7.6,0,,7.6,0.0
CUST100377,2025-12-04,27,Tier 3,Premium,BNPL,787,786.0,5.9,1765.0,0,0,7,9.9,0,,9.9,0.0
CUST100378,2024-08-23,29,Tier 3,Basic,Personal Loan,662,304.0,11.6,1539.0,0,0,138,25.5,1,2026-07-31,23.6,5472.0
CUST100379,2026-07-29,34,Tier 1,Standard,Credit Card,773,830.0,13.2,907.0,0,1,0,2.0,0,,2.0,0.0
CUST100380,2026-06-13,37,Tier 3,Premium,Personal Loan,726,2355.0,12.1,2849.0,1,0,19,3.5,0,,3.5,0.0
CUST100381,2023-09-27,31,Tier 2,Basic,Personal Loan,737,325.0,7.7,3590.0,3,0,42,36.5,0,,36.5,0.0
CUST100382,2026-05-10,32,Tier 3,Basic,Credit Card,545,212.0,7.7,3254.0,2,2,7,4.6,1,2026-08-21,3.4,3816.0
CUST100383,2026-09-20,33,Tier 3,Basic,Credit Card,614,291.0,6.2,1131.0,3,2,23,0.2,1,2026-09-26,0.2,5238.0
CUST100384,2026-08-10,27,Tier 1,Basic,BNPL,672,137.0,10.1,3331.0,4,0,35,1.6,1,2026-09-05,0.9,2466.0
CUST100385,2026-09-18,24,Tier 3,Basic,Credit Card,621,280.0,16.8,2055.0,5,0,42,0.3,1,2026-09-25,0.2,5040.0
CUST100386,2023-09-27,21,Tier 1,Standard,Insurance,601,551.0,9.9,3524.0,1,2,51,36.5,1,2024-06-13,8.7,9918.0
CUST100387,2026-06-20,26,Tier 1,Standard,Personal Loan,569,1048.0,4.4,2547.0,1,0,41,3.3,0,,3.3,0.0
CUST100388,2024-08-16,35,Tier 1,Basic,Personal Loan,629,290.0,13.5,2482.0,0,1,14,25.7,0,,25.7,0.0
CUST100389,2023-09-27,26,Tier 3,Basic,Personal Loan,596,349.0,5.3,2507.0,2,0,4,36.5,0,,36.5,0.0
CUST100390,2025-12-26,30,Tier 1,Basic,Personal Loan,594,301.0,8.7,676.0,2,2,4,9.1,1,2026-08-24,8.0,5418.0
CUST100391,2026-09-16,35,Tier 2,Standard,Credit Card,643,613.0,5.9,1063.0,0,0,69,0.3,1,2026-09-25,0.3,11034.0
CUST100392,2026-09-01,36,Tier 1,Standard,Credit Card,715,596.0,11.8,1636.0,1,0,62,0.8,0,,0.8,0.0
CUST100393,2026-03-13,23,Tier 3,Basic,Personal Loan,614,362.0,8.1,1872.0,1,1,60,6.6,1,2026-06-12,3.0,6516.0
CUST100394,2026-04-23,39,Tier 1,Standard,Insurance,627,704.0,6.5,2305.0,3,0,79,5.2,1,2026-07-20,2.9,12672.0
CUST100395,2025-12-21,41,Tier 3,Basic,BNPL,622,178.0,10.1,1784.0,2,0,11,9.3,1,2026-01-30,1.3,3204.0
CUST100396,2026-04-06,22,Tier 3,Basic,Personal Loan,549,320.0,1.9,1745.0,2,0,61,5.8,0,,5.8,0.0
CUST100397,2024-07-03,25,Tier 2,Standard,Personal Loan,630,863.0,5.9,3316.0,1,1,14,27.2,1,2025-10-02,15.2,15534.0
CUST100398,2026-02-09,41,Tier 1,Basic,Personal Loan,616,370.0,4.9,3416.0,2,0,56,7.6,1,2026-03-08,0.9,6660.0
CUST100399,2025-10-07,30,Tier 2,Basic,Personal Loan,714,371.0,5.8,2745.0,4,0,33,11.8,0,,11.8,0.0
CUST100400,2024-11-15,21,Tier 3,Premium,Personal Loan,839,1067.0,8.6,1548.0,0,0,19,22.7,0,,22.7,0.0
CUST100401,2026-08-10,21,Tier 3,Basic,Credit Card,594,236.0,4.9,2577.0,1,0,18,1.6,0,,1.6,0.0
CUST100402,2026-07-10,30,Tier 1,Standard,Personal Loan,727,816.0,4.1,3352.0,2,0,90,2.6,1,2026-09-13,2.2,14688.0
CUST100403,2026-08-23,22,Tier 3,Basic,Credit Card,545,283.0,11.3,1979.0,2,2,9,1.1,0,,1.1,0.0
CUST100404,2026-08-12,28,Tier 1,Standard,Insurance,703,576.0,10.9,3408.0,2,1,22,1.5,1,2026-08-17,0.2,10368.0
CUST100405,2026-02-23,32,Tier 2,Basic,BNPL,610,186.0,6.0,3942.0,3,0,57,7.2,1,2026-07-08,4.5,3348.0
CUST100406,2026-06-02,43,Tier 3,Standard,Insurance,698,445.0,11.7,3078.0,1,0,18,3.9,0,,3.9,0.0
CUST100407,2026-04-14,29,Tier 1,Premium,Personal Loan,727,1893.0,5.1,2758.0,0,0,3,5.5,0,,5.5,0.0
CUST100408,2023-09-27,40,Tier 3,Basic,Credit Card,577,295.0,7.5,2512.0,2,0,29,36.5,1,2023-12-23,2.9,5310.0
CUST100409,2026-08-06,43,Tier 2,Premium,Credit Card,724,987.0,4.2,2771.0,0,0,7,1.7,0,,1.7,0.0
CUST100410,2026-02-05,43,Tier 3,Standard,Personal Loan,719,1172.0,10.7,2577.0,0,0,4,7.8,0,,7.8,0.0
CUST100411,2026-08-26,34,Tier 1,Basic,Personal Loan,539,385.0,5.3,1098.0,2,1,50,1.0,1,2026-09-06,0.4,6930.0
CUST100412,2026-06-03,21,Tier 2,Basic,BNPL,628,150.0,4.4,3397.0,2,1,11,3.8,0,,3.8,0.0
CUST100413,2026-02-14,35,Tier 3,Standard,Credit Card,658,542.0,8.5,2277.0,1,1,36,7.5,0,,7.5,0.0
CUST100414,2024-04-30,40,Tier 1,Basic,Credit Card,577,241.0,11.0,4394.0,2,1,8,29.3,1,2025-09-12,16.7,4338.0
CUST100415,2026-05-01,31,Tier 1,Standard,Credit Card,661,661.0,3.7,4690.0,0,0,14,4.9,0,,4.9,0.0
CUST100416,2026-09-06,45,Tier 3,Standard,Credit Card,720,707.0,13.8,1974.0,1,0,24,0.7,0,,0.7,0.0
CUST100417,2026-05-02,38,Tier 1,Standard,Personal Loan,612,1040.0,11.2,2384.0,0,0,110,4.9,1,2026-08-15,3.5,18720.0
CUST100418,2026-08-10,36,Tier 3,Basic,Credit Card,582,226.0,13.7,1813.0,3,3,11,1.6,1,2026-08-31,0.7,4068.0
CUST100419,2026-07-10,40,Tier 1,Basic,Personal Loan,629,353.0,3.2,1342.0,3,0,35,2.6,1,2026-07-24,0.5,6354.0
CUST100420,2025-12-12,34,Tier 1,Basic,Personal Loan,528,260.0,4.5,2148.0,3,2,6,9.6,0,,9.6,0.0
CUST100421,2026-09-06,21,Tier 3,Basic,Insurance,515,204.0,11.6,2229.0,2,3,60,0.7,1,2026-09-24,0.6,3672.0
CUST100422,2026-03-23,28,Tier 2,Premium,Credit Card,781,1505.0,4.9,1027.0,0,0,20,6.2,0,,6.2,0.0
CUST100423,2025-12-18,41,Tier 2,Standard,BNPL,572,480.0,8.2,1193.0,1,0,44,9.4,1,2026-08-08,7.8,8640.0
CUST100424,2026-04-15,25,Tier 2,Premium,Credit Card,763,1189.0,11.3,100.0,0,0,29,5.5,0,,5.5,0.0
CUST100425,2026-09-21,30,Tier 3,Standard,Credit Card,658,593.0,15.0,1148.0,0,1,9,0.2,0,,0.2,0.0
CUST100426,2023-09-27,23,Tier 1,Standard,Personal Loan,726,1035.0,10.4,2961.0,3,0,22,36.5,0,,36.5,0.0
CUST100427,2026-05-12,46,Tier 2,Basic,Personal Loan,660,383.0,8.7,3499.0,1,1,13,4.6,1,2026-06-26,1.5,6894.0
CUST100428,2025-07-01,45,Tier 1,Standard,Personal Loan,692,872.0,14.3,426.0,2,1,33,15.1,0,,15.1,0.0
CUST100429,2026-05-31,24,Tier 2,Premium,BNPL,773,214.0,7.7,994.0,0,0,5,3.9,0,,3.9,0.0
CUST100430,2026-03-17,33,Tier 1,Premium,BNPL,769,1543.0,2.8,3304.0,0,1,8,6.4,0,,6.4,0.0
CUST100431,2026-05-02,26,Tier 1,Basic,Credit Card,504,249.0,10.6,1432.0,2,2,5,4.9,0,,4.9,0.0
CUST100432,2026-05-24,36,Tier 2,Basic,Credit Card,561,234.0,12.7,1785.0,1,1,67,4.2,1,2026-07-10,1.6,4212.0
CUST100433,2026-09-20,36,Tier 1,Premium,Insurance,716,1114.0,5.2,1581.0,0,0,7,0.2,0,,0.2,0.0
CUST100434,2026-05-16,38,Tier 1,Premium,Personal Loan,824,1925.0,5.9,3025.0,0,1,10,4.4,0,,4.4,0.0
CUST100435,2024-12-05,34,Tier 2,Basic,Personal Loan,512,344.0,3.0,3706.0,0,0,39,22.0,0,,22.0,0.0
CUST100436,2025-10-10,55,Tier 2,Premium,Credit Card,795,1666.0,8.2,2266.0,0,0,3,11.7,0,,11.7,0.0
CUST100437,2026-08-10,23,Tier 3,Basic,BNPL,590,104.0,7.3,1805.0,0,2,55,1.6,0,,1.6,0.0
CUST100438,2026-01-01,21,Tier 2,Basic,Insurance,645,209.0,5.3,2001.0,2,0,63,8.9,0,,8.9,0.0
CUST100439,2024-11-27,28,Tier 1,Premium,Personal Loan,814,2389.0,8.8,3003.0,0,0,7,22.3,0,,22.3,0.0
CUST100440,2025-09-30,21,Tier 2,Premium,BNPL,738,903.0,7.2,2673.0,1,0,23,12.0,0,,12.0,0.0
CUST100441,2026-08-09,21,Tier 1,Basic,BNPL,626,141.0,10.1,1974.0,2,0,6,1.6,1,2026-08-20,0.4,2538.0
CUST100442,2025-01-27,23,Tier 3,Standard,Personal Loan,722,723.0,9.4,2161.0,0,0,11,20.2,1,2025-08-20,6.8,13014.0
CUST100443,2026-06-11,24,Tier 3,Standard,Credit Card,579,716.0,11.2,1554.0,0,1,1,3.6,0,,3.6,0.0
CUST100444,2026-03-29,24,Tier 2,Basic,Credit Card,763,302.0,10.6,1598.0,0,0,18,6.0,1,2026-08-30,5.1,5436.0
CUST100445,2026-02-14,36,Tier 2,Basic,Insurance,685,269.0,10.3,941.0,4,0,200,7.5,1,2026-08-02,5.6,4842.0
CUST100446,2025-03-05,27,Tier 1,Basic,Personal Loan,564,312.0,7.6,3231.0,1,1,22,19.0,1,2025-07-08,4.2,5616.0
CUST100447,2024-07-14,30,Tier 2,Basic,BNPL,548,168.0,2.4,162.0,1,1,19,26.8,0,,26.8,0.0
CUST100448,2024-07-22,39,Tier 3,Standard,Credit Card,695,867.0,11.3,2451.0,1,0,23,26.5,0,,26.5,0.0
CUST100449,2026-09-21,25,Tier 1,Premium,BNPL,776,1140.0,13.6,2176.0,0,0,0,0.2,0,,0.2,0.0
CUST100450,2024-08-23,29,Tier 1,Basic,Credit Card,782,211.0,4.6,2115.0,1,0,15,25.5,0,,25.5,0.0
CUST100451,2026-09-10,34,Tier 2,Standard,Credit Card,712,319.0,11.6,1649.0,1,0,15,0.5,0,,0.5,0.0
CUST100452,2026-06-26,21,Tier 2,Standard,BNPL,612,429.0,5.4,1935.0,0,0,13,3.1,0,,3.1,0.0
CUST100453,2026-02-21,21,Tier 1,Basic,BNPL,683,190.0,9.1,3784.0,2,0,36,7.2,0,,7.2,0.0
CUST100454,2026-03-14,34,Tier 3,Premium,BNPL,767,535.0,7.3,2266.0,1,0,1,6.5,1,2026-04-17,1.1,9630.0
CUST100455,2025-12-22,35,Tier 1,Standard,Personal Loan,723,844.0,14.6,2345.0,1,1,10,9.3,1,2026-04-16,3.8,15192.0
CUST100456,2026-03-15,48,Tier 1,Premium,BNPL,805,766.0,6.4,2374.0,1,0,10,6.5,1,2026-07-10,3.9,13788.0
CUST100457,2024-07-01,33,Tier 2,Standard,Personal Loan,674,859.0,5.6,1569.0,4,0,7,27.2,0,,27.2,0.0
CUST100458,2026-07-06,38,Tier 1,Premium,Credit Card,806,1247.0,8.8,1689.0,0,0,9,2.7,0,,2.7,0.0
CUST100459,2026-06-22,30,Tier 2,Premium,Credit Card,767,1761.0,3.2,2674.0,0,0,32,3.2,0,,3.2,0.0
CUST100460,2024-08-27,34,Tier 1,Premium,Credit Card,699,1441.0,8.6,1444.0,1,0,27,25.3,0,,25.3,0.0
CUST100461,2026-09-03,45,Tier 1,Basic,Credit Card,655,206.0,8.7,2113.0,1,1,45,0.8,0,,0.8,0.0
CUST100462,2025-12-18,21,Tier 1,Basic,Insurance,624,271.0,8.0,3245.0,5,0,7,9.4,0,,9.4,0.0
CUST100463,2025-10-18,35,Tier 3,Standard,Personal Loan,833,681.0,6.9,1597.0,3,0,31,11.4,1,2025-11-13,0.9,12258.0
CUST100464,2026-02-27,49,Tier 2,Basic,BNPL,636,214.0,10.6,2101.0,1,0,21,7.0,0,,7.0,0.0
CUST100465,2025-10-06,34,Tier 3,Standard,Credit Card,571,779.0,8.2,1950.0,0,0,61,11.8,0,,11.8,0.0
CUST100466,2026-08-01,45,Tier 1,Standard,Personal Loan,748,1026.0,4.9,2652.0,2,0,19,1.9,1,2026-09-16,1.5,18468.0
CUST100467,2025-03-01,26,Tier 2,Basic,Personal Loan,531,317.0,0.9,2331.0,3,2,9,19.1,0,,19.1,0.0
CUST100468,2026-08-12,31,Tier 2,Standard,Insurance,660,521.0,4.7,1584.0,1,0,7,1.5,0,,1.5,0.0
CUST100469,2026-04-26,32,Tier 3,Basic,BNPL,629,154.0,9.5,1720.0,4,1,13,5.1,1,2026-09-21,4.9,2772.0
CUST100470,2026-09-03,21,Tier 2,Premium,Insurance,831,1236.0,9.7,1624.0,0,1,3,0.8,0,,0.8,0.0
CUST100471,2026-02-02,22,Tier 2,Basic,Insurance,624,192.0,8.3,1551.0,2,2,52,7.9,0,,7.9,0.0
CUST100472,2025-10-29,23,Tier 1,Premium,Personal Loan,782,1665.0,6.3,621.0,0,0,4,11.1,0,,11.1,0.0
CUST100473,2024-05-29,38,Tier 2,Basic,Credit Card,565,232.0,10.7,2363.0,1,1,8,28.3,1,2025-08-16,14.8,4176.0
CUST100474,2025-08-19,38,Tier 2,Standard,BNPL,599,238.0,2.0,1598.0,0,1,18,13.4,0,,13.4,0.0
CUST100475,2026-02-05,34,Tier 3,Basic,Credit Card,587,284.0,16.0,2635.0,1,2,22,7.8,1,2026-04-17,2.4,5112.0
CUST100476,2024-07-09,38,Tier 1,Premium,Credit Card,735,1385.0,6.2,2276.0,1,0,0,27.0,0,,27.0,0.0
CUST100477,2026-03-15,30,Tier 1,Standard,Credit Card,653,610.0,11.8,1860.0,2,0,7,6.5,0,,6.5,0.0
CUST100478,2026-01-22,41,Tier 2,Basic,Credit Card,710,194.0,6.4,1787.0,0,0,1,8.2,0,,8.2,0.0
CUST100479,2025-12-29,32,Tier 1,Standard,Credit Card,693,499.0,9.9,1012.0,1,0,29,9.0,1,2026-09-07,8.4,8982.0
CUST100480,2026-04-21,32,Tier 1,Basic,Personal Loan,612,422.0,13.4,2316.0,4,1,106,5.3,1,2026-07-09,2.6,7596.0
CUST100481,2025-03-29,29,Tier 3,Basic,Credit Card,744,219.0,4.9,2125.0,3,0,24,18.2,0,,18.2,0.0
CUST100482,2026-07-27,37,Tier 2,Standard,Credit Card,731,729.0,13.7,1639.0,1,0,16,2.0,0,,2.0,0.0
CUST100483,2026-01-27,28,Tier 3,Basic,Credit Card,515,258.0,7.5,416.0,3,2,65,8.1,1,2026-09-08,7.5,4644.0
CUST100484,2025-09-07,39,Tier 3,Standard,Personal Loan,766,484.0,10.5,2015.0,1,0,0,12.8,0,,12.8,0.0
CUST100485,2024-10-24,22,Tier 1,Basic,BNPL,588,240.0,9.7,2082.0,4,3,6,23.4,1,2025-06-10,7.6,4320.0
CUST100486,2024-12-19,23,Tier 2,Premium,Personal Loan,776,2012.0,8.2,3192.0,0,1,11,21.5,0,,21.5,0.0
CUST100487,2026-02-25,37,Tier 1,Standard,Credit Card,751,550.0,8.2,2234.0,3,0,27,7.1,0,,7.1,0.0
CUST100488,2025-11-21,31,Tier 3,Basic,BNPL,527,149.0,2.9,3272.0,3,1,34,10.3,1,2026-03-13,3.7,2682.0
CUST100489,2026-04-29,28,Tier 2,Basic,Credit Card,547,193.0,1.7,1634.0,0,1,98,5.0,1,2026-08-05,3.3,3474.0
CUST100490,2026-03-21,39,Tier 1,Standard,Personal Loan,631,1082.0,13.6,1961.0,3,1,10,6.3,0,,6.3,0.0
CUST100491,2024-10-16,27,Tier 1,Basic,BNPL,570,105.0,9.5,1293.0,0,0,28,23.7,0,,23.7,0.0
CUST100492,2024-07-18,30,Tier 2,Standard,Credit Card,736,582.0,7.5,1961.0,0,1,63,26.7,1,2025-02-22,7.3,10476.0
CUST100493,2024-11-18,43,Tier 1,Standard,BNPL,699,295.0,7.6,2944.0,2,0,46,22.6,0,,22.6,0.0
CUST100494,2026-08-13,44,Tier 1,Standard,BNPL,647,400.0,7.1,2970.0,1,1,1,1.5,0,,1.5,0.0
CUST100495,2025-03-06,44,Tier 3,Standard,Credit Card,669,828.0,5.7,2400.0,1,2,9,19.0,0,,19.0,0.0
CUST100496,2024-04-20,29,Tier 3,Standard,Credit Card,644,883.0,8.8,989.0,2,2,27,29.6,1,2026-05-06,24.9,15894.0
CUST100497,2026-05-15,41,Tier 1,Premium,Personal Loan,699,1708.0,12.1,935.0,1,0,0,4.5,0,,4.5,0.0
CUST100498,2026-02-19,24,Tier 2,Basic,Personal Loan,638,344.0,8.9,1976.0,2,1,70,7.3,1,2026-07-07,4.6,6192.0
CUST100499,2025-06-30,24,Tier 3,Basic,Credit Card,636,254.0,5.9,1589.0,2,1,24,15.1,0,,15.1,0.0
CUST100500,2026-01-22,21,Tier 1,Basic,Credit Card,579,201.0,8.0,2797.0,0,2,3,8.2,0,,8.2,0.0
CUST100501,2023-09-27,45,Tier 3,Standard,Credit Card,681,965.0,7.8,2626.0,0,1,12,36.5,0,,36.5,0.0
CUST100502,2026-03-28,25,Tier 1,Standard,Personal Loan,643,1022.0,0.4,2510.0,3,0,14,6.1,0,,6.1,0.0
CUST100503,2025-09-16,30,Tier 2,Basic,Personal Loan,486,334.0,5.0,1685.0,0,1,16,12.5,0,,12.5,0.0
CUST100504,2025-06-12,24,Tier 2,Basic,Credit Card,708,329.0,3.1,2333.0,0,0,21,15.7,0,,15.7,0.0
CUST100505,2026-03-06,37,Tier 2,Standard,Personal Loan,628,1003.0,12.3,2501.0,2,0,44,6.8,1,2026-09-03,6.0,18054.0
CUST100506,2025-02-20,28,Tier 3,Basic,BNPL,602,154.0,6.9,1891.0,1,0,14,19.4,0,,19.4,0.0
CUST100507,2026-02-02,21,Tier 1,Basic,Personal Loan,553,341.0,6.5,1984.0,3,2,113,7.9,1,2026-02-23,0.7,6138.0
CUST100508,2026-04-20,35,Tier 1,Basic,Credit Card,636,326.0,6.1,2473.0,3,0,41,5.3,1,2026-06-27,2.3,5868.0
CUST100509,2026-08-23,21,Tier 2,Basic,Insurance,632,178.0,5.0,1215.0,3,1,79,1.1,1,2026-09-09,0.6,3204.0
CUST100510,2026-04-30,25,Tier 3,Basic,Personal Loan,600,409.0,5.5,1679.0,3,2,8,5.0,0,,5.0,0.0
CUST100511,2025-08-25,21,Tier 1,Standard,Credit Card,703,621.0,12.3,1608.0,1,0,14,13.2,0,,13.2,0.0
CUST100512,2024-08-25,21,Tier 3,Basic,Personal Loan,628,401.0,3.3,3086.0,1,1,29,25.4,0,,25.4,0.0
CUST100513,2026-07-02,33,Tier 1,Basic,Credit Card,550,250.0,8.9,1721.0,1,0,3,2.9,0,,2.9,0.0
CUST100514,2026-05-18,21,Tier 1,Premium,Credit Card,802,1495.0,10.1,2225.0,1,0,7,4.4,0,,4.4,0.0
CUST100515,2026-08-07,21,Tier 3,Premium,Credit Card,701,1390.0,4.3,2781.0,1,0,20,1.7,0,,1.7,0.0
CUST100516,2025-10-09,31,Tier 1,Standard,Credit Card,711,581.0,14.2,1517.0,0,0,1,11.7,0,,11.7,0.0
CUST100517,2024-02-02,27,Tier 2,Basic,BNPL,665,136.0,6.0,2988.0,0,0,36,32.2,0,,32.2,0.0
CUST100518,2025-11-23,47,Tier 1,Basic,Personal Loan,560,394.0,10.9,3065.0,3,1,157,10.2,1,2026-03-13,3.7,7092.0
CUST100519,2025-12-13,46,Tier 1,Standard,Personal Loan,670,544.0,8.4,288.0,0,3,15,9.6,0,,9.6,0.0
CUST100520,2026-01-28,25,Tier 2,Standard,BNPL,748,229.0,6.5,2521.0,0,0,7,8.0,0,,8.0,0.0
CUST100521,2026-08-30,36,Tier 2,Standard,Credit Card,666,556.0,4.7,3131.0,1,0,18,0.9,1,2026-09-22,0.8,10008.0
CUST100522,2025-08-30,37,Tier 2,Basic,BNPL,583,96.0,12.2,1854.0,1,1,27,13.1,1,2026-06-04,9.3,1728.0
CUST100523,2025-12-24,27,Tier 2,Basic,Credit Card,658,325.0,4.7,2686.0,1,0,4,9.2,0,,9.2,0.0
CUST100524,2025-11-06,21,Tier 1,Basic,BNPL,692,213.0,6.9,1008.0,2,0,8,10.8,0,,10.8,0.0
CUST100525,2024-11-08,31,Tier 2,Standard,Credit Card,664,727.0,6.8,774.0,3,0,22,22.9,0,,22.9,0.0
CUST100526,2025-06-24,30,Tier 3,Standard,BNPL,713,307.0,2.2,1818.0,1,1,18,15.3,0,,15.3,0.0
CUST100527,2025-06-28,28,Tier 3,Standard,Insurance,673,759.0,7.6,1322.0,0,0,8,15.2,1,2026-08-23,14.0,13662.0
CUST100528,2024-08-02,35,Tier 1,Premium,Credit Card,751,955.0,3.4,2521.0,0,0,38,26.2,0,,26.2,0.0
CUST100529,2023-09-27,25,Tier 1,Basic,Personal Loan,715,432.0,19.3,2492.0,1,1,36,36.5,0,,36.5,0.0
CUST100530,2026-01-08,22,Tier 3,Basic,Personal Loan,683,291.0,9.3,3786.0,1,0,9,8.7,1,2026-03-16,2.2,5238.0
CUST100531,2026-08-23,32,Tier 2,Basic,Personal Loan,600,312.0,13.5,2918.0,1,0,22,1.1,1,2026-09-08,0.5,5616.0
CUST100532,2026-03-26,35,Tier 2,Basic,Personal Loan,527,304.0,8.4,1662.0,1,5,44,6.1,1,2026-06-27,3.1,5472.0
CUST100533,2025-06-19,22,Tier 3,Standard,Credit Card,684,510.0,3.0,2241.0,1,0,22,15.5,0,,15.5,0.0
CUST100534,2026-09-18,39,Tier 1,Basic,Credit Card,704,346.0,6.2,2396.0,2,0,10,0.3,0,,0.3,0.0
CUST100535,2026-09-09,21,Tier 2,Basic,Credit Card,702,289.0,2.5,2675.0,1,1,37,0.6,1,2026-09-20,0.4,5202.0
CUST100536,2026-09-06,27,Tier 3,Basic,Credit Card,579,311.0,8.6,317.0,2,1,14,0.7,0,,0.7,0.0
CUST100537,2025-08-29,29,Tier 2,Standard,Credit Card,553,491.0,4.1,1792.0,2,0,12,13.1,0,,13.1,0.0
CUST100538,2026-03-02,26,Tier 1,Standard,Personal Loan,680,869.0,2.4,3138.0,3,0,22,6.9,1,2026-09-25,6.9,15642.0
CUST100539,2026-05-11,27,Tier 1,Premium,Personal Loan,769,1966.0,6.1,2555.0,1,0,9,4.6,0,,4.6,0.0
CUST100540,2026-08-24,46,Tier 1,Basic,Personal Loan,675,339.0,11.3,2236.0,1,4,44,1.1,1,2026-09-02,0.3,6102.0
CUST100541,2025-08-27,25,Tier 3,Basic,Credit Card,600,192.0,6.6,1733.0,4,0,17,13.2,0,,13.2,0.0
CUST100542,2026-06-02,51,Tier 1,Standard,Personal Loan,588,985.0,5.0,2082.0,0,1,28,3.9,0,,3.9,0.0
CUST100543,2026-06-26,35,Tier 1,Basic,Personal Loan,710,331.0,9.1,2237.0,3,1,1,3.1,0,,3.1,0.0
CUST100544,2025-11-14,32,Tier 3,Basic,Credit Card,589,202.0,4.1,1380.0,2,1,7,10.5,1,2025-11-29,0.5,3636.0
CUST100545,2026-01-24,35,Tier 1,Standard,BNPL,618,149.0,7.1,2441.0,0,1,72,8.2,0,,8.2,0.0
CUST100546,2026-05-14,52,Tier 1,Premium,Personal Loan,801,1990.0,16.8,2263.0,0,0,1,4.5,0,,4.5,0.0
CUST100547,2025-11-23,24,Tier 1,Basic,Credit Card,738,373.0,4.6,1824.0,5,0,38,10.2,1,2026-06-11,6.7,6714.0
CUST100548,2026-06-24,23,Tier 1,Standard,BNPL,613,258.0,17.3,1821.0,1,2,50,3.1,0,,3.1,0.0
CUST100549,2025-06-08,25,Tier 2,Basic,BNPL,667,159.0,5.1,1079.0,1,0,69,15.8,0,,15.8,0.0
CUST100550,2026-07-10,32,Tier 3,Standard,Insurance,627,729.0,7.3,3198.0,2,1,49,2.6,0,,2.6,0.0
CUST100551,2026-08-06,21,Tier 3,Basic,Personal Loan,727,262.0,9.1,2647.0,2,0,145,1.7,1,2026-09-08,1.1,4716.0
CUST100552,2025-06-26,32,Tier 2,Standard,Personal Loan,652,783.0,6.7,2459.0,0,1,9,15.2,0,,15.2,0.0
CUST100553,2025-09-22,45,Tier 2,Standard,BNPL,655,278.0,14.7,2684.0,1,1,8,12.3,0,,12.3,0.0
CUST100554,2026-07-28,33,Tier 2,Basic,Credit Card,592,299.0,6.7,100.0,3,1,5,2.0,1,2026-08-10,0.4,5382.0
CUST100555,2026-08-20,29,Tier 1,Standard,Credit Card,713,822.0,9.0,3726.0,2,0,5,1.2,0,,1.2,0.0
CUST100556,2025-03-29,27,Tier 1,Premium,BNPL,764,885.0,1.7,100.0,0,0,11,18.2,0,,18.2,0.0
CUST100557,2025-07-04,39,Tier 3,Premium,BNPL,785,604.0,2.8,3001.0,0,0,4,15.0,0,,15.0,0.0
CUST100558,2026-05-31,25,Tier 1,Basic,Insurance,644,203.0,4.7,2284.0,3,0,15,3.9,0,,3.9,0.0
CUST100559,2025-11-08,46,Tier 1,Basic,Insurance,561,193.0,12.5,1242.0,1,1,36,10.7,1,2026-03-18,4.3,3474.0
CUST100560,2026-08-18,47,Tier 2,Basic,BNPL,670,101.0,11.4,2294.0,1,1,4,1.3,1,2026-09-09,0.7,1818.0
CUST100561,2026-02-26,34,Tier 2,Standard,Personal Loan,691,832.0,3.9,2638.0,0,1,1,7.1,0,,7.1,0.0
CUST100562,2026-09-21,31,Tier 1,Premium,BNPL,758,1001.0,12.9,1746.0,1,0,16,0.2,0,,0.2,0.0
CUST100563,2026-04-30,40,Tier 1,Premium,Personal Loan,758,1957.0,9.1,3281.0,0,0,16,5.0,0,,5.0,0.0
CUST100564,2026-09-03,40,Tier 1,Standard,Personal Loan,584,844.0,8.7,841.0,1,3,10,0.8,0,,0.8,0.0
CUST100565,2026-03-17,25,Tier 2,Standard,BNPL,684,397.0,8.6,1243.0,1,0,18,6.4,0,,6.4,0.0
CUST100566,2026-04-15,27,Tier 1,Standard,Personal Loan,695,834.0,3.1,1061.0,2,0,5,5.5,0,,5.5,0.0
CUST100567,2026-04-03,21,Tier 2,Standard,Personal Loan,663,676.0,13.4,911.0,1,0,9,5.9,0,,5.9,0.0
CUST100568,2026-09-13,35,Tier 2,Basic,Personal Loan,673,333.0,7.7,2350.0,2,1,1,0.4,1,2026-09-19,0.2,5994.0
CUST100569,2026-05-15,37,Tier 3,Standard,BNPL,676,314.0,8.9,3644.0,2,1,6,4.5,0,,4.5,0.0
CUST100570,2025-07-30,21,Tier 1,Standard,Credit Card,689,475.0,5.0,2965.0,1,1,0,14.1,1,2025-09-29,2.0,8550.0
CUST100571,2026-05-11,28,Tier 1,Basic,BNPL,763,169.0,14.1,1925.0,2,0,19,4.6,0,,4.6,0.0
CUST100572,2025-09-15,21,Tier 2,Standard,Personal Loan,718,765.0,5.7,3450.0,0,0,15,12.5,0,,12.5,0.0
CUST100573,2026-05-11,24,Tier 2,Basic,BNPL,648,161.0,8.0,3127.0,2,0,24,4.6,1,2026-06-11,1.0,2898.0
CUST100574,2026-04-14,36,Tier 1,Basic,BNPL,663,192.0,15.1,1596.0,3,1,15,5.5,1,2026-07-27,3.5,3456.0
CUST100575,2026-01-21,26,Tier 2,Basic,Credit Card,591,202.0,12.0,1935.0,1,2,8,8.3,0,,8.3,0.0
CUST100576,2024-04-07,29,Tier 1,Premium,Credit Card,763,1426.0,2.3,2461.0,0,0,6,30.1,0,,30.1,0.0
CUST100577,2026-08-23,21,Tier 1,Basic,Personal Loan,652,234.0,7.4,1496.0,2,0,71,1.1,1,2026-09-23,1.0,4212.0
CUST100578,2026-09-16,33,Tier 2,Standard,Insurance,601,784.0,12.1,1308.0,1,2,82,0.3,1,2026-09-23,0.2,14112.0
CUST100579,2025-12-20,31,Tier 1,Standard,Credit Card,667,473.0,3.3,2864.0,1,2,8,9.3,0,,9.3,0.0
CUST100580,2024-04-16,26,Tier 3,Standard,Insurance,755,518.0,8.7,3073.0,1,0,73,29.8,1,2026-07-25,27.7,9324.0
CUST100581,2023-09-27,30,Tier 2,Basic,Credit Card,597,317.0,11.4,1282.0,1,0,20,36.5,0,,36.5,0.0
CUST100582,2026-03-12,33,Tier 2,Standard,BNPL,750,360.0,6.1,2528.0,1,0,19,6.6,0,,6.6,0.0
CUST100583,2026-03-21,25,Tier 2,Standard,BNPL,722,234.0,2.9,2513.0,0,0,33,6.3,0,,6.3,0.0
CUST100584,2025-11-20,21,Tier 2,Basic,BNPL,626,186.0,6.5,1207.0,1,1,16,10.3,0,,10.3,0.0
CUST100585,2026-01-26,46,Tier 1,Standard,Insurance,706,675.0,7.1,2491.0,1,0,5,8.1,1,2026-03-09,1.4,12150.0
CUST100586,2025-11-29,26,Tier 3,Premium,Credit Card,752,1223.0,4.0,2666.0,0,0,3,10.0,0,,10.0,0.0
CUST100587,2025-01-13,31,Tier 3,Premium,Personal Loan,692,1673.0,5.2,2708.0,0,1,18,20.7,0,,20.7,0.0
CUST100588,2025-08-11,40,Tier 1,Premium,BNPL,729,718.0,5.6,1935.0,1,0,27,13.7,0,,13.7,0.0
CUST100589,2026-03-04,60,Tier 1,Standard,BNPL,762,363.0,11.5,2459.0,2,0,3,6.9,0,,6.9,0.0
CUST100590,2026-03-25,22,Tier 1,Premium,Credit Card,769,870.0,6.4,2354.0,0,1,12,6.2,0,,6.2,0.0
CUST100591,2025-11-24,35,Tier 2,Basic,Personal Loan,630,316.0,8.7,2262.0,2,3,1,10.2,0,,10.2,0.0
CUST100592,2026-03-28,26,Tier 2,Standard,Credit Card,775,882.0,9.1,2981.0,0,0,42,6.1,0,,6.1,0.0
CUST100593,2026-03-27,27,Tier 3,Standard,Credit Card,673,534.0,5.6,1321.0,0,0,39,6.1,0,,6.1,0.0
CUST100594,2026-09-21,26,Tier 3,Basic,Credit Card,598,221.0,12.1,1419.0,2,0,52,0.2,1,2026-09-26,0.2,3978.0
CUST100595,2026-07-31,22,Tier 2,Standard,Credit Card,631,496.0,1.0,1224.0,2,0,35,1.9,0,,1.9,0.0
CUST100596,2026-03-09,31,Tier 2,Basic,BNPL,623,181.0,10.6,3072.0,1,0,32,6.7,1,2026-03-22,0.4,3258.0
CUST100597,2025-04-26,21,Tier 2,Standard,Personal Loan,666,1001.0,8.3,2167.0,1,0,3,17.3,0,,17.3,0.0
CUST100598,2026-06-20,39,Tier 2,Standard,Credit Card,834,803.0,3.0,1622.0,0,0,49,3.3,1,2026-09-09,2.7,14454.0
CUST100599,2026-02-17,32,Tier 2,Premium,Personal Loan,750,1471.0,13.1,3321.0,0,0,2,7.4,0,,7.4,0.0
CUST100600,2026-05-23,35,Tier 2,Standard,Personal Loan,601,910.0,4.2,1969.0,0,1,5,4.2,0,,4.2,0.0
CUST100601,2026-08-24,28,Tier 2,Standard,BNPL,656,576.0,11.7,221.0,1,0,11,1.1,0,,1.1,0.0
CUST100602,2024-02-16,29,Tier 2,Standard,Insurance,609,651.0,7.4,1598.0,1,0,14,31.8,0,,31.8,0.0
CUST100603,2025-02-25,34,Tier 2,Premium,Credit Card,753,1534.0,7.6,2265.0,1,0,1,19.3,0,,19.3,0.0
CUST100604,2026-09-02,22,Tier 2,Premium,BNPL,747,708.0,5.4,2513.0,1,0,14,0.8,1,2026-09-24,0.7,12744.0
CUST100605,2025-09-10,29,Tier 2,Standard,BNPL,686,419.0,8.5,1569.0,1,0,3,12.7,1,2025-11-18,2.3,7542.0
CUST100606,2026-05-21,25,Tier 2,Standard,BNPL,619,551.0,8.5,1796.0,1,0,21,4.3,0,,4.3,0.0
CUST100607,2023-09-27,24,Tier 2,Standard,Personal Loan,674,888.0,4.7,1734.0,0,0,12,36.5,0,,36.5,0.0
CUST100608,2026-06-10,21,Tier 2,Standard,Insurance,582,423.0,11.8,2745.0,1,2,33,3.6,1,2026-09-15,3.2,7614.0
CUST100609,2026-07-07,42,Tier 1,Basic,Credit Card,597,227.0,9.0,3378.0,2,1,12,2.7,0,,2.7,0.0
CUST100610,2026-01-18,26,Tier 1,Premium,Credit Card,725,1739.0,9.5,1513.0,0,0,18,8.4,0,,8.4,0.0
CUST100611,2025-04-04,41,Tier 2,Basic,Personal Loan,597,341.0,11.9,3441.0,5,1,10,18.0,0,,18.0,0.0
CUST100612,2026-07-24,40,Tier 2,Basic,Credit Card,684,256.0,10.6,2334.0,2,0,30,2.1,1,2026-09-22,2.0,4608.0
CUST100613,2025-09-21,21,Tier 3,Premium,Personal Loan,740,1665.0,11.2,2030.0,0,0,7,12.3,0,,12.3,0.0
CUST100614,2026-09-07,23,Tier 1,Basic,Personal Loan,630,384.0,12.6,1905.0,1,1,15,0.6,0,,0.6,0.0
CUST100615,2024-09-03,52,Tier 1,Basic,Credit Card,640,333.0,6.0,1296.0,3,1,0,25.1,1,2025-06-27,9.9,5994.0
CUST100616,2026-09-01,46,Tier 1,Premium,BNPL,747,1194.0,15.9,1399.0,0,0,5,0.8,0,,0.8,0.0
CUST100617,2024-09-20,31,Tier 1,Standard,BNPL,710,578.0,1.9,1264.0,2,0,3,24.5,1,2024-11-17,1.9,10404.0
CUST100618,2026-03-08,34,Tier 3,Basic,Credit Card,532,232.0,9.8,1174.0,2,0,9,6.7,0,,6.7,0.0
CUST100619,2026-04-01,26,Tier 1,Basic,BNPL,645,125.0,7.0,2511.0,3,1,41,5.9,1,2026-09-07,5.3,2250.0
CUST100620,2023-10-05,35,Tier 2,Standard,BNPL,741,370.0,7.9,4046.0,0,0,17,36.2,0,,36.2,0.0
CUST100621,2023-09-27,26,Tier 2,Standard,BNPL,660,395.0,5.5,1480.0,2,0,15,36.5,0,,36.5,0.0
CUST100622,2025-11-15,21,Tier 2,Standard,Personal Loan,673,1031.0,7.2,1905.0,1,1,17,10.5,0,,10.5,0.0
CUST100623,2026-08-17,21,Tier 3,Standard,BNPL,671,542.0,10.1,3044.0,1,1,3,1.3,0,,1.3,0.0
CUST100624,2026-02-27,32,Tier 2,Basic,Insurance,651,252.0,3.9,1251.0,2,0,6,7.0,0,,7.0,0.0
CUST100625,2026-02-13,22,Tier 1,Standard,BNPL,689,204.0,6.6,898.0,0,0,16,7.5,0,,7.5,0.0
CUST100626,2026-02-22,31,Tier 3,Standard,Credit Card,678,431.0,8.7,414.0,0,1,10,7.2,0,,7.2,0.0
CUST100627,2026-01-17,23,Tier 3,Basic,Credit Card,596,262.0,8.8,2208.0,3,1,22,8.4,0,,8.4,0.0
CUST100628,2026-09-21,25,Tier 1,Premium,Credit Card,760,1646.0,8.4,1585.0,1,0,21,0.2,0,,0.2,0.0
CUST100629,2025-09-19,38,Tier 1,Standard,Credit Card,718,640.0,8.6,970.0,1,0,4,12.4,0,,12.4,0.0
CUST100630,2025-09-18,33,Tier 1,Basic,Personal Loan,745,421.0,9.9,1549.0,1,1,85,12.4,1,2026-07-23,10.3,7578.0
CUST100631,2026-08-21,31,Tier 1,Basic,Credit Card,482,196.0,0.0,2932.0,2,1,68,1.2,1,2026-09-18,0.9,3528.0
CUST100632,2026-01-16,39,Tier 3,Standard,BNPL,741,233.0,8.8,1766.0,3,0,46,8.4,0,,8.4,0.0
CUST100633,2026-01-17,35,Tier 2,Standard,BNPL,639,304.0,16.7,2896.0,1,0,21,8.4,0,,8.4,0.0
CUST100634,2025-10-17,43,Tier 1,Premium,Personal Loan,775,1623.0,4.3,2536.0,0,0,20,11.5,0,,11.5,0.0
CUST100635,2026-08-31,28,Tier 3,Standard,Insurance,664,653.0,8.2,2273.0,2,1,95,0.9,1,2026-09-19,0.6,11754.0
CUST100636,2025-12-05,28,Tier 2,Standard,Credit Card,725,595.0,2.9,2122.0,0,0,13,9.8,0,,9.8,0.0
CUST100637,2026-06-20,21,Tier 1,Standard,BNPL,608,189.0,2.7,2737.0,0,2,40,3.3,1,2026-09-12,2.8,3402.0
CUST100638,2026-02-26,28,Tier 3,Standard,BNPL,581,506.0,9.1,2393.0,3,2,47,7.1,1,2026-07-03,4.2,9108.0
CUST100639,2025-07-08,39,Tier 3,Standard,BNPL,691,161.0,0.0,2304.0,2,0,7,14.8,0,,14.8,0.0
CUST100640,2025-09-25,42,Tier 3,Premium,Insurance,752,960.0,8.1,382.0,1,0,6,12.2,0,,12.2,0.0
CUST100641,2026-08-20,39,Tier 2,Standard,Credit Card,704,439.0,15.8,1848.0,0,1,17,1.2,1,2026-09-18,1.0,7902.0
CUST100642,2026-01-01,21,Tier 3,Standard,BNPL,643,417.0,6.5,734.0,3,0,9,8.9,1,2026-03-09,2.2,7506.0
CUST100643,2023-11-18,40,Tier 1,Standard,Personal Loan,651,869.0,11.1,1155.0,0,0,8,34.8,0,,34.8,0.0
CUST100644,2026-08-06,21,Tier 2,Premium,BNPL,718,1377.0,6.7,3034.0,0,0,5,1.7,0,,1.7,0.0
CUST100645,2025-02-28,39,Tier 3,Basic,BNPL,667,196.0,8.8,1985.0,4,0,19,19.2,1,2026-05-10,14.5,3528.0
CUST100646,2025-09-28,29,Tier 1,Standard,BNPL,641,577.0,5.6,3613.0,1,1,6,12.1,0,,12.1,0.0
CUST100647,2025-07-07,37,Tier 3,Basic,Personal Loan,662,339.0,8.0,2776.0,2,0,22,14.9,1,2025-07-12,0.2,6102.0
CUST100648,2026-06-19,21,Tier 2,Basic,BNPL,652,101.0,9.5,1507.0,1,0,53,3.3,0,,3.3,0.0
CUST100649,2026-06-17,41,Tier 1,Standard,Personal Loan,636,862.0,11.3,1754.0,1,0,20,3.4,0,,3.4,0.0
CUST100650,2024-10-17,21,Tier 3,Premium,Personal Loan,704,1986.0,7.2,2704.0,1,0,5,23.6,0,,23.6,0.0
CUST100651,2026-05-16,26,Tier 1,Standard,BNPL,714,481.0,2.8,2613.0,0,0,3,4.4,1,2026-05-21,0.2,8658.0
CUST100652,2026-09-07,24,Tier 2,Standard,Credit Card,620,589.0,13.1,2990.0,1,0,35,0.6,1,2026-09-12,0.2,10602.0
CUST100653,2025-12-25,21,Tier 1,Basic,BNPL,630,174.0,3.5,158.0,2,0,25,9.2,1,2026-05-16,4.7,3132.0
CUST100654,2026-08-18,32,Tier 3,Standard,Credit Card,666,529.0,7.7,708.0,0,0,71,1.3,0,,1.3,0.0
CUST100655,2025-06-06,46,Tier 1,Premium,Personal Loan,863,1528.0,12.7,1578.0,0,0,3,15.9,0,,15.9,0.0
CUST100656,2025-11-23,53,Tier 1,Standard,BNPL,634,245.0,11.0,2723.0,0,1,4,10.2,0,,10.2,0.0
CUST100657,2025-01-11,32,Tier 1,Standard,Credit Card,607,653.0,10.3,2838.0,1,3,0,20.8,1,2025-01-21,0.3,11754.0
CUST100658,2025-06-23,40,Tier 3,Basic,Personal Loan,653,266.0,7.6,100.0,0,1,3,15.3,1,2026-06-27,12.3,4788.0
CUST100659,2026-08-22,33,Tier 2,Standard,BNPL,723,335.0,1.4,1332.0,0,1,10,1.2,0,,1.2,0.0
CUST100660,2026-05-06,35,Tier 2,Standard,Credit Card,654,767.0,6.2,2627.0,0,1,4,4.8,1,2026-05-19,0.4,13806.0
CUST100661,2025-07-07,29,Tier 2,Basic,Credit Card,672,199.0,9.9,1204.0,0,1,1,14.9,0,,14.9,0.0
CUST100662,2026-04-17,33,Tier 2,Basic,Credit Card,576,225.0,12.8,2380.0,0,2,9,5.4,0,,5.4,0.0
CUST100663,2023-10-16,36,Tier 1,Standard,BNPL,689,399.0,11.6,2548.0,0,0,26,35.9,1,2025-03-30,17.7,7182.0
CUST100664,2025-08-23,27,Tier 2,Premium,BNPL,714,909.0,10.8,1690.0,0,1,13,13.3,0,,13.3,0.0
CUST100665,2026-09-21,31,Tier 1,Standard,BNPL,604,325.0,7.2,2207.0,3,0,3,0.2,0,,0.2,0.0
CUST100666,2024-12-29,31,Tier 3,Standard,Personal Loan,642,947.0,8.7,2021.0,0,1,55,21.2,1,2025-02-09,1.4,17046.0
CUST100667,2026-08-26,38,Tier 3,Standard,BNPL,717,467.0,10.0,2601.0,0,0,3,1.0,0,,1.0,0.0
CUST100668,2026-08-12,23,Tier 2,Standard,BNPL,809,538.0,5.2,1943.0,0,0,2,1.5,0,,1.5,0.0
CUST100669,2025-08-25,31,Tier 1,Standard,BNPL,581,379.0,10.4,507.0,3,3,4,13.2,0,,13.2,0.0
CUST100670,2025-02-03,47,Tier 3,Standard,Credit Card,669,583.0,4.0,2659.0,1,2,3,20.0,0,,20.0,0.0
CUST100671,2026-02-08,41,Tier 1,Basic,BNPL,637,116.0,9.0,2130.0,2,1,35,7.7,1,2026-06-28,4.7,2088.0
CUST100672,2026-06-16,42,Tier 1,Premium,BNPL,739,926.0,4.2,2653.0,0,0,2,3.4,0,,3.4,0.0
CUST100673,2026-05-20,32,Tier 1,Standard,Personal Loan,700,796.0,12.7,1397.0,2,0,20,4.3,0,,4.3,0.0
CUST100674,2026-05-24,34,Tier 2,Standard,Credit Card,649,576.0,16.0,1918.0,0,0,6,4.2,0,,4.2,0.0
CUST100675,2026-05-31,40,Tier 3,Basic,BNPL,609,128.0,5.0,1703.0,1,2,10,3.9,0,,3.9,0.0
CUST100676,2026-07-05,44,Tier 1,Premium,Personal Loan,780,1629.0,3.6,2974.0,0,0,23,2.8,0,,2.8,0.0
CUST100677,2025-12-19,21,Tier 1,Standard,Insurance,722,611.0,9.5,2765.0,1,0,5,9.4,0,,9.4,0.0
CUST100678,2024-11-04,21,Tier 2,Basic,BNPL,554,79.0,7.1,3517.0,2,2,70,23.0,1,2025-11-13,12.5,1422.0
CUST100679,2026-06-08,42,Tier 2,Basic,Credit Card,663,265.0,6.0,2059.0,2,0,13,3.7,1,2026-09-10,3.1,4770.0
CUST100680,2026-07-27,29,Tier 1,Basic,Personal Loan,586,359.0,6.0,1036.0,1,1,166,2.0,1,2026-08-07,0.4,6462.0
CUST100681,2025-03-28,26,Tier 1,Standard,Personal Loan,636,769.0,6.3,1224.0,1,0,79,18.2,0,,18.2,0.0
CUST100682,2025-08-16,21,Tier 3,Standard,Insurance,687,835.0,10.5,2986.0,2,0,35,13.5,0,,13.5,0.0
CUST100683,2024-07-17,27,Tier 3,Basic,Personal Loan,530,326.0,7.6,3354.0,1,3,71,26.7,1,2025-12-25,17.5,5868.0
CUST100684,2026-08-03,21,Tier 3,Basic,BNPL,587,72.0,14.1,973.0,0,0,61,1.8,1,2026-08-25,0.7,1296.0
CUST100685,2026-08-11,48,Tier 3,Standard,Credit Card,653,613.0,15.3,1713.0,0,0,20,1.5,0,,1.5,0.0
CUST100686,2026-02-05,31,Tier 1,Standard,Personal Loan,740,853.0,10.7,1162.0,0,0,33,7.8,0,,7.8,0.0
CUST100687,2025-12-15,31,Tier 1,Standard,Personal Loan,646,903.0,0.0,3962.0,1,0,20,9.5,0,,9.5,0.0
CUST100688,2026-03-14,36,Tier 1,Basic,Credit Card,572,237.0,8.0,2512.0,2,1,65,6.5,1,2026-04-13,1.0,4266.0
CUST100689,2025-12-26,39,Tier 1,Standard,Insurance,662,453.0,9.9,1375.0,0,0,55,9.1,1,2026-09-16,8.8,8154.0
CUST100690,2026-07-29,39,Tier 3,Standard,Credit Card,727,508.0,8.4,1326.0,2,0,28,2.0,1,2026-09-12,1.5,9144.0
CUST100691,2026-03-15,40,Tier 3,Standard,Credit Card,628,565.0,6.3,3472.0,1,2,67,6.5,1,2026-06-16,3.1,10170.0
CUST100692,2025-11-09,26,Tier 2,Standard,Credit Card,683,577.0,11.4,2744.0,1,1,12,10.7,0,,10.7,0.0
CUST100693,2026-04-09,29,Tier 1,Standard,Credit Card,588,502.0,14.0,2195.0,1,0,52,5.7,0,,5.7,0.0
CUST100694,2025-10-20,38,Tier 3,Premium,Credit Card,774,1195.0,1.6,1779.0,0,1,3,11.4,0,,11.4,0.0
CUST100695,2026-03-30,27,Tier 3,Basic,BNPL,681,183.0,13.7,1802.0,1,2,1,6.0,0,,6.0,0.0
CUST100696,2026-05-28,31,Tier 1,Standard,Credit Card,625,864.0,9.0,917.0,1,0,3,4.0,0,,4.0,0.0
CUST100697,2026-06-10,35,Tier 3,Standard,Credit Card,699,748.0,1.2,1529.0,2,1,3,3.6,0,,3.6,0.0
CUST100698,2026-04-21,38,Tier 1,Standard,Personal Loan,630,1015.0,13.4,1754.0,2,1,35,5.3,0,,5.3,0.0
CUST100699,2026-09-19,21,Tier 1,Standard,Insurance,652,712.0,6.1,2043.0,0,2,10,0.2,0,,0.2,0.0
CUST100700,2025-10-30,37,Tier 2,Standard,Personal Loan,704,953.0,7.1,2093.0,0,2,5,11.0,0,,11.0,0.0
CUST100701,2025-03-16,30,Tier 2,Premium,Personal Loan,780,1725.0,6.2,3028.0,1,0,17,18.6,0,,18.6,0.0
CUST100702,2026-05-18,37,Tier 1,Standard,BNPL,651,408.0,9.1,1509.0,2,0,5,4.4,0,,4.4,0.0
CUST100703,2026-09-12,38,Tier 1,Premium,Credit Card,742,1282.0,9.3,3429.0,1,1,1,0.5,0,,0.5,0.0
CUST100704,2023-09-27,44,Tier 3,Premium,Credit Card,769,1339.0,2.9,2058.0,0,0,6,36.5,0,,36.5,0.0
CUST100705,2026-06-27,42,Tier 2,Basic,Credit Card,629,253.0,6.6,2490.0,0,0,3,3.0,0,,3.0,0.0
CUST100706,2026-08-17,42,Tier 2,Standard,BNPL,721,483.0,6.7,3111.0,0,0,7,1.3,0,,1.3,0.0
CUST100707,2026-05-11,43,Tier 1,Basic,Personal Loan,702,346.0,14.2,2657.0,1,0,42,4.6,0,,4.6,0.0
CUST100708,2025-08-20,34,Tier 1,Standard,BNPL,690,369.0,9.1,2844.0,2,1,9,13.4,0,,13.4,0.0
CUST100709,2026-06-14,32,Tier 1,Basic,Credit Card,580,253.0,17.4,1641.0,3,2,3,3.5,1,2026-09-08,2.9,4554.0
CUST100710,2026-01-13,38,Tier 1,Basic,Credit Card,672,272.0,8.7,2032.0,1,0,18,8.5,0,,8.5,0.0
CUST100711,2026-04-18,37,Tier 1,Standard,Credit Card,701,737.0,6.9,2837.0,0,0,14,5.4,1,2026-09-02,4.6,13266.0
CUST100712,2026-08-20,29,Tier 1,Standard,Personal Loan,742,648.0,11.4,2858.0,0,0,6,1.2,0,,1.2,0.0
CUST100713,2026-05-29,35,Tier 2,Standard,BNPL,695,250.0,7.3,2340.0,1,0,4,4.0,0,,4.0,0.0
CUST100714,2025-09-04,31,Tier 1,Standard,Credit Card,756,794.0,6.3,2830.0,2,0,29,12.9,0,,12.9,0.0
CUST100715,2025-12-16,25,Tier 3,Basic,Credit Card,790,247.0,6.4,1448.0,2,0,2,9.5,0,,9.5,0.0
CUST100716,2026-08-19,42,Tier 1,Basic,Credit Card,641,229.0,8.2,2789.0,1,1,110,1.3,1,2026-08-27,0.3,4122.0
CUST100717,2026-08-04,32,Tier 2,Basic,Insurance,671,212.0,11.2,3020.0,4,0,0,1.8,1,2026-09-20,1.6,3816.0
CUST100718,2025-11-23,48,Tier 1,Premium,Credit Card,762,1326.0,7.0,2194.0,1,0,11,10.2,0,,10.2,0.0
CUST100719,2025-05-11,21,Tier 2,Basic,Insurance,661,253.0,13.7,2350.0,0,0,5,16.8,0,,16.8,0.0
CUST100720,2026-05-21,27,Tier 1,Basic,Credit Card,534,195.0,8.8,362.0,3,1,28,4.3,1,2026-06-02,0.4,3510.0
CUST100721,2025-12-29,32,Tier 3,Standard,Personal Loan,725,848.0,10.1,3439.0,1,0,4,9.0,0,,9.0,0.0
CUST100722,2026-08-01,41,Tier 3,Premium,Personal Loan,747,1889.0,11.2,2506.0,1,0,0,1.9,0,,1.9,0.0
CUST100723,2026-06-07,35,Tier 2,Basic,Credit Card,655,270.0,10.5,2719.0,1,2,69,3.7,1,2026-06-13,0.2,4860.0
CUST100724,2026-09-20,34,Tier 1,Standard,Personal Loan,653,874.0,9.2,2495.0,2,2,11,0.2,0,,0.2,0.0
CUST100725,2025-07-15,22,Tier 2,Basic,Personal Loan,638,351.0,8.1,2610.0,2,1,11,14.6,1,2026-08-10,13.0,6318.0
CUST100726,2026-04-26,22,Tier 3,Premium,Insurance,769,1100.0,14.3,2546.0,1,0,29,5.1,0,,5.1,0.0
CUST100727,2025-05-06,34,Tier 1,Basic,BNPL,604,103.0,3.9,3525.0,3,2,3,16.9,1,2026-01-09,8.3,1854.0
CUST100728,2025-09-22,21,Tier 2,Standard,BNPL,744,709.0,6.5,4427.0,0,1,9,12.3,0,,12.3,0.0
CUST100729,2025-04-15,27,Tier 3,Standard,Personal Loan,693,806.0,11.8,3177.0,0,0,4,17.6,0,,17.6,0.0
CUST100730,2026-06-18,36,Tier 3,Standard,Personal Loan,660,821.0,7.1,3321.0,0,0,95,3.3,1,2026-07-22,1.1,14778.0
CUST100731,2026-07-27,24,Tier 3,Basic,Personal Loan,566,359.0,12.4,1795.0,1,2,28,2.0,0,,2.0,0.0
CUST100732,2023-10-21,44,Tier 3,Basic,BNPL,661,230.0,13.0,2002.0,0,1,59,35.7,1,2026-01-14,27.2,4140.0
CUST100733,2025-09-12,41,Tier 3,Standard,Insurance,693,514.0,4.1,2528.0,3,1,4,12.6,0,,12.6,0.0
CUST100734,2025-04-06,21,Tier 2,Standard,Credit Card,735,520.0,4.8,2682.0,1,0,7,17.9,0,,17.9,0.0
CUST100735,2026-09-21,24,Tier 2,Basic,Personal Loan,561,263.0,3.7,2537.0,1,1,34,0.2,0,,0.2,0.0
CUST100736,2026-05-18,21,Tier 3,Standard,Credit Card,702,857.0,7.0,1332.0,0,0,4,4.4,1,2026-06-15,0.9,15426.0
CUST100737,2025-08-15,25,Tier 2,Basic,Credit Card,748,198.0,14.4,1822.0,6,0,24,13.6,1,2025-12-15,4.1,3564.0
CUST100738,2026-09-02,38,Tier 3,Standard,Credit Card,771,646.0,2.0,1869.0,0,0,54,0.8,0,,0.8,0.0
CUST100739,2026-01-18,28,Tier 1,Standard,Credit Card,734,523.0,7.1,2616.0,1,0,53,8.4,0,,8.4,0.0
CUST100740,2026-04-11,35,Tier 1,Standard,BNPL,706,202.0,7.4,1911.0,0,0,9,5.6,0,,5.6,0.0
CUST100741,2026-09-21,21,Tier 1,Standard,Personal Loan,628,807.0,6.9,2017.0,1,0,15,0.2,0,,0.2,0.0
CUST100742,2026-07-08,38,Tier 1,Basic,Personal Loan,626,278.0,5.9,1962.0,4,1,8,2.7,0,,2.7,0.0
CUST100743,2026-06-18,27,Tier 1,Standard,Insurance,671,495.0,13.1,2764.0,1,0,77,3.3,0,,3.3,0.0
CUST100744,2026-08-22,32,Tier 2,Standard,Personal Loan,683,1106.0,6.7,3281.0,2,1,15,1.2,0,,1.2,0.0
CUST100745,2025-12-01,31,Tier 1,Basic,Personal Loan,546,346.0,13.3,1481.0,3,0,8,10.0,1,2026-08-25,8.9,6228.0
CUST100746,2026-07-05,21,Tier 2,Standard,Personal Loan,714,966.0,2.9,2886.0,2,0,37,2.8,0,,2.8,0.0
CUST100747,2026-06-21,22,Tier 2,Standard,Personal Loan,711,952.0,4.3,1385.0,1,0,11,3.2,0,,3.2,0.0
CUST100748,2024-11-10,39,Tier 1,Basic,Credit Card,589,245.0,6.7,2786.0,1,4,35,22.8,1,2025-02-22,3.5,4410.0
CUST100749,2026-03-22,35,Tier 1,Basic,BNPL,603,128.0,4.3,1060.0,1,0,65,6.3,1,2026-03-27,0.2,2304.0
CUST100750,2026-04-30,40,Tier 2,Premium,Credit Card,802,1470.0,13.8,3443.0,0,0,4,5.0,0,,5.0,0.0
CUST100751,2025-09-05,34,Tier 3,Basic,Credit Card,764,258.0,8.0,1954.0,4,0,30,12.9,1,2026-06-22,9.7,4644.0
CUST100752,2024-10-05,33,Tier 3,Basic,BNPL,566,122.0,6.2,2394.0,2,1,2,24.0,1,2025-06-06,8.1,2196.0
CUST100753,2026-09-19,21,Tier 3,Standard,Credit Card,688,667.0,2.7,2303.0,1,1,5,0.2,1,2026-09-25,0.2,12006.0
CUST100754,2026-04-01,29,Tier 3,Premium,BNPL,759,642.0,4.6,3423.0,0,0,1,5.9,0,,5.9,0.0
CUST100755,2025-12-17,31,Tier 2,Basic,BNPL,613,141.0,1.4,1607.0,2,2,36,9.4,0,,9.4,0.0
CUST100756,2026-06-03,47,Tier 3,Basic,Personal Loan,587,308.0,1.4,2151.0,2,2,10,3.8,0,,3.8,0.0
CUST100757,2025-07-09,37,Tier 3,Standard,BNPL,686,225.0,6.3,2340.0,1,0,29,14.8,0,,14.8,0.0
CUST100758,2023-10-25,44,Tier 3,Basic,Credit Card,649,132.0,7.1,3077.0,2,0,50,35.6,0,,35.6,0.0
CUST100759,2024-05-18,36,Tier 1,Basic,Insurance,588,178.0,8.9,1516.0,2,0,54,28.7,1,2025-12-13,19.1,3204.0
CUST100760,2026-06-26,26,Tier 3,Standard,Credit Card,716,885.0,10.2,278.0,0,1,3,3.1,1,2026-08-30,2.2,15930.0
CUST100761,2026-07-12,32,Tier 2,Standard,Insurance,637,545.0,10.8,1167.0,2,1,15,2.5,0,,2.5,0.0
CUST100762,2024-02-22,33,Tier 3,Standard,BNPL,764,491.0,3.7,2852.0,1,1,23,31.6,1,2024-05-06,2.5,8838.0
CUST100763,2026-03-26,24,Tier 1,Basic,Personal Loan,551,219.0,5.6,2268.0,1,2,14,6.1,1,2026-06-28,3.1,3942.0
CUST100764,2026-07-18,28,Tier 1,Premium,Credit Card,759,1118.0,5.6,2137.0,0,0,3,2.3,0,,2.3,0.0
CUST100765,2025-09-23,30,Tier 1,Standard,Insurance,577,409.0,9.1,1439.0,1,0,25,12.3,0,,12.3,0.0
CUST100766,2026-06-18,44,Tier 1,Basic,BNPL,608,140.0,14.5,2263.0,2,1,15,3.3,1,2026-07-23,1.2,2520.0
CUST100767,2026-06-25,21,Tier 1,Basic,Personal Loan,602,446.0,3.4,2658.0,1,0,10,3.1,0,,3.1,0.0
CUST100768,2024-12-31,41,Tier 3,Standard,BNPL,752,450.0,7.0,2093.0,1,0,17,21.1,0,,21.1,0.0
CUST100769,2026-08-04,24,Tier 1,Basic,Credit Card,584,335.0,10.5,3367.0,1,0,34,1.8,0,,1.8,0.0
CUST100770,2026-09-07,21,Tier 1,Premium,Personal Loan,802,1749.0,6.5,2960.0,0,0,15,0.6,1,2026-09-25,0.6,31482.0
CUST100771,2026-06-24,41,Tier 1,Basic,Credit Card,587,318.0,2.8,2081.0,1,1,1,3.1,0,,3.1,0.0
CUST100772,2025-12-20,37,Tier 2,Premium,Personal Loan,798,2401.0,8.6,2821.0,2,0,2,9.3,0,,9.3,0.0
CUST100773,2026-08-18,42,Tier 1,Standard,BNPL,677,376.0,8.0,2262.0,0,2,30,1.3,1,2026-08-24,0.2,6768.0
CUST100774,2026-03-19,38,Tier 1,Basic,Credit Card,691,223.0,8.8,2476.0,1,0,27,6.4,1,2026-08-09,4.8,4014.0
CUST100775,2025-12-04,48,Tier 2,Premium,BNPL,823,471.0,1.7,1992.0,0,0,16,9.9,1,2026-03-27,3.8,8478.0
CUST100776,2025-03-09,36,Tier 2,Standard,Personal Loan,730,805.0,6.9,2361.0,0,0,12,18.9,0,,18.9,0.0
CUST100777,2026-07-10,30,Tier 1,Basic,Credit Card,600,254.0,5.6,861.0,4,3,22,2.6,1,2026-09-04,1.9,4572.0
CUST100778,2025-05-04,34,Tier 1,Basic,Personal Loan,551,427.0,8.8,1482.0,1,0,17,17.0,0,,17.0,0.0
CUST100779,2026-07-08,41,Tier 1,Basic,Personal Loan,592,260.0,14.6,3263.0,6,1,41,2.7,1,2026-09-11,2.2,4680.0
CUST100780,2025-10-23,25,Tier 3,Basic,Personal Loan,623,328.0,5.9,1911.0,2,2,31,11.3,0,,11.3,0.0
CUST100781,2026-04-11,26,Tier 1,Standard,Personal Loan,698,609.0,8.2,1252.0,1,0,10,5.6,0,,5.6,0.0
CUST100782,2026-08-21,29,Tier 2,Standard,Credit Card,697,595.0,10.7,3692.0,1,0,4,1.2,0,,1.2,0.0
CUST100783,2025-09-16,21,Tier 1,Standard,Personal Loan,707,885.0,5.4,1933.0,1,0,0,12.5,0,,12.5,0.0
CUST100784,2026-07-15,33,Tier 2,Standard,Credit Card,720,717.0,4.1,2682.0,0,0,2,2.4,1,2026-09-19,2.2,12906.0
CUST100785,2026-07-30,21,Tier 1,Basic,Credit Card,539,279.0,15.1,1740.0,3,2,4,1.9,1,2026-09-13,1.5,5022.0
CUST100786,2026-05-16,32,Tier 1,Standard,BNPL,663,442.0,7.3,3032.0,0,0,17,4.4,0,,4.4,0.0
CUST100787,2025-11-13,38,Tier 2,Standard,Insurance,731,660.0,6.5,2204.0,0,0,28,10.6,0,,10.6,0.0
CUST100788,2026-07-09,28,Tier 1,Standard,Credit Card,625,656.0,11.3,692.0,1,2,12,2.6,0,,2.6,0.0
CUST100789,2026-07-28,45,Tier 1,Basic,Credit Card,717,198.0,6.0,4067.0,3,0,19,2.0,0,,2.0,0.0
CUST100790,2026-09-21,21,Tier 2,Standard,Personal Loan,679,604.0,5.3,1674.0,1,0,3,0.2,0,,0.2,0.0
CUST100791,2026-03-19,41,Tier 3,Standard,Insurance,721,514.0,9.2,1915.0,2,0,46,6.4,1,2026-04-30,1.4,9252.0
CUST100792,2026-04-12,37,Tier 1,Standard,Personal Loan,729,827.0,7.7,1111.0,0,0,27,5.6,0,,5.6,0.0
CUST100793,2026-07-09,21,Tier 2,Basic,Personal Loan,672,388.0,5.7,583.0,5,0,19,2.6,0,,2.6,0.0
CUST100794,2026-09-10,53,Tier 3,Premium,Personal Loan,689,1792.0,7.2,3187.0,0,1,1,0.5,1,2026-09-21,0.4,32256.0
CUST100795,2026-04-11,31,Tier 3,Basic,Credit Card,705,240.0,4.0,2387.0,2,0,65,5.6,1,2026-06-07,1.9,4320.0
CUST100796,2025-06-18,24,Tier 2,Basic,Personal Loan,643,344.0,2.5,458.0,3,0,7,15.5,0,,15.5,0.0
CUST100797,2025-09-15,21,Tier 2,Standard,BNPL,703,355.0,6.0,1861.0,1,0,22,12.5,0,,12.5,0.0
CUST100798,2025-02-12,30,Tier 1,Basic,Personal Loan,494,366.0,13.5,2540.0,1,0,15,19.7,0,,19.7,0.0
CUST100799,2026-09-21,30,Tier 2,Basic,Credit Card,712,349.0,7.1,2743.0,2,0,69,0.2,1,2026-09-26,0.2,6282.0
CUST100800,2023-12-13,32,Tier 1,Basic,Personal Loan,568,435.0,6.5,1403.0,4,0,31,33.9,1,2024-07-12,7.1,7830.0
CUST100801,2026-05-24,29,Tier 1,Standard,Personal Loan,660,858.0,4.5,1738.0,1,0,5,4.2,0,,4.2,0.0
CUST100802,2023-09-27,37,Tier 2,Standard,Insurance,724,629.0,9.3,1591.0,0,0,0,36.5,0,,36.5,0.0
CUST100803,2026-07-01,28,Tier 1,Basic,Personal Loan,573,404.0,11.6,1862.0,1,1,8,2.9,0,,2.9,0.0
CUST100804,2026-03-19,21,Tier 2,Standard,BNPL,646,371.0,5.9,2403.0,3,1,9,6.4,1,2026-05-19,2.0,6678.0
CUST100805,2026-05-18,30,Tier 2,Basic,Credit Card,629,284.0,6.5,2931.0,1,1,43,4.4,0,,4.4,0.0
CUST100806,2026-05-18,21,Tier 2,Basic,Personal Loan,702,268.0,13.4,2411.0,3,1,9,4.4,0,,4.4,0.0
CUST100807,2025-03-21,34,Tier 1,Basic,Insurance,683,209.0,4.6,2439.0,3,1,11,18.5,1,2026-07-09,15.8,3762.0
CUST100808,2025-08-11,24,Tier 1,Standard,Personal Loan,767,995.0,7.2,2027.0,0,1,11,13.7,0,,13.7,0.0
CUST100809,2023-09-27,33,Tier 2,Premium,BNPL,796,639.0,2.3,1145.0,0,0,0,36.5,0,,36.5,0.0
CUST100810,2025-12-15,42,Tier 3,Basic,Personal Loan,674,319.0,8.7,2069.0,0,3,51,9.5,1,2026-03-15,3.0,5742.0
CUST100811,2026-03-24,24,Tier 1,Basic,BNPL,601,71.0,5.4,1817.0,0,0,3,6.2,1,2026-05-06,1.4,1278.0
CUST100812,2026-08-29,40,Tier 1,Premium,Personal Loan,784,2382.0,12.5,1581.0,1,0,13,0.9,0,,0.9,0.0
CUST100813,2023-09-27,28,Tier 3,Basic,Credit Card,600,313.0,6.7,2215.0,2,1,11,36.5,0,,36.5,0.0
CUST100814,2026-01-29,46,Tier 1,Basic,BNPL,640,159.0,4.3,794.0,1,1,22,8.0,0,,8.0,0.0
CUST100815,2025-09-30,29,Tier 3,Standard,Insurance,675,651.0,5.9,1782.0,1,2,11,12.0,1,2025-10-08,0.3,11718.0
CUST100816,2026-04-23,25,Tier 2,Standard,Insurance,603,636.0,10.5,1580.0,0,1,6,5.2,0,,5.2,0.0
CUST100817,2026-01-31,37,Tier 2,Standard,BNPL,620,570.0,4.1,1444.0,0,0,6,7.9,1,2026-07-28,5.9,10260.0
CUST100818,2024-05-22,28,Tier 1,Premium,BNPL,724,695.0,4.5,2722.0,0,0,30,28.6,0,,28.6,0.0
CUST100819,2026-08-03,25,Tier 1,Standard,Personal Loan,682,940.0,11.1,2312.0,1,0,7,1.8,0,,1.8,0.0
CUST100820,2026-06-15,28,Tier 1,Basic,Personal Loan,612,379.0,2.7,2622.0,5,0,7,3.4,1,2026-09-06,2.8,6822.0
CUST100821,2026-08-08,31,Tier 3,Premium,Personal Loan,770,2160.0,8.8,2585.0,0,0,3,1.6,0,,1.6,0.0
CUST100822,2025-06-12,42,Tier 2,Standard,Credit Card,686,356.0,10.5,1313.0,1,1,24,15.7,0,,15.7,0.0
CUST100823,2026-09-07,21,Tier 2,Standard,Credit Card,778,572.0,8.9,3184.0,2,0,7,0.6,1,2026-09-12,0.2,10296.0
CUST100824,2026-09-01,32,Tier 3,Standard,Credit Card,628,518.0,17.1,1771.0,4,1,4,0.8,0,,0.8,0.0
CUST100825,2026-06-12,36,Tier 1,Basic,Personal Loan,673,332.0,13.7,3216.0,2,0,19,3.5,0,,3.5,0.0
CUST100826,2026-02-22,33,Tier 2,Standard,BNPL,681,128.0,12.3,1856.0,0,1,3,7.2,0,,7.2,0.0
CUST100827,2026-04-23,42,Tier 2,Standard,Personal Loan,627,579.0,5.2,1054.0,0,1,10,5.2,1,2026-05-28,1.2,10422.0
CUST100828,2026-09-13,31,Tier 3,Basic,Credit Card,669,359.0,8.5,1255.0,1,0,69,0.4,1,2026-09-24,0.4,6462.0
CUST100829,2024-02-22,30,Tier 1,Standard,Credit Card,655,730.0,9.9,3054.0,0,1,9,31.6,0,,31.6,0.0
CUST100830,2024-03-24,36,Tier 2,Standard,BNPL,764,406.0,8.4,2690.0,0,0,14,30.5,0,,30.5,0.0
CUST100831,2026-06-20,32,Tier 3,Standard,BNPL,623,437.0,3.8,1528.0,0,0,31,3.3,0,,3.3,0.0
CUST100832,2025-08-28,28,Tier 2,Premium,Credit Card,802,1441.0,9.3,2397.0,1,0,7,13.1,0,,13.1,0.0
CUST100833,2026-01-10,36,Tier 1,Standard,Personal Loan,709,975.0,3.0,3075.0,1,1,1,8.6,0,,8.6,0.0
CUST100834,2026-07-07,26,Tier 2,Standard,Credit Card,699,568.0,10.1,3666.0,1,1,5,2.7,0,,2.7,0.0
CUST100835,2026-06-27,27,Tier 1,Standard,Personal Loan,678,869.0,5.6,2337.0,0,0,45,3.0,0,,3.0,0.0
CUST100836,2026-03-08,27,Tier 2,Basic,Credit Card,655,261.0,1.0,2490.0,2,1,57,6.7,0,,6.7,0.0
CUST100837,2026-04-16,42,Tier 3,Standard,Credit Card,705,514.0,8.7,2054.0,0,0,29,5.4,0,,5.4,0.0
CUST100838,2026-06-15,21,Tier 2,Standard,Personal Loan,621,1011.0,10.3,2212.0,2,2,16,3.4,0,,3.4,0.0
CUST100839,2025-05-20,35,Tier 2,Basic,Personal Loan,468,303.0,4.1,2717.0,1,0,15,16.5,0,,16.5,0.0
CUST100840,2026-03-13,32,Tier 2,Premium,Insurance,726,1545.0,7.2,1224.0,1,0,12,6.6,0,,6.6,0.0
CUST100841,2025-11-11,21,Tier 1,Basic,Insurance,627,231.0,4.9,2785.0,2,0,38,10.6,1,2026-06-30,7.7,4158.0
CUST100842,2026-07-26,34,Tier 1,Standard,Credit Card,762,862.0,7.9,1851.0,1,0,21,2.1,0,,2.1,0.0
CUST100843,2026-02-10,35,Tier 3,Basic,Personal Loan,613,273.0,10.1,1536.0,3,2,25,7.6,0,,7.6,0.0
CUST100844,2026-06-04,36,Tier 2,Premium,Personal Loan,777,1516.0,11.8,1539.0,0,0,3,3.8,0,,3.8,0.0
CUST100845,2026-02-14,21,Tier 1,Standard,Credit Card,776,532.0,10.5,3912.0,0,0,11,7.5,0,,7.5,0.0
CUST100846,2025-06-28,42,Tier 1,Premium,Insurance,794,1297.0,11.5,3368.0,1,0,7,15.2,0,,15.2,0.0
CUST100847,2025-07-14,26,Tier 2,Basic,Personal Loan,630,402.0,7.0,1423.0,3,1,9,14.6,0,,14.6,0.0
CUST100848,2026-05-18,37,Tier 3,Standard,BNPL,682,597.0,6.2,2443.0,1,0,5,4.4,0,,4.4,0.0
CUST100849,2025-10-06,37,Tier 3,Standard,Personal Loan,801,545.0,9.7,2407.0,0,0,31,11.8,1,2026-03-09,5.1,9810.0
CUST100850,2024-05-29,24,Tier 1,Premium,Insurance,717,1330.0,7.6,3760.0,0,0,4,28.3,0,,28.3,0.0
CUST100851,2025-12-06,37,Tier 3,Basic,Credit Card,574,89.0,5.4,1804.0,1,0,127,9.8,1,2026-02-12,2.3,1602.0
CUST100852,2026-08-09,28,Tier 2,Standard,BNPL,660,493.0,13.5,200.0,1,1,11,1.6,0,,1.6,0.0
CUST100853,2025-10-20,21,Tier 2,Basic,Credit Card,540,306.0,14.5,2091.0,3,1,33,11.4,1,2025-12-30,2.4,5508.0
CUST100854,2026-08-24,41,Tier 2,Standard,Credit Card,700,645.0,11.3,1955.0,0,0,14,1.1,0,,1.1,0.0
CUST100855,2025-01-18,25,Tier 1,Standard,Personal Loan,751,856.0,10.5,2611.0,0,0,14,20.5,0,,20.5,0.0
CUST100856,2026-02-20,25,Tier 3,Premium,Personal Loan,754,1841.0,10.7,2973.0,1,0,22,7.3,0,,7.3,0.0
CUST100857,2026-05-04,28,Tier 1,Standard,Insurance,657,483.0,14.4,3230.0,0,2,2,4.8,0,,4.8,0.0
CUST100858,2026-09-09,34,Tier 1,Standard,Insurance,610,641.0,13.7,3201.0,2,1,8,0.6,0,,0.6,0.0
CUST100859,2026-05-06,31,Tier 3,Premium,BNPL,772,775.0,8.5,2785.0,1,0,3,4.8,0,,4.8,0.0
CUST100860,2024-10-26,36,Tier 2,Basic,Credit Card,647,297.0,8.1,3146.0,2,2,14,23.3,0,,23.3,0.0
CUST100861,2026-09-20,21,Tier 3,Standard,BNPL,599,375.0,7.3,970.0,0,1,49,0.2,0,,0.2,0.0
CUST100862,2026-03-17,26,Tier 2,Standard,Personal Loan,783,733.0,3.2,1968.0,0,0,1,6.4,0,,6.4,0.0
CUST100863,2024-07-16,31,Tier 1,Standard,Credit Card,653,450.0,7.5,2206.0,3,0,7,26.7,0,,26.7,0.0
CUST100864,2026-04-29,47,Tier 3,Standard,Credit Card,670,408.0,0.0,2610.0,0,0,27,5.0,1,2026-09-26,5.0,7344.0
CUST100865,2026-04-12,31,Tier 1,Standard,Credit Card,624,821.0,10.0,1634.0,1,0,5,5.6,0,,5.6,0.0
CUST100866,2026-01-10,40,Tier 3,Standard,Credit Card,727,590.0,0.0,1596.0,2,0,36,8.6,1,2026-07-14,6.2,10620.0
CUST100867,2026-03-24,32,Tier 1,Standard,Personal Loan,640,889.0,6.6,1881.0,1,2,8,6.2,1,2026-06-26,3.1,16002.0
CUST100868,2026-08-02,28,Tier 3,Basic,Credit Card,598,339.0,6.2,2592.0,1,0,4,1.8,1,2026-09-11,1.3,6102.0
CUST100869,2026-09-21,30,Tier 1,Basic,BNPL,654,122.0,12.4,100.0,3,0,26,0.2,1,2026-09-26,0.2,2196.0
CUST100870,2025-12-18,30,Tier 2,Standard,Credit Card,655,568.0,6.3,2183.0,1,1,14,9.4,0,,9.4,0.0
CUST100871,2024-08-27,36,Tier 3,Standard,Personal Loan,694,828.0,10.7,1550.0,0,0,1,25.3,0,,25.3,0.0
CUST100872,2026-08-24,42,Tier 2,Basic,Personal Loan,579,326.0,6.3,1427.0,0,3,44,1.1,0,,1.1,0.0
CUST100873,2026-07-17,34,Tier 2,Standard,Personal Loan,626,1090.0,11.8,2499.0,1,3,3,2.4,1,2026-09-07,1.7,19620.0
CUST100874,2026-05-11,41,Tier 3,Premium,Personal Loan,728,2258.0,4.6,2330.0,0,0,2,4.6,0,,4.6,0.0
CUST100875,2025-05-18,24,Tier 2,Standard,Credit Card,671,731.0,10.9,2384.0,1,1,17,16.5,1,2026-06-02,12.7,13158.0
CUST100876,2026-06-24,28,Tier 3,Basic,Credit Card,704,322.0,3.0,2352.0,4,0,78,3.1,1,2026-09-07,2.5,5796.0
CUST100877,2024-12-24,26,Tier 2,Basic,BNPL,680,141.0,13.4,3460.0,1,0,1,21.4,0,,21.4,0.0
CUST100878,2026-09-10,34,Tier 1,Premium,Credit Card,724,1484.0,3.4,3260.0,0,0,17,0.5,0,,0.5,0.0
CUST100879,2024-05-31,29,Tier 1,Standard,BNPL,750,351.0,13.3,946.0,0,0,28,28.3,1,2026-08-12,26.8,6318.0
CUST100880,2026-01-23,37,Tier 1,Standard,Personal Loan,701,677.0,1.2,1761.0,2,0,4,8.2,0,,8.2,0.0
CUST100881,2025-11-08,24,Tier 1,Basic,Credit Card,637,310.0,9.9,1868.0,3,0,16,10.7,1,2026-06-07,7.0,5580.0
CUST100882,2026-05-12,32,Tier 2,Premium,BNPL,754,989.0,10.9,833.0,0,0,24,4.6,0,,4.6,0.0
CUST100883,2025-06-27,37,Tier 1,Premium,Personal Loan,792,1825.0,10.1,4652.0,1,0,2,15.2,0,,15.2,0.0
CUST100884,2026-08-03,21,Tier 1,Basic,Personal Loan,607,325.0,7.9,2293.0,4,0,4,1.8,1,2026-09-23,1.7,5850.0
CUST100885,2026-09-11,48,Tier 1,Standard,BNPL,686,194.0,7.7,1133.0,1,1,27,0.5,0,,0.5,0.0
CUST100886,2026-04-28,29,Tier 3,Basic,Credit Card,671,201.0,10.9,3161.0,0,1,22,5.0,0,,5.0,0.0
CUST100887,2025-02-27,21,Tier 2,Standard,BNPL,690,434.0,7.1,2320.0,0,0,7,19.2,0,,19.2,0.0
CUST100888,2025-08-01,33,Tier 1,Premium,Personal Loan,785,1672.0,7.7,1516.0,1,0,2,14.0,0,,14.0,0.0
CUST100889,2026-02-20,32,Tier 3,Standard,BNPL,660,362.0,5.8,2827.0,1,0,26,7.3,0,,7.3,0.0
CUST100890,2026-01-15,31,Tier 1,Basic,Credit Card,643,245.0,8.8,3025.0,1,1,20,8.5,0,,8.5,0.0
CUST100891,2026-08-16,39,Tier 3,Basic,Personal Loan,634,291.0,7.5,2823.0,1,0,10,1.4,0,,1.4,0.0
CUST100892,2025-03-24,37,Tier 2,Basic,Credit Card,682,202.0,8.8,2693.0,3,2,101,18.4,1,2025-09-28,6.3,3636.0
CUST100893,2025-06-20,34,Tier 1,Standard,Personal Loan,779,635.0,5.9,1564.0,1,1,16,15.4,0,,15.4,0.0
CUST100894,2025-11-10,35,Tier 2,Basic,Credit Card,705,243.0,3.1,721.0,2,0,15,10.7,0,,10.7,0.0
CUST100895,2026-03-22,31,Tier 3,Standard,Personal Loan,639,925.0,5.6,1118.0,0,0,25,6.3,0,,6.3,0.0
CUST100896,2023-12-30,46,Tier 2,Standard,Personal Loan,690,631.0,11.1,1772.0,0,1,14,33.4,0,,33.4,0.0
CUST100897,2025-01-01,21,Tier 3,Basic,Personal Loan,544,324.0,3.5,639.0,3,1,0,21.1,0,,21.1,0.0
CUST100898,2025-11-20,33,Tier 1,Premium,Personal Loan,725,1899.0,6.8,3822.0,0,2,18,10.3,1,2026-04-11,4.7,34182.0
CUST100899,2026-05-10,32,Tier 1,Premium,Insurance,786,983.0,15.4,1304.0,3,0,1,4.6,0,,4.6,0.0
CUST100900,2025-12-12,38,Tier 1,Standard,Personal Loan,685,1030.0,2.8,2030.0,1,1,91,9.6,0,,9.6,0.0
CUST100901,2026-01-12,25,Tier 1,Premium,Credit Card,726,1292.0,8.5,2323.0,0,0,4,8.6,0,,8.6,0.0
CUST100902,2026-04-29,21,Tier 1,Standard,Personal Loan,730,832.0,4.4,3192.0,0,0,15,5.0,0,,5.0,0.0
CUST100903,2026-06-09,33,Tier 3,Standard,Credit Card,735,629.0,6.7,2640.0,0,1,154,3.6,0,,3.6,0.0
CUST100904,2026-04-23,34,Tier 1,Standard,Insurance,678,355.0,9.0,2377.0,2,0,6,5.2,0,,5.2,0.0
CUST100905,2026-01-14,43,Tier 2,Basic,Personal Loan,556,375.0,4.3,4303.0,1,1,22,8.5,1,2026-05-14,4.0,6750.0
CUST100906,2026-04-12,21,Tier 2,Basic,Insurance,573,177.0,3.6,3648.0,2,0,49,5.6,0,,5.6,0.0
CUST100907,2026-06-27,41,Tier 3,Standard,Personal Loan,694,814.0,10.3,2556.0,1,0,13,3.0,1,2026-08-16,1.7,14652.0
CUST100908,2025-07-24,50,Tier 3,Standard,BNPL,696,468.0,6.8,2461.0,0,0,8,14.3,1,2025-10-02,2.3,8424.0
CUST100909,2026-02-11,28,Tier 3,Standard,Credit Card,566,840.0,4.0,2081.0,0,2,3,7.6,1,2026-02-25,0.5,15120.0
CUST100910,2026-09-05,21,Tier 3,Standard,BNPL,600,250.0,5.9,2854.0,0,1,14,0.7,0,,0.7,0.0
CUST100911,2026-05-12,28,Tier 3,Standard,Credit Card,649,592.0,9.5,1866.0,1,0,16,4.6,0,,4.6,0.0
CUST100912,2024-12-17,32,Tier 3,Basic,Credit Card,529,319.0,11.9,1534.0,1,4,9,21.6,1,2025-04-05,3.6,5742.0
CUST100913,2025-07-31,36,Tier 2,Standard,Personal Loan,651,905.0,5.8,3454.0,2,1,8,14.1,0,,14.1,0.0
CUST100914,2026-06-01,27,Tier 1,Standard,Personal Loan,620,932.0,7.5,1512.0,1,0,7,3.9,1,2026-06-26,0.8,16776.0
CUST100915,2024-06-13,44,Tier 2,Standard,Insurance,717,448.0,15.7,2168.0,0,0,11,27.8,0,,27.8,0.0
CUST100916,2026-09-03,23,Tier 2,Standard,Credit Card,680,601.0,5.1,1851.0,1,0,32,0.8,0,,0.8,0.0
CUST100917,2024-01-25,21,Tier 1,Basic,Credit Card,616,242.0,8.7,2140.0,1,1,14,32.5,0,,32.5,0.0
CUST100918,2026-07-04,40,Tier 1,Basic,BNPL,656,107.0,14.1,2382.0,1,0,11,2.8,0,,2.8,0.0
CUST100919,2026-09-21,21,Tier 2,Premium,Credit Card,695,931.0,6.3,2206.0,0,0,18,0.2,1,2026-09-26,0.2,16758.0
CUST100920,2026-04-09,30,Tier 3,Basic,Insurance,618,199.0,12.7,1411.0,0,0,58,5.7,1,2026-06-01,1.8,3582.0
CUST100921,2026-05-16,56,Tier 1,Standard,BNPL,669,566.0,9.5,1833.0,2,2,32,4.4,0,,4.4,0.0
CUST100922,2026-02-06,31,Tier 3,Basic,Credit Card,587,253.0,14.0,2789.0,2,1,48,7.7,0,,7.7,0.0
CUST100923,2025-06-05,23,Tier 2,Basic,BNPL,687,219.0,8.1,2401.0,1,0,77,15.9,1,2025-09-09,3.2,3942.0
CUST100924,2025-03-21,31,Tier 3,Standard,Personal Loan,617,868.0,6.7,2556.0,1,1,25,18.5,0,,18.5,0.0
CUST100925,2026-04-26,31,Tier 3,Premium,Personal Loan,745,1606.0,4.3,3014.0,1,0,2,5.1,0,,5.1,0.0
CUST100926,2026-04-11,33,Tier 3,Standard,Credit Card,677,816.0,0.7,2686.0,1,1,1,5.6,0,,5.6,0.0
CUST100927,2026-08-09,37,Tier 2,Standard,Personal Loan,548,873.0,2.3,1661.0,0,2,4,1.6,0,,1.6,0.0
CUST100928,2026-09-12,23,Tier 1,Basic,BNPL,628,198.0,1.3,2493.0,2,0,16,0.5,0,,0.5,0.0
CUST100929,2025-11-23,45,Tier 2,Standard,Insurance,671,446.0,0.0,2471.0,0,0,1,10.2,1,2026-08-13,8.8,8028.0
CUST100930,2026-09-07,33,Tier 3,Premium,Credit Card,804,1691.0,3.0,772.0,0,0,14,0.6,0,,0.6,0.0
CUST100931,2025-08-25,37,Tier 3,Basic,Credit Card,640,303.0,14.2,695.0,3,1,36,13.2,1,2026-03-14,6.7,5454.0
CUST100932,2026-02-06,26,Tier 3,Basic,Insurance,689,239.0,6.9,2600.0,0,1,44,7.7,1,2026-06-18,4.4,4302.0
CUST100933,2026-07-22,42,Tier 1,Standard,Credit Card,683,545.0,7.5,1694.0,0,1,2,2.2,0,,2.2,0.0
CUST100934,2026-02-06,29,Tier 2,Standard,Credit Card,692,644.0,10.0,1785.0,2,1,8,7.7,0,,7.7,0.0
CUST100935,2026-07-28,34,Tier 1,Standard,Credit Card,601,729.0,7.7,2446.0,0,1,12,2.0,0,,2.0,0.0
CUST100936,2026-04-06,24,Tier 1,Premium,Insurance,786,1326.0,10.8,2214.0,1,0,9,5.8,0,,5.8,0.0
CUST100937,2025-06-01,24,Tier 1,Basic,Credit Card,612,280.0,3.8,2149.0,3,2,57,16.1,0,,16.1,0.0
CUST100938,2026-03-25,37,Tier 1,Premium,BNPL,759,1123.0,7.1,3547.0,0,0,38,6.2,0,,6.2,0.0
CUST100939,2026-08-09,28,Tier 3,Standard,BNPL,691,306.0,3.7,1975.0,1,0,2,1.6,0,,1.6,0.0
CUST100940,2025-09-05,25,Tier 1,Standard,Credit Card,627,500.0,11.7,2434.0,0,0,21,12.9,0,,12.9,0.0
CUST100941,2026-07-26,26,Tier 1,Standard,Credit Card,639,645.0,10.9,1670.0,2,0,3,2.1,0,,2.1,0.0
CUST100942,2025-08-20,37,Tier 3,Basic,BNPL,743,134.0,0.1,3132.0,2,0,12,13.4,0,,13.4,0.0
CUST100943,2026-03-15,26,Tier 1,Basic,Credit Card,593,289.0,8.6,2503.0,4,1,52,6.5,0,,6.5,0.0
CUST100944,2026-03-29,31,Tier 1,Standard,BNPL,715,250.0,10.7,3785.0,2,0,103,6.0,1,2026-06-10,2.4,4500.0
CUST100945,2025-03-03,32,Tier 1,Premium,Insurance,743,1546.0,11.0,2329.0,1,0,7,19.1,0,,19.1,0.0
CUST100946,2025-09-22,21,Tier 1,Premium,Credit Card,744,1779.0,9.4,2478.0,0,0,4,12.3,0,,12.3,0.0
CUST100947,2026-09-16,21,Tier 1,Basic,BNPL,739,150.0,10.4,2164.0,2,0,8,0.3,0,,0.3,0.0
CUST100948,2026-06-13,34,Tier 1,Basic,BNPL,561,153.0,16.6,3615.0,4,0,53,3.5,1,2026-08-29,2.6,2754.0
CUST100949,2025-01-20,26,Tier 2,Standard,BNPL,780,290.0,16.8,2532.0,0,0,47,20.5,1,2025-08-28,7.3,5220.0
CUST100950,2026-09-21,40,Tier 1,Basic,Credit Card,651,223.0,7.3,2126.0,2,1,66,0.2,1,2026-09-26,0.2,4014.0
CUST100951,2026-02-02,39,Tier 1,Basic,Personal Loan,581,305.0,7.1,1395.0,2,2,25,7.9,0,,7.9,0.0
CUST100952,2025-09-01,37,Tier 3,Standard,Credit Card,682,838.0,5.1,215.0,2,1,18,13.0,0,,13.0,0.0
CUST100953,2025-12-09,46,Tier 2,Basic,BNPL,687,146.0,11.8,2282.0,4,1,63,9.7,1,2026-08-16,8.3,2628.0
CUST100954,2025-07-25,31,Tier 3,Standard,Credit Card,639,478.0,8.0,1927.0,3,1,53,14.3,1,2025-11-25,4.1,8604.0
CUST100955,2025-09-03,37,Tier 2,Standard,BNPL,689,423.0,12.7,100.0,1,1,56,12.9,0,,12.9,0.0
CUST100956,2025-10-08,27,Tier 1,Standard,Credit Card,726,757.0,4.4,1831.0,0,0,23,11.8,0,,11.8,0.0
CUST100957,2025-04-27,51,Tier 3,Premium,Credit Card,764,1393.0,4.6,1264.0,0,0,2,17.2,0,,17.2,0.0
CUST100958,2025-11-19,47,Tier 1,Standard,Personal Loan,711,1036.0,5.3,3700.0,1,0,8,10.4,0,,10.4,0.0
CUST100959,2026-04-25,32,Tier 1,Basic,BNPL,591,189.0,9.2,2143.0,2,2,11,5.1,0,,5.1,0.0
CUST100960,2026-03-19,35,Tier 2,Premium,Credit Card,717,1106.0,10.5,3314.0,1,0,2,6.4,0,,6.4,0.0
CUST100961,2025-09-13,42,Tier 2,Basic,Personal Loan,637,297.0,2.8,2606.0,1,2,10,12.6,0,,12.6,0.0
CUST100962,2025-01-08,30,Tier 3,Standard,Personal Loan,817,874.0,4.6,3116.0,1,0,41,20.9,0,,20.9,0.0
CUST100963,2026-06-23,26,Tier 3,Standard,BNPL,644,173.0,9.3,4271.0,3,2,29,3.2,0,,3.2,0.0
CUST100964,2026-05-24,38,Tier 1,Standard,Credit Card,692,694.0,4.7,2936.0,0,0,1,4.2,0,,4.2,0.0
CUST100965,2024-07-18,32,Tier 2,Standard,Personal Loan,757,616.0,7.8,5089.0,2,0,3,26.7,0,,26.7,0.0
CUST100966,2026-01-10,33,Tier 2,Basic,Insurance,580,276.0,4.7,2762.0,1,1,147,8.6,1,2026-09-24,8.6,4968.0
CUST100967,2026-07-29,25,Tier 3,Standard,BNPL,754,508.0,4.0,3298.0,0,0,5,2.0,0,,2.0,0.0
CUST100968,2025-11-04,21,Tier 3,Standard,Insurance,582,651.0,6.1,1899.0,1,0,20,10.9,1,2026-07-21,8.6,11718.0
CUST100969,2023-09-27,33,Tier 3,Standard,Credit Card,679,562.0,4.1,916.0,2,0,5,36.5,0,,36.5,0.0
CUST100970,2025-04-24,39,Tier 1,Basic,Credit Card,676,259.0,7.2,100.0,2,1,9,17.3,0,,17.3,0.0
CUST100971,2025-08-12,30,Tier 3,Basic,BNPL,580,124.0,12.5,2995.0,1,1,24,13.7,1,2026-08-26,12.6,2232.0
CUST100972,2026-07-19,43,Tier 1,Basic,Credit Card,721,198.0,5.0,1763.0,2,1,23,2.3,1,2026-09-12,1.8,3564.0
CUST100973,2025-01-08,26,Tier 1,Standard,BNPL,754,346.0,5.2,1894.0,0,2,21,20.9,1,2025-02-08,1.0,6228.0
CUST100974,2026-02-15,23,Tier 3,Premium,Personal Loan,746,2016.0,6.1,1881.0,0,0,2,7.4,0,,7.4,0.0
CUST100975,2024-12-05,31,Tier 1,Standard,Credit Card,824,656.0,6.9,1600.0,0,0,6,22.0,0,,22.0,0.0
CUST100976,2026-05-29,31,Tier 3,Standard,Personal Loan,715,1034.0,7.9,3691.0,0,0,20,4.0,0,,4.0,0.0
CUST100977,2026-09-07,38,Tier 1,Premium,Personal Loan,751,2034.0,9.9,1406.0,0,0,1,0.6,0,,0.6,0.0
CUST100978,2026-03-17,25,Tier 3,Standard,Personal Loan,661,931.0,7.3,2640.0,2,0,48,6.4,1,2026-08-17,5.1,16758.0
CUST100979,2026-06-24,42,Tier 1,Standard,Personal Loan,629,636.0,6.3,2640.0,1,0,4,3.1,0,,3.1,0.0
CUST100980,2025-09-15,47,Tier 1,Standard,Insurance,790,548.0,4.9,864.0,1,0,12,12.5,0,,12.5,0.0
CUST100981,2024-02-25,31,Tier 1,Basic,Personal Loan,560,272.0,5.2,2719.0,2,1,4,31.5,0,,31.5,0.0
CUST100982,2025-10-09,41,Tier 2,Premium,BNPL,705,789.0,4.1,1165.0,2,0,12,11.7,0,,11.7,0.0
CUST100983,2024-12-12,23,Tier 1,Premium,BNPL,726,646.0,15.7,2119.0,0,1,4,21.8,0,,21.8,0.0
CUST100984,2026-03-29,40,Tier 2,Basic,Credit Card,539,231.0,5.8,1855.0,0,0,3,6.0,0,,6.0,0.0
CUST100985,2025-07-10,40,Tier 1,Standard,Personal Loan,716,983.0,7.3,2248.0,2,0,18,14.8,0,,14.8,0.0
CUST100986,2025-03-20,38,Tier 1,Basic,BNPL,677,174.0,2.7,2742.0,1,2,138,18.5,1,2026-02-11,10.9,3132.0
CUST100987,2025-09-19,31,Tier 1,Standard,Credit Card,637,781.0,9.0,1407.0,1,1,41,12.4,0,,12.4,0.0
CUST100988,2026-02-26,21,Tier 2,Standard,BNPL,669,182.0,9.8,1675.0,1,0,24,7.1,1,2026-07-12,4.5,3276.0
CUST100989,2025-12-06,26,Tier 3,Basic,BNPL,584,153.0,7.6,736.0,0,0,0,9.8,0,,9.8,0.0
CUST100990,2025-09-30,26,Tier 3,Basic,Insurance,619,273.0,6.6,1221.0,5,1,69,12.0,1,2026-01-23,3.8,4914.0
CUST100991,2026-07-01,24,Tier 1,Basic,Credit Card,600,325.0,4.9,2884.0,1,1,79,2.9,0,,2.9,0.0
CUST100992,2025-05-17,32,Tier 2,Standard,Credit Card,695,449.0,1.0,1866.0,0,1,1,16.6,0,,16.6,0.0
CUST100993,2024-04-09,28,Tier 3,Standard,Credit Card,707,604.0,1.3,3019.0,1,1,3,30.0,0,,30.0,0.0
CUST100994,2026-03-23,25,Tier 1,Standard,Personal Loan,635,979.0,6.0,1344.0,1,0,12,6.2,0,,6.2,0.0
CUST100995,2025-09-29,23,Tier 2,Premium,BNPL,776,786.0,14.0,1506.0,1,0,5,12.1,0,,12.1,0.0
CUST100996,2025-08-22,26,Tier 2,Basic,Personal Loan,541,279.0,0.7,3193.0,2,3,12,13.3,1,2025-09-08,0.6,5022.0
CUST100997,2025-11-05,40,Tier 1,Premium,Credit Card,760,966.0,7.9,2406.0,0,0,2,10.8,0,,10.8,0.0
CUST100998,2026-02-01,26,Tier 1,Basic,BNPL,615,103.0,1.8,858.0,1,1,28,7.9,1,2026-07-15,5.5,1854.0
CUST100999,2024-12-25,27,Tier 1,Standard,Credit Card,649,430.0,8.6,1691.0,0,2,30,21.3,0,,21.3,0.0
CUST101000,2026-04-01,28,Tier 2,Standard,Credit Card,597,658.0,9.9,2975.0,0,3,55,5.9,0,,5.9,0.0
CUST101001,2026-09-08,34,Tier 1,Standard,Credit Card,731,767.0,5.8,2048.0,0,0,7,0.6,0,,0.6,0.0
CUST101002,2025-03-17,35,Tier 1,Basic,BNPL,695,87.0,9.0,3296.0,2,0,43,18.6,0,,18.6,0.0
CUST101003,2025-10-25,21,Tier 1,Basic,Credit Card,680,263.0,5.0,1036.0,2,1,54,11.2,0,,11.2,0.0
CUST101004,2025-03-08,40,Tier 1,Basic,BNPL,633,192.0,18.1,3292.0,0,0,23,18.9,0,,18.9,0.0
CUST101005,2026-08-13,43,Tier 1,Basic,Personal Loan,686,325.0,7.5,1136.0,3,1,89,1.5,1,2026-08-22,0.3,5850.0
CUST101006,2026-09-17,23,Tier 3,Basic,BNPL,556,69.0,10.8,2421.0,2,1,1,0.3,0,,0.3,0.0
CUST101007,2024-07-01,24,Tier 1,Basic,BNPL,600,169.0,9.6,3053.0,2,0,81,27.2,1,2025-08-24,14.0,3042.0
CUST101008,2026-08-10,28,Tier 2,Standard,Personal Loan,662,838.0,3.8,2317.0,1,0,45,1.6,0,,1.6,0.0
CUST101009,2025-05-17,25,Tier 1,Standard,Credit Card,703,630.0,4.6,2715.0,1,0,3,16.6,0,,16.6,0.0
CUST101010,2025-04-25,33,Tier 2,Standard,Personal Loan,751,774.0,11.3,3122.0,0,0,12,17.3,0,,17.3,0.0
CUST101011,2025-09-21,21,Tier 2,Basic,BNPL,643,154.0,11.9,2627.0,2,1,25,12.3,1,2025-11-24,2.1,2772.0
CUST101012,2026-08-15,23,Tier 1,Basic,Credit Card,612,275.0,6.8,1919.0,2,0,18,1.4,0,,1.4,0.0
CUST101013,2025-10-31,44,Tier 3,Premium,Credit Card,747,2069.0,10.6,1995.0,0,0,23,11.0,0,,11.0,0.0
CUST101014,2024-12-06,24,Tier 2,Basic,Personal Loan,605,331.0,7.2,1439.0,1,0,44,22.0,0,,22.0,0.0
CUST101015,2026-04-13,41,Tier 3,Basic,Personal Loan,547,401.0,3.2,1105.0,5,1,5,5.5,0,,5.5,0.0
CUST101016,2026-04-19,34,Tier 2,Standard,Personal Loan,690,892.0,8.3,3385.0,0,2,52,5.3,0,,5.3,0.0
CUST101017,2026-04-04,21,Tier 3,Standard,Credit Card,674,637.0,10.8,2752.0,1,0,1,5.8,0,,5.8,0.0
CUST101018,2026-09-01,37,Tier 3,Basic,Credit Card,495,257.0,13.9,3502.0,1,2,32,0.8,1,2026-09-20,0.6,4626.0
CUST101019,2024-11-28,31,Tier 3,Premium,BNPL,723,498.0,10.8,2748.0,0,0,7,22.2,0,,22.2,0.0
CUST101020,2025-01-24,28,Tier 2,Basic,BNPL,669,165.0,1.7,1881.0,1,0,3,20.3,0,,20.3,0.0
CUST101021,2023-09-27,33,Tier 2,Standard,Credit Card,689,391.0,2.8,1150.0,2,0,24,36.5,0,,36.5,0.0
CUST101022,2026-01-06,35,Tier 3,Basic,Insurance,634,182.0,9.0,1737.0,3,0,115,8.8,1,2026-04-24,3.6,3276.0
CUST101023,2025-08-05,37,Tier 3,Basic,BNPL,674,155.0,15.6,2807.0,1,1,21,13.9,1,2026-04-07,8.2,2790.0
CUST101024,2026-07-21,41,Tier 3,Basic,Insurance,593,285.0,11.5,1558.0,1,3,25,2.2,1,2026-08-12,0.7,5130.0
CUST101025,2025-10-31,35,Tier 1,Standard,Credit Card,683,836.0,5.8,3386.0,0,0,10,11.0,0,,11.0,0.0
CUST101026,2025-11-16,21,Tier 3,Basic,Personal Loan,577,313.0,7.9,1875.0,4,0,73,10.5,0,,10.5,0.0
CUST101027,2024-11-01,28,Tier 1,Basic,Personal Loan,620,333.0,6.7,1115.0,2,0,92,23.1,1,2025-12-22,13.9,5994.0
CUST101028,2025-04-12,55,Tier 2,Standard,BNPL,742,518.0,8.3,1917.0,1,1,10,17.7,0,,17.7,0.0
CUST101029,2024-06-12,37,Tier 1,Basic,Personal Loan,671,259.0,16.3,2408.0,1,0,78,27.9,1,2026-08-01,26.0,4662.0
CUST101030,2025-01-25,50,Tier 1,Premium,Credit Card,823,1513.0,6.2,3730.0,0,0,2,20.3,0,,20.3,0.0
CUST101031,2025-01-25,43,Tier 3,Standard,Credit Card,695,542.0,15.5,2302.0,0,0,12,20.3,1,2025-11-09,9.6,9756.0
CUST101032,2026-09-07,33,Tier 1,Standard,Credit Card,652,628.0,9.3,1640.0,2,0,6,0.6,0,,0.6,0.0
CUST101033,2025-03-14,34,Tier 2,Premium,Credit Card,726,1271.0,11.8,3475.0,0,0,3,18.7,0,,18.7,0.0
CUST101034,2025-12-20,31,Tier 2,Premium,Personal Loan,770,1942.0,6.3,3234.0,0,1,19,9.3,0,,9.3,0.0
CUST101035,2026-05-06,21,Tier 1,Basic,Credit Card,606,278.0,4.8,2103.0,2,2,44,4.8,1,2026-05-28,0.7,5004.0
CUST101036,2026-09-09,32,Tier 1,Standard,Credit Card,732,766.0,12.9,743.0,3,0,1,0.6,0,,0.6,0.0
CUST101037,2025-10-22,41,Tier 2,Basic,Insurance,668,242.0,4.2,1676.0,0,0,50,11.3,0,,11.3,0.0
CUST101038,2026-05-30,27,Tier 1,Premium,BNPL,740,888.0,10.7,2854.0,0,0,9,4.0,0,,4.0,0.0
CUST101039,2026-03-21,35,Tier 3,Standard,Insurance,741,826.0,12.4,3324.0,1,0,31,6.3,1,2026-04-01,0.4,14868.0
CUST101040,2025-10-18,38,Tier 3,Standard,BNPL,613,192.0,3.9,2328.0,0,1,18,11.4,0,,11.4,0.0
CUST101041,2024-09-28,24,Tier 1,Basic,Credit Card,559,335.0,7.3,2124.0,1,2,17,24.3,0,,24.3,0.0
CUST101042,2025-04-21,28,Tier 1,Standard,Personal Loan,756,807.0,3.8,1738.0,0,0,14,17.4,0,,17.4,0.0
CUST101043,2026-03-31,23,Tier 2,Basic,BNPL,610,179.0,8.2,2872.0,0,2,5,6.0,0,,6.0,0.0
CUST101044,2026-05-02,25,Tier 2,Basic,Credit Card,615,234.0,6.6,1285.0,2,2,13,4.9,0,,4.9,0.0
CUST101045,2026-07-06,21,Tier 1,Basic,Credit Card,693,215.0,18.1,1707.0,1,0,1,2.7,1,2026-07-29,0.8,3870.0
CUST101046,2026-05-10,24,Tier 1,Standard,Credit Card,698,713.0,6.1,3435.0,0,1,10,4.6,0,,4.6,0.0
CUST101047,2026-08-22,43,Tier 2,Premium,Credit Card,761,1692.0,12.2,3075.0,0,0,1,1.2,1,2026-09-14,0.8,30456.0
CUST101048,2023-10-29,24,Tier 3,Basic,Credit Card,632,274.0,6.6,3537.0,1,0,38,35.4,1,2024-07-13,8.6,4932.0
CUST101049,2026-01-14,33,Tier 1,Premium,Credit Card,778,1248.0,12.1,1613.0,2,0,24,8.5,0,,8.5,0.0
CUST101050,2026-08-16,27,Tier 2,Basic,Personal Loan,724,506.0,10.5,1074.0,0,0,47,1.4,0,,1.4,0.0
CUST101051,2026-05-19,41,Tier 3,Standard,BNPL,694,546.0,8.5,3532.0,2,0,5,4.3,0,,4.3,0.0
CUST101052,2026-02-01,42,Tier 2,Basic,Personal Loan,539,372.0,4.7,2864.0,1,1,25,7.9,1,2026-06-28,4.9,6696.0
CUST101053,2026-02-10,38,Tier 2,Basic,Personal Loan,627,307.0,14.0,3124.0,1,2,44,7.6,0,,7.6,0.0
CUST101054,2026-09-16,34,Tier 2,Basic,Credit Card,630,219.0,3.2,2877.0,0,3,57,0.3,1,2026-09-23,0.2,3942.0
CUST101055,2024-04-06,30,Tier 3,Standard,BNPL,730,354.0,7.5,3870.0,1,0,7,30.1,0,,30.1,0.0
CUST101056,2026-06-22,22,Tier 2,Basic,Credit Card,657,304.0,6.5,2838.0,1,2,23,3.2,0,,3.2,0.0
CUST101057,2026-09-21,47,Tier 3,Standard,Personal Loan,651,716.0,6.9,2388.0,1,1,2,0.2,0,,0.2,0.0
CUST101058,2026-09-03,25,Tier 2,Standard,Credit Card,727,511.0,8.5,2492.0,1,0,26,0.8,0,,0.8,0.0
CUST101059,2026-01-09,37,Tier 2,Basic,Credit Card,571,277.0,5.0,2409.0,2,1,20,8.7,0,,8.7,0.0
CUST101060,2026-08-13,40,Tier 1,Basic,Insurance,721,241.0,6.5,3621.0,4,0,1,1.5,0,,1.5,0.0
CUST101061,2026-09-14,27,Tier 1,Basic,Insurance,620,186.0,0.0,3330.0,0,0,26,0.4,0,,0.4,0.0
CUST101062,2026-05-06,40,Tier 3,Basic,Credit Card,554,195.0,6.8,3630.0,1,1,55,4.8,1,2026-05-12,0.2,3510.0
CUST101063,2025-12-08,38,Tier 1,Standard,Credit Card,661,837.0,3.3,398.0,1,1,1,9.7,0,,9.7,0.0
CUST101064,2026-08-22,45,Tier 2,Standard,BNPL,606,436.0,5.6,1992.0,1,0,10,1.2,1,2026-09-24,1.1,7848.0
CUST101065,2026-06-06,28,Tier 1,Basic,Personal Loan,619,257.0,7.8,1398.0,1,2,23,3.7,0,,3.7,0.0
CUST101066,2026-04-17,21,Tier 3,Standard,Credit Card,630,482.0,5.8,3891.0,0,0,154,5.4,1,2026-08-20,4.2,8676.0
CUST101067,2026-08-05,27,Tier 1,Premium,Credit Card,705,1299.0,8.9,1550.0,0,0,2,1.7,0,,1.7,0.0
CUST101068,2026-02-27,33,Tier 3,Standard,Insurance,708,680.0,9.5,2762.0,4,0,34,7.0,1,2026-06-01,3.1,12240.0
CUST101069,2026-08-31,32,Tier 2,Standard,Personal Loan,632,922.0,18.0,4010.0,2,1,3,0.9,0,,0.9,0.0
CUST101070,2026-09-12,28,Tier 1,Standard,Credit Card,760,797.0,10.6,2521.0,3,0,66,0.5,1,2026-09-21,0.3,14346.0
CUST101071,2026-02-18,21,Tier 2,Standard,BNPL,739,196.0,6.6,1894.0,1,0,7,7.3,0,,7.3,0.0
CUST101072,2026-07-03,35,Tier 1,Premium,Credit Card,759,1463.0,10.1,2409.0,0,0,2,2.8,0,,2.8,0.0
CUST101073,2026-08-27,47,Tier 1,Premium,Personal Loan,807,2219.0,7.7,1004.0,1,0,5,1.0,0,,1.0,0.0
CUST101074,2026-04-14,35,Tier 1,Basic,Insurance,601,292.0,6.0,875.0,5,2,1,5.5,1,2026-06-21,2.3,5256.0
CUST101075,2024-09-16,36,Tier 1,Standard,Credit Card,746,697.0,9.9,2721.0,1,0,2,24.7,0,,24.7,0.0
CUST101076,2025-09-05,36,Tier 3,Standard,Credit Card,686,955.0,7.9,100.0,0,2,14,12.9,0,,12.9,0.0
CUST101077,2025-05-07,35,Tier 1,Basic,Personal Loan,786,355.0,9.3,2160.0,0,0,99,16.9,0,,16.9,0.0
CUST101078,2025-01-18,39,Tier 2,Standard,Credit Card,692,786.0,4.8,2097.0,3,0,12,20.5,1,2025-07-06,5.6,14148.0
CUST101079,2023-10-13,35,Tier 1,Basic,Credit Card,682,252.0,14.8,3983.0,0,1,38,36.0,0,,36.0,0.0
CUST101080,2025-07-21,29,Tier 2,Basic,Personal Loan,622,286.0,7.8,2693.0,1,1,43,14.4,1,2026-08-28,13.4,5148.0
CUST101081,2025-12-19,25,Tier 1,Premium,Personal Loan,830,1575.0,9.5,1962.0,1,0,0,9.4,1,2026-01-21,1.1,28350.0
CUST101082,2026-05-13,30,Tier 2,Standard,BNPL,620,414.0,1.7,3065.0,1,1,8,4.5,0,,4.5,0.0
CUST101083,2026-07-28,34,Tier 2,Basic,Personal Loan,613,314.0,7.6,2382.0,2,0,200,2.0,1,2026-08-20,0.8,5652.0
CUST101084,2025-10-13,29,Tier 2,Basic,Personal Loan,677,237.0,8.5,1233.0,2,2,0,11.6,0,,11.6,0.0
CUST101085,2023-09-27,34,Tier 1,Standard,Credit Card,729,517.0,8.3,2480.0,3,0,13,36.5,1,2026-08-29,35.6,9306.0
CUST101086,2026-03-22,35,Tier 2,Basic,BNPL,679,134.0,8.0,2354.0,1,0,64,6.3,1,2026-07-31,4.4,2412.0
CUST101087,2025-09-06,38,Tier 1,Standard,Personal Loan,698,940.0,2.4,2292.0,0,0,7,12.8,0,,12.8,0.0
CUST101088,2026-03-05,42,Tier 1,Basic,Credit Card,445,249.0,6.9,2620.0,2,3,199,6.8,1,2026-09-11,6.3,4482.0
CUST101089,2026-04-10,32,Tier 2,Standard,Personal Loan,708,836.0,11.0,3175.0,2,1,13,5.6,1,2026-04-29,0.6,15048.0
CUST101090,2026-04-21,21,Tier 2,Basic,Personal Loan,658,276.0,7.5,2545.0,3,0,86,5.3,1,2026-06-20,2.0,4968.0
CUST101091,2026-02-28,29,Tier 2,Basic,Personal Loan,621,326.0,9.5,1064.0,0,0,26,7.0,1,2026-04-03,1.1,5868.0
CUST101092,2026-05-12,32,Tier 2,Basic,BNPL,541,216.0,10.6,851.0,4,1,18,4.6,1,2026-06-10,1.0,3888.0
CUST101093,2025-08-08,21,Tier 1,Standard,Personal Loan,764,865.0,6.8,1871.0,1,0,25,13.8,0,,13.8,0.0
CUST101094,2025-01-12,43,Tier 1,Standard,Personal Loan,649,649.0,9.5,1809.0,1,1,64,20.7,1,2026-07-29,18.8,11682.0
CUST101095,2024-12-22,33,Tier 1,Standard,Credit Card,673,487.0,11.1,2534.0,1,1,9,21.4,0,,21.4,0.0
CUST101096,2026-07-11,35,Tier 2,Standard,BNPL,696,467.0,4.6,3407.0,1,1,40,2.6,0,,2.6,0.0
CUST101097,2024-11-17,42,Tier 2,Standard,Personal Loan,633,816.0,10.9,3621.0,0,0,22,22.6,1,2025-10-24,11.4,14688.0
CUST101098,2026-05-24,26,Tier 1,Basic,Credit Card,672,246.0,9.4,1630.0,2,0,17,4.2,1,2026-07-23,2.0,4428.0
CUST101099,2026-06-07,36,Tier 2,Standard,Personal Loan,670,765.0,12.4,617.0,0,1,1,3.7,0,,3.7,0.0
CUST101100,2025-09-02,31,Tier 2,Premium,Credit Card,754,1541.0,8.2,2261.0,0,0,4,13.0,0,,13.0,0.0
CUST101101,2026-06-09,30,Tier 2,Basic,Credit Card,754,235.0,12.9,3196.0,2,0,62,3.6,1,2026-09-14,3.2,4230.0
CUST101102,2026-09-10,25,Tier 2,Basic,Credit Card,653,241.0,5.2,1814.0,3,0,3,0.5,0,,0.5,0.0
CUST101103,2026-05-09,45,Tier 2,Basic,Credit Card,686,207.0,8.7,2256.0,0,0,30,4.7,0,,4.7,0.0
CUST101104,2025-09-08,28,Tier 2,Basic,Credit Card,728,296.0,5.4,2055.0,0,0,25,12.8,0,,12.8,0.0
CUST101105,2026-05-31,37,Tier 1,Standard,Personal Loan,704,816.0,5.3,3631.0,1,0,22,3.9,0,,3.9,0.0
CUST101106,2025-12-03,21,Tier 1,Standard,Credit Card,663,729.0,11.3,4278.0,3,0,56,9.9,1,2026-05-06,5.1,13122.0
CUST101107,2025-11-07,41,Tier 1,Basic,Personal Loan,570,265.0,2.4,2803.0,1,1,49,10.8,0,,10.8,0.0
CUST101108,2025-08-26,40,Tier 2,Basic,BNPL,508,237.0,17.6,2824.0,1,0,25,13.2,0,,13.2,0.0
CUST101109,2024-11-13,32,Tier 3,Standard,Insurance,745,751.0,9.4,948.0,0,0,35,22.7,0,,22.7,0.0
CUST101110,2026-04-10,30,Tier 2,Basic,Insurance,659,130.0,6.4,1823.0,2,0,42,5.6,1,2026-08-08,4.0,2340.0
CUST101111,2026-08-03,35,Tier 1,Standard,BNPL,604,286.0,10.1,2997.0,0,0,45,1.8,0,,1.8,0.0
CUST101112,2026-06-03,50,Tier 3,Standard,Credit Card,736,712.0,11.6,2566.0,0,0,26,3.8,1,2026-07-13,1.3,12816.0
CUST101113,2026-04-10,21,Tier 3,Standard,BNPL,713,218.0,7.4,2662.0,0,1,28,5.6,0,,5.6,0.0
CUST101114,2025-09-16,38,Tier 3,Standard,Personal Loan,651,828.0,6.7,663.0,0,1,2,12.5,0,,12.5,0.0
CUST101115,2026-09-21,24,Tier 2,Standard,Credit Card,633,705.0,7.9,286.0,0,2,0,0.2,0,,0.2,0.0
CUST101116,2026-06-05,31,Tier 3,Premium,Credit Card,761,1348.0,4.4,3961.0,1,1,31,3.8,0,,3.8,0.0
CUST101117,2025-06-29,30,Tier 1,Basic,Credit Card,605,277.0,11.1,2066.0,1,0,10,15.1,0,,15.1,0.0
CUST101118,2025-10-28,28,Tier 1,Standard,BNPL,575,300.0,4.8,699.0,0,2,4,11.1,0,,11.1,0.0
CUST101119,2025-08-28,31,Tier 1,Premium,Personal Loan,848,1192.0,8.7,2090.0,0,0,2,13.1,0,,13.1,0.0
CUST101120,2025-05-13,22,Tier 2,Basic,Credit Card,537,299.0,7.7,910.0,5,3,47,16.7,1,2026-05-26,12.6,5382.0
CUST101121,2025-06-25,40,Tier 1,Basic,Insurance,615,274.0,6.1,1164.0,2,0,2,15.3,0,,15.3,0.0
CUST101122,2025-10-18,21,Tier 2,Basic,Personal Loan,663,450.0,3.9,1531.0,3,0,38,11.4,1,2026-07-10,8.8,8100.0
CUST101123,2026-04-06,36,Tier 2,Basic,Credit Card,611,140.0,11.8,908.0,2,3,30,5.8,0,,5.8,0.0
CUST101124,2023-09-27,29,Tier 1,Basic,Insurance,572,263.0,5.9,100.0,1,2,6,36.5,0,,36.5,0.0
CUST101125,2026-01-17,22,Tier 3,Standard,Credit Card,640,394.0,4.9,2884.0,1,0,3,8.4,0,,8.4,0.0
CUST101126,2026-07-21,33,Tier 1,Premium,Credit Card,805,1892.0,10.2,1674.0,0,0,1,2.2,0,,2.2,0.0
CUST101127,2026-06-15,21,Tier 1,Standard,Personal Loan,732,908.0,9.1,3056.0,0,0,6,3.4,0,,3.4,0.0
CUST101128,2025-10-07,32,Tier 3,Standard,Credit Card,677,526.0,9.0,2233.0,2,0,21,11.8,0,,11.8,0.0
CUST101129,2024-08-11,21,Tier 1,Standard,BNPL,738,491.0,8.2,561.0,1,0,5,25.9,0,,25.9,0.0
CUST101130,2026-07-29,35,Tier 2,Basic,Credit Card,606,222.0,6.2,2174.0,4,2,38,2.0,1,2026-09-11,1.5,3996.0
CUST101131,2026-09-01,24,Tier 3,Standard,Credit Card,649,689.0,1.7,3473.0,0,0,71,0.8,0,,0.8,0.0
CUST101132,2024-12-26,28,Tier 3,Premium,Personal Loan,735,1878.0,11.1,2110.0,0,0,20,21.3,0,,21.3,0.0
CUST101133,2024-09-16,34,Tier 3,Standard,Personal Loan,715,1072.0,12.1,1549.0,0,0,32,24.7,0,,24.7,0.0
CUST101134,2026-06-21,25,Tier 1,Basic,Insurance,618,316.0,16.4,902.0,1,0,104,3.2,0,,3.2,0.0
CUST101135,2026-05-07,31,Tier 2,Premium,Credit Card,735,1233.0,10.5,1680.0,0,0,9,4.7,0,,4.7,0.0
CUST101136,2025-11-07,21,Tier 1,Basic,Credit Card,504,303.0,8.1,1154.0,2,2,51,10.8,1,2026-08-21,9.6,5454.0
CUST101137,2026-05-29,37,Tier 1,Standard,Personal Loan,644,891.0,9.4,1771.0,0,1,30,4.0,0,,4.0,0.0
CUST101138,2025-01-05,46,Tier 1,Standard,BNPL,631,206.0,3.1,234.0,1,0,73,21.0,0,,21.0,0.0
CUST101139,2026-08-23,54,Tier 1,Standard,Insurance,674,494.0,11.3,1105.0,0,0,21,1.1,0,,1.1,0.0
CUST101140,2026-09-15,32,Tier 3,Basic,Credit Card,611,367.0,3.1,2737.0,0,0,11,0.4,1,2026-09-26,0.4,6606.0
CUST101141,2026-07-18,38,Tier 1,Standard,Personal Loan,646,892.0,13.6,2331.0,2,1,4,2.3,1,2026-09-20,2.1,16056.0
CUST101142,2026-06-17,21,Tier 2,Basic,Credit Card,539,300.0,11.3,1900.0,2,3,13,3.4,0,,3.4,0.0
CUST101143,2026-08-22,44,Tier 2,Standard,BNPL,602,362.0,10.4,1058.0,2,1,29,1.2,1,2026-09-26,1.2,6516.0
CUST101144,2026-09-06,38,Tier 2,Standard,Credit Card,670,580.0,11.9,3679.0,1,2,21,0.7,0,,0.7,0.0
CUST101145,2025-07-31,28,Tier 3,Basic,BNPL,659,151.0,7.2,4158.0,3,0,9,14.1,1,2025-10-21,2.7,2718.0
CUST101146,2026-08-04,41,Tier 1,Basic,Credit Card,526,237.0,3.9,1084.0,0,2,69,1.8,1,2026-08-20,0.5,4266.0
CUST101147,2024-09-21,29,Tier 2,Basic,BNPL,680,75.0,7.3,2976.0,1,0,139,24.5,1,2024-12-13,2.8,1350.0
CUST101148,2026-05-12,28,Tier 2,Basic,Credit Card,595,200.0,1.6,1133.0,0,2,50,4.6,1,2026-09-10,4.0,3600.0
CUST101149,2025-10-28,35,Tier 1,Basic,Personal Loan,587,360.0,6.8,2680.0,5,2,2,11.1,0,,11.1,0.0
CUST101150,2026-07-12,23,Tier 2,Basic,Credit Card,637,231.0,5.8,100.0,5,1,35,2.5,0,,2.5,0.0
CUST101151,2026-07-06,40,Tier 3,Basic,Personal Loan,568,326.0,8.2,1645.0,2,1,97,2.7,1,2026-08-06,1.0,5868.0
CUST101152,2026-01-13,23,Tier 1,Basic,Insurance,636,237.0,9.0,2371.0,0,1,13,8.5,1,2026-03-11,1.9,4266.0
CUST101153,2026-01-23,23,Tier 1,Basic,BNPL,576,166.0,7.9,2550.0,7,1,31,8.2,1,2026-05-21,3.9,2988.0
CUST101154,2025-07-14,24,Tier 1,Basic,BNPL,586,207.0,9.4,1282.0,0,1,9,14.6,0,,14.6,0.0
CUST101155,2025-07-28,38,Tier 3,Basic,Credit Card,644,195.0,6.0,2732.0,1,1,74,14.2,1,2026-04-19,8.8,3510.0
CUST101156,2025-10-28,27,Tier 2,Standard,Personal Loan,685,919.0,8.2,2123.0,2,1,41,11.1,1,2025-11-23,0.9,16542.0
CUST101157,2026-04-01,21,Tier 2,Basic,BNPL,551,188.0,16.1,879.0,1,0,16,5.9,1,2026-05-14,1.4,3384.0
CUST101158,2024-12-02,27,Tier 2,Basic,Credit Card,544,299.0,8.8,1183.0,2,0,15,22.1,1,2025-10-15,10.6,5382.0
CUST101159,2025-12-08,31,Tier 3,Premium,Personal Loan,798,1424.0,8.1,3680.0,0,0,0,9.7,0,,9.7,0.0
CUST101160,2023-09-27,22,Tier 3,Basic,Credit Card,634,263.0,7.4,2365.0,2,1,13,36.5,1,2025-06-21,21.1,4734.0
CUST101161,2025-05-01,22,Tier 3,Premium,Personal Loan,719,2301.0,12.8,1807.0,0,0,15,17.1,0,,17.1,0.0
CUST101162,2026-09-13,48,Tier 3,Standard,Credit Card,743,637.0,5.3,832.0,1,0,1,0.4,0,,0.4,0.0
CUST101163,2026-06-03,25,Tier 2,Basic,Credit Card,618,274.0,11.6,1684.0,3,1,8,3.8,1,2026-07-27,1.8,4932.0
CUST101164,2026-01-15,29,Tier 2,Standard,Personal Loan,726,946.0,7.4,2376.0,2,0,26,8.5,0,,8.5,0.0
CUST101165,2025-09-08,29,Tier 3,Basic,Insurance,630,174.0,9.7,2548.0,1,2,37,12.8,0,,12.8,0.0
CUST101166,2026-01-30,28,Tier 3,Basic,Personal Loan,639,417.0,11.6,2313.0,2,1,151,8.0,1,2026-07-21,5.7,7506.0
CUST101167,2025-06-21,36,Tier 1,Standard,Personal Loan,740,910.0,12.2,1586.0,0,0,10,15.4,0,,15.4,0.0
CUST101168,2026-06-19,39,Tier 1,Premium,Personal Loan,803,1965.0,13.3,486.0,2,0,1,3.3,0,,3.3,0.0
CUST101169,2026-07-28,29,Tier 3,Standard,BNPL,716,174.0,2.3,2114.0,2,1,22,2.0,0,,2.0,0.0
CUST101170,2026-09-10,22,Tier 1,Basic,Credit Card,623,290.0,5.2,2166.0,1,1,3,0.5,0,,0.5,0.0
CUST101171,2026-01-14,42,Tier 3,Basic,Credit Card,656,275.0,11.9,1411.0,1,0,4,8.5,1,2026-03-04,1.6,4950.0
CUST101172,2025-10-11,31,Tier 1,Basic,Personal Loan,625,406.0,12.5,2008.0,3,2,29,11.7,1,2026-04-08,6.0,7308.0
CUST101173,2026-05-31,45,Tier 1,Standard,Personal Loan,696,805.0,9.5,2290.0,1,2,13,3.9,0,,3.9,0.0
CUST101174,2025-12-15,21,Tier 1,Basic,Credit Card,499,201.0,5.2,2494.0,3,1,11,9.5,0,,9.5,0.0
CUST101175,2026-09-10,33,Tier 1,Standard,BNPL,618,301.0,9.5,2936.0,1,2,13,0.5,0,,0.5,0.0
CUST101176,2026-08-26,47,Tier 1,Basic,BNPL,515,125.0,11.5,100.0,3,0,71,1.0,1,2026-09-22,0.9,2250.0
CUST101177,2025-09-29,29,Tier 2,Premium,Personal Loan,773,1507.0,9.9,2614.0,0,0,13,12.1,0,,12.1,0.0
CUST101178,2026-05-12,30,Tier 2,Basic,Credit Card,735,315.0,12.1,739.0,2,0,21,4.6,1,2026-07-11,2.0,5670.0
CUST101179,2025-10-28,34,Tier 3,Standard,Insurance,687,758.0,8.9,1252.0,1,0,7,11.1,0,,11.1,0.0
CUST101180,2025-04-10,27,Tier 2,Basic,Credit Card,620,240.0,8.1,3175.0,3,1,31,17.8,0,,17.8,0.0
CUST101181,2025-03-01,29,Tier 2,Standard,BNPL,709,339.0,7.4,1084.0,0,0,0,19.1,0,,19.1,0.0
CUST101182,2026-08-01,29,Tier 2,Basic,Personal Loan,677,234.0,8.1,2991.0,1,0,46,1.9,1,2026-08-10,0.3,4212.0
CUST101183,2026-03-11,26,Tier 2,Basic,Insurance,599,260.0,8.3,1664.0,1,1,57,6.6,0,,6.6,0.0
CUST101184,2025-08-25,41,Tier 2,Premium,BNPL,780,1303.0,8.5,3553.0,0,0,1,13.2,0,,13.2,0.0
CUST101185,2025-07-07,35,Tier 1,Basic,Insurance,616,193.0,2.8,966.0,1,0,18,14.9,0,,14.9,0.0
CUST101186,2025-06-23,34,Tier 1,Basic,BNPL,592,144.0,3.0,2119.0,4,1,5,15.3,0,,15.3,0.0
CUST101187,2026-07-11,38,Tier 1,Premium,Credit Card,749,1522.0,2.5,100.0,1,0,30,2.6,0,,2.6,0.0
CUST101188,2026-07-24,29,Tier 1,Standard,Insurance,752,809.0,6.0,2283.0,0,0,35,2.1,0,,2.1,0.0
CUST101189,2026-01-02,25,Tier 2,Basic,Personal Loan,767,335.0,4.5,705.0,1,0,1,8.9,0,,8.9,0.0
CUST101190,2025-08-17,27,Tier 1,Premium,Credit Card,734,1455.0,7.0,1970.0,0,0,35,13.5,0,,13.5,0.0
CUST101191,2026-06-03,32,Tier 3,Standard,BNPL,714,413.0,7.9,1409.0,0,1,3,3.8,0,,3.8,0.0
CUST101192,2026-08-24,23,Tier 3,Standard,BNPL,742,205.0,7.6,3823.0,3,0,2,1.1,1,2026-09-12,0.6,3690.0
CUST101193,2025-09-13,27,Tier 3,Basic,Insurance,635,153.0,2.5,1789.0,4,0,1,12.6,0,,12.6,0.0
CUST101194,2026-06-12,27,Tier 3,Premium,Personal Loan,818,1594.0,6.9,3703.0,0,0,16,3.5,0,,3.5,0.0
CUST101195,2026-08-03,48,Tier 1,Basic,BNPL,587,201.0,5.1,1293.0,3,2,91,1.8,1,2026-09-10,1.3,3618.0
CUST101196,2026-08-10,21,Tier 2,Basic,BNPL,520,133.0,6.3,100.0,2,3,4,1.6,1,2026-09-12,1.1,2394.0
CUST101197,2026-06-05,30,Tier 1,Basic,Personal Loan,738,299.0,11.3,2883.0,2,0,143,3.8,1,2026-09-18,3.5,5382.0
CUST101198,2025-12-31,45,Tier 3,Basic,Credit Card,610,223.0,10.6,1099.0,1,2,13,9.0,1,2026-06-16,5.6,4014.0
CUST101199,2026-05-16,32,Tier 3,Premium,Personal Loan,750,1781.0,12.2,3203.0,0,0,11,4.4,0,,4.4,0.0
CUST101200,2026-09-20,38,Tier 3,Basic,Credit Card,664,335.0,6.7,2071.0,1,0,150,0.2,1,2026-09-26,0.2,6030.0
CUST101201,2026-08-27,32,Tier 2,Premium,Insurance,743,1218.0,4.7,2740.0,0,0,0,1.0,0,,1.0,0.0
CUST101202,2026-06-16,26,Tier 3,Premium,Credit Card,756,1180.0,4.4,3003.0,0,0,8,3.4,0,,3.4,0.0
CUST101203,2025-11-07,21,Tier 1,Standard,BNPL,628,393.0,4.2,4196.0,1,0,21,10.8,0,,10.8,0.0
CUST101204,2026-08-26,33,Tier 1,Standard,Insurance,663,813.0,10.7,3158.0,1,2,9,1.0,0,,1.0,0.0
CUST101205,2026-01-23,25,Tier 3,Basic,Credit Card,671,225.0,6.9,2372.0,2,1,4,8.2,1,2026-02-21,1.0,4050.0
CUST101206,2026-08-19,25,Tier 2,Basic,BNPL,592,91.0,15.0,2980.0,2,1,34,1.3,1,2026-08-27,0.3,1638.0
CUST101207,2026-07-17,28,Tier 3,Standard,Credit Card,701,585.0,6.5,2884.0,1,1,1,2.4,0,,2.4,0.0
CUST101208,2026-08-01,45,Tier 1,Standard,BNPL,738,407.0,4.7,2652.0,2,0,51,1.9,0,,1.9,0.0
CUST101209,2026-09-06,51,Tier 3,Basic,Personal Loan,660,359.0,2.9,4023.0,2,0,22,0.7,1,2026-09-20,0.5,6462.0
CUST101210,2025-10-28,33,Tier 2,Standard,Insurance,672,716.0,8.1,1996.0,0,0,48,11.1,1,2026-07-11,8.5,12888.0
CUST101211,2026-03-24,28,Tier 3,Standard,Personal Loan,675,709.0,14.5,2338.0,1,2,36,6.2,0,,6.2,0.0
CUST101212,2025-04-11,22,Tier 3,Standard,Credit Card,714,526.0,10.5,1678.0,1,1,0,17.8,0,,17.8,0.0
CUST101213,2026-08-26,35,Tier 3,Basic,BNPL,583,134.0,8.8,4689.0,4,3,22,1.0,1,2026-09-05,0.3,2412.0
CUST101214,2026-08-11,46,Tier 1,Basic,Credit Card,560,284.0,6.4,1919.0,3,0,77,1.5,1,2026-08-19,0.3,5112.0
CUST101215,2026-06-09,30,Tier 3,Standard,Credit Card,623,486.0,7.8,2518.0,0,0,9,3.6,0,,3.6,0.0
CUST101216,2025-07-18,21,Tier 1,Premium,Credit Card,767,1230.0,15.4,1338.0,1,0,4,14.5,0,,14.5,0.0
CUST101217,2026-06-09,37,Tier 1,Basic,BNPL,689,120.0,5.9,1827.0,1,1,40,3.6,0,,3.6,0.0
CUST101218,2026-04-22,39,Tier 2,Basic,Personal Loan,610,372.0,4.5,3115.0,5,0,43,5.2,0,,5.2,0.0
CUST101219,2026-06-11,21,Tier 3,Standard,Personal Loan,760,914.0,8.4,2084.0,0,0,21,3.6,0,,3.6,0.0
CUST101220,2026-09-01,33,Tier 2,Basic,Personal Loan,651,370.0,6.1,3263.0,1,0,16,0.8,0,,0.8,0.0
CUST101221,2024-06-07,35,Tier 3,Standard,Credit Card,636,824.0,9.4,2941.0,2,2,1,28.0,0,,28.0,0.0
CUST101222,2026-01-31,31,Tier 2,Standard,Personal Loan,584,805.0,10.6,2106.0,3,1,51,7.9,0,,7.9,0.0
CUST101223,2025-06-18,25,Tier 1,Basic,Credit Card,644,191.0,8.8,1401.0,1,1,13,15.5,0,,15.5,0.0
CUST101224,2025-11-08,40,Tier 3,Standard,Credit Card,680,496.0,7.9,2469.0,0,0,32,10.7,0,,10.7,0.0
CUST101225,2026-02-22,28,Tier 1,Basic,Personal Loan,658,233.0,2.2,2470.0,1,1,15,7.2,0,,7.2,0.0
CUST101226,2026-08-29,21,Tier 3,Standard,Credit Card,764,590.0,20.5,2214.0,1,0,14,0.9,0,,0.9,0.0
CUST101227,2025-11-22,21,Tier 1,Standard,BNPL,709,340.0,0.0,2472.0,2,0,9,10.3,1,2026-09-14,9.9,6120.0
CUST101228,2026-08-07,42,Tier 2,Basic,Personal Loan,526,364.0,5.0,1568.0,3,1,3,1.7,1,2026-08-13,0.2,6552.0
CUST101229,2026-04-19,36,Tier 2,Standard,Credit Card,717,652.0,9.0,2796.0,0,0,8,5.3,0,,5.3,0.0
CUST101230,2025-12-03,32,Tier 1,Basic,BNPL,584,125.0,4.4,2583.0,0,1,109,9.9,1,2026-08-13,8.4,2250.0
CUST101231,2025-06-26,28,Tier 1,Standard,Credit Card,682,635.0,6.6,1513.0,1,0,2,15.2,0,,15.2,0.0
CUST101232,2025-10-15,27,Tier 1,Standard,BNPL,672,255.0,11.1,1773.0,0,0,16,11.5,0,,11.5,0.0
CUST101233,2025-10-28,23,Tier 1,Premium,Credit Card,718,1687.0,8.2,2151.0,0,0,35,11.1,0,,11.1,0.0
CUST101234,2026-08-09,28,Tier 1,Basic,Credit Card,600,211.0,1.6,1781.0,1,0,1,1.6,0,,1.6,0.0
CUST101235,2026-05-22,21,Tier 2,Standard,Personal Loan,602,697.0,4.5,1501.0,1,1,1,4.2,0,,4.2,0.0
CUST101236,2026-09-13,26,Tier 3,Basic,BNPL,570,191.0,3.0,3135.0,2,1,84,0.4,1,2026-09-25,0.4,3438.0
CUST101237,2025-09-10,29,Tier 2,Standard,BNPL,567,465.0,6.0,3003.0,0,0,27,12.7,1,2026-02-09,5.1,8370.0
CUST101238,2024-03-26,36,Tier 3,Basic,Personal Loan,645,239.0,4.1,2747.0,0,0,28,30.5,1,2025-12-20,21.1,4302.0
CUST101239,2026-06-26,31,Tier 2,Standard,Credit Card,689,761.0,7.9,1144.0,1,0,15,3.1,0,,3.1,0.0
CUST101240,2026-08-30,38,Tier 2,Basic,Insurance,691,188.0,6.1,3867.0,3,1,129,0.9,1,2026-09-25,0.9,3384.0
CUST101241,2026-03-17,42,Tier 2,Basic,Credit Card,700,231.0,7.8,2486.0,1,0,1,6.4,0,,6.4,0.0
CUST101242,2025-02-21,40,Tier 2,Basic,Credit Card,599,259.0,7.3,2088.0,0,1,11,19.4,1,2025-04-19,1.9,4662.0
CUST101243,2026-01-29,35,Tier 2,Basic,Insurance,637,254.0,7.3,2948.0,7,1,13,8.0,1,2026-06-30,5.1,4572.0
CUST101244,2026-09-12,32,Tier 1,Basic,BNPL,646,172.0,9.1,2095.0,1,2,4,0.5,0,,0.5,0.0
CUST101245,2023-09-27,24,Tier 3,Basic,Credit Card,657,248.0,15.9,100.0,2,1,15,36.5,0,,36.5,0.0
CUST101246,2025-04-15,37,Tier 3,Premium,BNPL,737,721.0,9.7,2438.0,0,0,5,17.6,0,,17.6,0.0
CUST101247,2026-08-15,45,Tier 1,Premium,BNPL,735,955.0,10.2,3183.0,1,0,32,1.4,0,,1.4,0.0
CUST101248,2024-08-23,34,Tier 3,Basic,Credit Card,567,244.0,11.1,2544.0,1,0,20,25.5,0,,25.5,0.0
CUST101249,2026-03-31,47,Tier 1,Basic,Credit Card,729,340.0,11.5,525.0,2,0,96,6.0,1,2026-07-05,3.2,6120.0
CUST101250,2026-05-10,21,Tier 1,Basic,Credit Card,675,279.0,10.2,2967.0,2,0,58,4.6,1,2026-08-31,3.8,5022.0
CUST101251,2026-03-25,22,Tier 1,Standard,Insurance,745,465.0,7.1,2446.0,0,0,27,6.2,1,2026-07-26,4.1,8370.0
CUST101252,2025-04-05,38,Tier 3,Premium,BNPL,793,706.0,10.3,2507.0,0,0,4,18.0,0,,18.0,0.0
CUST101253,2025-11-07,34,Tier 3,Premium,Personal Loan,724,1833.0,4.4,828.0,1,0,6,10.8,1,2026-03-24,4.6,32994.0
CUST101254,2026-09-08,42,Tier 3,Basic,BNPL,677,215.0,12.2,1701.0,1,1,2,0.6,0,,0.6,0.0
CUST101255,2024-02-21,31,Tier 1,Standard,Credit Card,697,833.0,8.2,1209.0,1,1,9,31.6,0,,31.6,0.0
CUST101256,2026-08-10,25,Tier 2,Standard,Personal Loan,711,794.0,11.1,3013.0,1,0,41,1.6,0,,1.6,0.0
CUST101257,2025-08-12,30,Tier 2,Standard,Credit Card,759,529.0,9.3,2625.0,2,0,30,13.7,0,,13.7,0.0
CUST101258,2025-11-27,21,Tier 1,Premium,Credit Card,689,1103.0,5.5,1632.0,0,0,17,10.1,0,,10.1,0.0
CUST101259,2026-07-26,22,Tier 2,Standard,BNPL,696,423.0,3.2,1525.0,1,0,5,2.1,0,,2.1,0.0
CUST101260,2026-08-01,39,Tier 1,Standard,Personal Loan,673,1144.0,9.9,1917.0,2,1,5,1.9,0,,1.9,0.0
CUST101261,2025-01-22,38,Tier 1,Basic,BNPL,692,177.0,12.6,2460.0,0,0,38,20.4,0,,20.4,0.0
CUST101262,2026-04-16,34,Tier 2,Standard,Credit Card,639,443.0,10.4,3000.0,2,1,21,5.4,0,,5.4,0.0
CUST101263,2025-11-12,21,Tier 2,Standard,Personal Loan,781,751.0,10.0,1379.0,0,0,4,10.6,0,,10.6,0.0
CUST101264,2026-02-28,29,Tier 1,Premium,Insurance,681,1085.0,4.7,2524.0,1,0,13,7.0,0,,7.0,0.0
CUST101265,2025-09-02,22,Tier 1,Premium,Credit Card,701,1170.0,8.3,1870.0,0,1,5,13.0,0,,13.0,0.0
CUST101266,2026-03-15,41,Tier 1,Standard,Personal Loan,706,795.0,8.4,100.0,0,1,44,6.5,1,2026-05-12,1.9,14310.0
CUST101267,2026-06-17,27,Tier 1,Standard,Credit Card,632,698.0,8.5,1721.0,0,0,9,3.4,0,,3.4,0.0
CUST101268,2026-05-14,23,Tier 1,Basic,BNPL,652,184.0,8.0,2562.0,1,0,9,4.5,0,,4.5,0.0
CUST101269,2025-02-16,32,Tier 1,Standard,Credit Card,621,792.0,6.4,1466.0,1,1,4,19.6,0,,19.6,0.0
CUST101270,2026-03-21,26,Tier 2,Basic,Personal Loan,558,351.0,12.2,2514.0,0,3,80,6.3,1,2026-09-19,6.1,6318.0
CUST101271,2026-07-16,43,Tier 2,Basic,Personal Loan,611,227.0,11.5,2828.0,3,0,69,2.4,1,2026-09-04,1.7,4086.0
CUST101272,2024-06-30,26,Tier 3,Basic,Personal Loan,520,272.0,9.3,3238.0,4,0,19,27.3,1,2026-09-17,27.0,4896.0
CUST101273,2025-06-06,21,Tier 2,Premium,BNPL,814,796.0,3.9,1244.0,0,0,3,15.9,0,,15.9,0.0
CUST101274,2026-09-09,21,Tier 1,Standard,Credit Card,742,669.0,9.7,3258.0,1,0,7,0.6,0,,0.6,0.0
CUST101275,2023-09-27,31,Tier 1,Premium,Personal Loan,760,2061.0,11.6,2230.0,1,0,5,36.5,0,,36.5,0.0
CUST101276,2025-10-05,27,Tier 3,Standard,Personal Loan,628,851.0,7.4,786.0,0,1,1,11.9,1,2025-10-24,0.6,15318.0
CUST101277,2026-08-05,21,Tier 1,Basic,Credit Card,644,253.0,13.3,1983.0,1,0,2,1.7,1,2026-08-28,0.8,4554.0
CUST101278,2026-07-07,41,Tier 1,Premium,Insurance,780,1327.0,7.2,1934.0,1,0,26,2.7,0,,2.7,0.0
CUST101279,2025-10-08,37,Tier 1,Standard,Credit Card,772,617.0,11.6,1715.0,2,0,29,11.8,0,,11.8,0.0
CUST101280,2025-06-30,31,Tier 2,Basic,Insurance,609,229.0,17.0,1086.0,2,2,59,15.1,1,2026-07-11,12.5,4122.0
CUST101281,2026-07-07,42,Tier 2,Basic,Credit Card,617,306.0,13.4,2415.0,2,1,23,2.7,1,2026-09-04,2.0,5508.0
CUST101282,2026-06-29,37,Tier 3,Standard,Personal Loan,542,834.0,10.9,2145.0,0,0,9,3.0,1,2026-08-28,2.0,15012.0
CUST101283,2026-06-08,25,Tier 3,Premium,BNPL,781,832.0,5.3,1704.0,0,0,1,3.7,0,,3.7,0.0
CUST101284,2025-12-27,23,Tier 2,Standard,Credit Card,751,646.0,4.5,1340.0,0,0,16,9.1,1,2026-03-05,2.3,11628.0
CUST101285,2026-08-01,38,Tier 1,Standard,BNPL,704,559.0,9.9,552.0,1,0,27,1.9,0,,1.9,0.0
CUST101286,2026-08-24,35,Tier 1,Premium,Insurance,762,950.0,12.7,3592.0,0,1,2,1.1,0,,1.1,0.0
CUST101287,2025-10-21,33,Tier 1,Standard,Personal Loan,685,1076.0,0.0,1960.0,0,1,10,11.3,0,,11.3,0.0
CUST101288,2025-06-30,25,Tier 1,Premium,Personal Loan,757,1491.0,8.0,2914.0,1,0,26,15.1,0,,15.1,0.0
CUST101289,2026-03-02,36,Tier 1,Premium,BNPL,801,657.0,9.8,3204.0,1,0,19,6.9,0,,6.9,0.0
CUST101290,2026-05-14,25,Tier 1,Standard,Personal Loan,671,942.0,11.9,3135.0,0,0,32,4.5,0,,4.5,0.0
CUST101291,2026-04-10,31,Tier 1,Premium,Personal Loan,765,2108.0,6.3,2804.0,1,0,0,5.6,0,,5.6,0.0
CUST101292,2026-05-02,43,Tier 1,Standard,Personal Loan,774,663.0,6.3,2402.0,0,0,4,4.9,1,2026-07-21,2.7,11934.0
CUST101293,2024-02-04,26,Tier 3,Basic,Personal Loan,692,270.0,3.6,669.0,2,0,13,32.2,0,,32.2,0.0
CUST101294,2025-07-15,21,Tier 2,Basic,BNPL,592,164.0,6.9,3619.0,1,2,13,14.6,1,2026-09-23,14.5,2952.0
CUST101295,2026-07-19,23,Tier 3,Standard,Personal Loan,715,1150.0,10.9,1173.0,3,1,3,2.3,0,,2.3,0.0
CUST101296,2026-05-04,39,Tier 1,Standard,Credit Card,634,812.0,1.4,3543.0,1,0,7,4.8,0,,4.8,0.0
CUST101297,2026-02-03,34,Tier 2,Premium,Credit Card,815,1331.0,6.5,1935.0,0,0,6,7.8,0,,7.8,0.0
CUST101298,2025-12-16,30,Tier 1,Basic,Credit Card,604,129.0,5.4,3088.0,2,1,2,9.5,0,,9.5,0.0
CUST101299,2026-03-21,27,Tier 1,Basic,Personal Loan,621,329.0,12.8,2967.0,6,0,18,6.3,1,2026-04-03,0.4,5922.0
CUST101300,2025-05-16,35,Tier 1,Premium,BNPL,784,941.0,10.3,2525.0,1,0,7,16.6,0,,16.6,0.0
CUST101301,2025-07-16,25,Tier 3,Basic,Personal Loan,509,306.0,4.9,2520.0,0,2,1,14.6,1,2025-12-31,5.6,5508.0
CUST101302,2026-02-27,34,Tier 3,Premium,BNPL,735,602.0,10.6,2039.0,1,0,11,7.0,1,2026-06-29,4.1,10836.0
CUST101303,2025-02-25,26,Tier 1,Standard,BNPL,594,411.0,7.6,2241.0,1,1,2,19.3,0,,19.3,0.0
CUST101304,2025-08-05,24,Tier 1,Basic,Credit Card,604,203.0,9.1,2235.0,2,1,37,13.9,0,,13.9,0.0
CUST101305,2025-07-01,26,Tier 2,Basic,Credit Card,470,344.0,6.4,2347.0,3,1,180,15.1,1,2025-11-15,4.6,6192.0
CUST101306,2024-03-01,28,Tier 1,Basic,Credit Card,584,326.0,9.0,2080.0,0,0,2,31.3,0,,31.3,0.0
CUST101307,2026-06-26,31,Tier 1,Basic,Credit Card,671,283.0,8.6,1002.0,2,1,11,3.1,1,2026-07-29,1.1,5094.0
CUST101308,2026-06-25,33,Tier 1,Standard,BNPL,688,402.0,10.2,1824.0,0,0,3,3.1,0,,3.1,0.0
CUST101309,2024-12-06,21,Tier 2,Basic,BNPL,646,117.0,12.3,2584.0,3,0,16,22.0,1,2025-07-22,7.6,2106.0
CUST101310,2025-07-10,25,Tier 1,Premium,Credit Card,740,1394.0,12.7,2080.0,0,0,18,14.8,0,,14.8,0.0
CUST101311,2024-08-04,28,Tier 1,Basic,Credit Card,584,332.0,7.0,2209.0,1,0,93,26.1,1,2026-05-08,21.4,5976.0
CUST101312,2026-09-07,44,Tier 1,Standard,Insurance,679,698.0,6.0,1654.0,0,0,37,0.6,1,2026-09-14,0.2,12564.0
CUST101313,2025-12-04,23,Tier 2,Basic,Insurance,622,235.0,11.3,2716.0,1,0,41,9.9,1,2026-09-15,9.5,4230.0
CUST101314,2026-08-11,33,Tier 3,Standard,Credit Card,604,770.0,7.7,2762.0,1,0,25,1.5,0,,1.5,0.0
CUST101315,2026-02-28,43,Tier 1,Basic,Credit Card,555,277.0,11.0,103.0,0,1,4,7.0,1,2026-06-10,3.4,4986.0
CUST101316,2026-08-07,21,Tier 3,Standard,Personal Loan,677,897.0,3.4,797.0,1,1,6,1.7,0,,1.7,0.0
CUST101317,2026-08-16,35,Tier 3,Basic,Insurance,619,274.0,5.4,2037.0,0,0,16,1.4,1,2026-09-20,1.2,4932.0
CUST101318,2026-09-21,25,Tier 3,Premium,Personal Loan,730,1965.0,7.8,2652.0,1,0,1,0.2,0,,0.2,0.0
CUST101319,2025-12-02,27,Tier 3,Premium,Credit Card,808,1640.0,8.5,2470.0,0,0,17,9.9,0,,9.9,0.0
CUST101320,2026-05-16,25,Tier 2,Standard,Personal Loan,651,866.0,11.5,2075.0,0,0,6,4.4,0,,4.4,0.0
CUST101321,2026-08-24,26,Tier 3,Standard,Personal Loan,680,812.0,10.9,2950.0,1,1,1,1.1,1,2026-09-12,0.6,14616.0
CUST101322,2026-06-02,53,Tier 1,Basic,Credit Card,795,223.0,5.1,2745.0,1,0,3,3.9,0,,3.9,0.0
CUST101323,2026-08-02,38,Tier 2,Standard,Insurance,716,498.0,7.1,2021.0,0,0,70,1.8,1,2026-08-27,0.8,8964.0
CUST101324,2024-05-27,40,Tier 3,Basic,Personal Loan,730,245.0,5.9,2074.0,1,0,85,28.4,1,2024-09-16,3.7,4410.0
CUST101325,2026-06-03,35,Tier 3,Standard,Credit Card,754,531.0,11.1,1022.0,0,1,64,3.8,0,,3.8,0.0
CUST101326,2026-05-28,21,Tier 3,Standard,Personal Loan,725,723.0,0.5,2290.0,3,0,63,4.0,1,2026-07-18,1.7,13014.0
CUST101327,2025-03-26,35,Tier 3,Basic,Personal Loan,623,300.0,11.9,2706.0,2,0,56,18.3,1,2026-08-09,16.7,5400.0
CUST101328,2025-11-17,40,Tier 3,Basic,Credit Card,629,328.0,3.7,1551.0,1,0,11,10.4,0,,10.4,0.0
CUST101329,2025-09-20,25,Tier 2,Standard,Credit Card,643,630.0,3.7,2235.0,0,0,8,12.4,0,,12.4,0.0
CUST101330,2025-11-27,39,Tier 3,Standard,Personal Loan,698,876.0,10.5,2503.0,1,0,10,10.1,0,,10.1,0.0
CUST101331,2024-05-03,37,Tier 2,Basic,Credit Card,561,264.0,10.4,2984.0,1,1,54,29.2,0,,29.2,0.0
CUST101332,2026-07-19,46,Tier 3,Standard,Personal Loan,683,1051.0,4.1,1923.0,0,0,52,2.3,1,2026-09-21,2.1,18918.0
CUST101333,2023-09-27,28,Tier 3,Basic,Credit Card,571,221.0,4.9,1425.0,3,2,20,36.5,0,,36.5,0.0
CUST101334,2025-04-11,23,Tier 3,Basic,Insurance,641,214.0,5.6,1897.0,3,0,13,17.8,0,,17.8,0.0
CUST101335,2026-01-03,29,Tier 2,Basic,Insurance,588,220.0,11.6,2463.0,1,2,10,8.9,0,,8.9,0.0
CUST101336,2025-11-05,43,Tier 1,Standard,Credit Card,613,798.0,13.4,2413.0,2,1,6,10.8,0,,10.8,0.0
CUST101337,2025-11-17,21,Tier 1,Basic,Credit Card,674,317.0,7.6,816.0,4,1,0,10.4,0,,10.4,0.0
CUST101338,2026-09-08,21,Tier 3,Premium,Insurance,743,1393.0,7.7,1896.0,1,0,3,0.6,0,,0.6,0.0
CUST101339,2026-07-15,32,Tier 2,Premium,Personal Loan,728,2165.0,10.2,1279.0,1,0,3,2.4,0,,2.4,0.0
CUST101340,2024-01-24,28,Tier 1,Standard,BNPL,699,413.0,9.7,2229.0,0,1,30,32.5,0,,32.5,0.0
CUST101341,2026-02-09,32,Tier 1,Standard,Insurance,772,563.0,10.4,2522.0,0,0,16,7.6,0,,7.6,0.0
CUST101342,2026-05-07,39,Tier 3,Basic,Personal Loan,714,384.0,9.6,3118.0,1,0,14,4.7,0,,4.7,0.0
CUST101343,2025-07-23,27,Tier 3,Basic,Personal Loan,639,349.0,6.6,3333.0,1,0,32,14.3,0,,14.3,0.0
CUST101344,2026-02-15,21,Tier 3,Basic,Insurance,626,188.0,11.4,2647.0,2,2,54,7.4,1,2026-03-01,0.5,3384.0
CUST101345,2026-09-21,48,Tier 2,Standard,Credit Card,681,780.0,8.9,1828.0,0,0,19,0.2,0,,0.2,0.0
CUST101346,2025-08-23,24,Tier 1,Standard,Personal Loan,600,818.0,5.9,1740.0,2,0,1,13.3,0,,13.3,0.0
CUST101347,2025-08-27,23,Tier 1,Standard,Personal Loan,681,802.0,9.4,2617.0,0,0,6,13.2,0,,13.2,0.0
CUST101348,2026-08-03,40,Tier 1,Basic,Credit Card,519,295.0,8.2,2889.0,3,1,12,1.8,0,,1.8,0.0
CUST101349,2024-02-28,28,Tier 3,Premium,BNPL,772,815.0,5.8,1106.0,0,0,5,31.4,0,,31.4,0.0
CUST101350,2026-07-12,31,Tier 1,Basic,BNPL,664,169.0,4.6,4347.0,1,1,1,2.5,1,2026-08-19,1.3,3042.0
CUST101351,2026-03-27,35,Tier 2,Standard,Insurance,619,671.0,4.0,2585.0,0,1,27,6.1,0,,6.1,0.0
CUST101352,2026-08-21,40,Tier 2,Standard,Personal Loan,723,743.0,11.7,2955.0,0,1,13,1.2,0,,1.2,0.0
CUST101353,2025-12-23,29,Tier 2,Basic,Credit Card,551,269.0,4.2,2617.0,2,2,79,9.2,1,2026-05-01,4.3,4842.0
CUST101354,2026-05-08,44,Tier 3,Standard,Credit Card,706,825.0,9.2,1257.0,0,0,15,4.7,0,,4.7,0.0
CUST101355,2026-05-19,21,Tier 1,Basic,Credit Card,594,202.0,8.8,1803.0,2,0,155,4.3,1,2026-08-24,3.2,3636.0
CUST101356,2025-04-18,38,Tier 3,Basic,Personal Loan,677,347.0,16.3,1502.0,4,1,42,17.5,1,2026-02-13,10.0,6246.0
CUST101357,2026-09-21,25,Tier 1,Standard,Insurance,671,477.0,11.4,680.0,1,1,44,0.2,0,,0.2,0.0
CUST101358,2025-06-04,42,Tier 1,Standard,BNPL,663,523.0,6.3,1098.0,0,1,72,16.0,1,2025-06-21,0.6,9414.0
CUST101359,2026-01-15,33,Tier 2,Standard,Credit Card,669,782.0,8.6,3784.0,2,0,13,8.5,0,,8.5,0.0
CUST101360,2023-09-27,26,Tier 1,Basic,Credit Card,681,232.0,6.7,2005.0,1,0,35,36.5,1,2024-06-09,8.5,4176.0
CUST101361,2026-01-02,37,Tier 3,Standard,Personal Loan,680,1132.0,5.4,2982.0,1,0,49,8.9,0,,8.9,0.0
CUST101362,2026-09-09,39,Tier 2,Basic,Credit Card,592,305.0,4.8,1691.0,2,0,30,0.6,0,,0.6,0.0
CUST101363,2026-09-11,37,Tier 1,Basic,BNPL,595,185.0,7.3,1555.0,1,0,2,0.5,1,2026-09-25,0.5,3330.0
CUST101364,2024-12-21,23,Tier 1,Basic,Credit Card,578,283.0,1.6,3541.0,3,2,42,21.5,1,2025-06-28,6.3,5094.0
CUST101365,2025-03-23,28,Tier 2,Premium,Insurance,756,1535.0,8.7,2035.0,2,0,27,18.4,0,,18.4,0.0
CUST101366,2026-05-22,31,Tier 3,Basic,Credit Card,548,200.0,9.7,1998.0,3,0,53,4.2,1,2026-08-24,3.1,3600.0
CUST101367,2025-12-12,31,Tier 2,Basic,Credit Card,581,260.0,11.3,2437.0,0,1,55,9.6,1,2026-05-17,5.2,4680.0
CUST101368,2026-03-09,37,Tier 2,Standard,BNPL,641,440.0,2.0,2770.0,1,0,2,6.7,0,,6.7,0.0
CUST101369,2023-12-07,21,Tier 3,Standard,Personal Loan,610,793.0,0.9,1719.0,3,0,27,34.1,1,2026-09-20,33.9,14274.0
CUST101370,2024-04-11,34,Tier 2,Basic,Credit Card,523,273.0,7.1,233.0,1,0,1,29.9,0,,29.9,0.0
CUST101371,2023-09-27,29,Tier 1,Standard,Credit Card,736,810.0,8.9,3241.0,2,0,53,36.5,0,,36.5,0.0
CUST101372,2025-01-31,25,Tier 2,Basic,Credit Card,660,229.0,13.0,2587.0,1,1,86,20.1,0,,20.1,0.0
CUST101373,2024-10-06,26,Tier 2,Standard,BNPL,660,383.0,11.8,1406.0,0,0,79,24.0,1,2026-08-28,23.0,6894.0
CUST101374,2026-07-15,30,Tier 2,Standard,Credit Card,688,543.0,13.7,2054.0,0,0,7,2.4,0,,2.4,0.0
CUST101375,2025-04-11,21,Tier 2,Basic,BNPL,643,61.0,6.7,3391.0,2,1,27,17.8,1,2026-05-20,13.5,1098.0
CUST101376,2025-09-21,26,Tier 3,Standard,Credit Card,694,751.0,10.2,3621.0,0,1,17,12.3,0,,12.3,0.0
CUST101377,2024-01-13,24,Tier 1,Standard,Credit Card,696,647.0,8.4,1901.0,1,1,16,32.9,0,,32.9,0.0
CUST101378,2026-01-15,36,Tier 3,Standard,BNPL,621,396.0,7.1,3547.0,0,0,11,8.5,0,,8.5,0.0
CUST101379,2026-08-31,25,Tier 2,Standard,Personal Loan,596,717.0,9.9,2201.0,1,1,87,0.9,0,,0.9,0.0
CUST101380,2025-12-28,30,Tier 2,Standard,Personal Loan,650,821.0,7.4,1539.0,1,0,44,9.1,0,,9.1,0.0
CUST101381,2025-10-13,44,Tier 1,Standard,Credit Card,699,793.0,10.0,1725.0,2,0,19,11.6,0,,11.6,0.0
CUST101382,2026-07-14,39,Tier 1,Basic,Personal Loan,653,325.0,5.6,3798.0,2,0,37,2.5,0,,2.5,0.0
CUST101383,2026-04-29,39,Tier 3,Standard,Personal Loan,643,849.0,8.9,2722.0,0,1,25,5.0,1,2026-08-12,3.5,15282.0
CUST101384,2025-12-27,28,Tier 2,Basic,Credit Card,562,260.0,10.0,1346.0,1,1,32,9.1,1,2026-01-12,0.5,4680.0
CUST101385,2026-05-09,36,Tier 1,Standard,Credit Card,662,489.0,9.5,3128.0,1,0,25,4.7,0,,4.7,0.0
CUST101386,2026-05-09,30,Tier 2,Basic,Credit Card,548,281.0,7.2,3163.0,4,3,59,4.7,1,2026-09-23,4.6,5058.0
CUST101387,2026-08-15,30,Tier 1,Premium,Insurance,771,909.0,5.4,1826.0,0,0,38,1.4,1,2026-08-29,0.5,16362.0
CUST101388,2024-06-01,35,Tier 3,Basic,Credit Card,623,203.0,9.7,2620.0,2,0,66,28.2,1,2025-08-14,14.6,3654.0
CUST101389,2025-08-06,27,Tier 3,Standard,BNPL,786,254.0,6.0,3476.0,1,0,3,13.9,0,,13.9,0.0
CUST101390,2026-09-21,43,Tier 1,Standard,Personal Loan,587,822.0,11.1,1156.0,2,3,16,0.2,1,2026-09-26,0.2,14796.0
CUST101391,2025-07-18,30,Tier 3,Premium,Credit Card,835,1301.0,6.8,570.0,1,1,10,14.5,0,,14.5,0.0
CUST101392,2025-08-19,36,Tier 3,Standard,BNPL,642,390.0,5.3,1594.0,1,0,6,13.4,0,,13.4,0.0
CUST101393,2026-09-21,43,Tier 1,Standard,Credit Card,774,532.0,3.9,617.0,1,0,13,0.2,0,,0.2,0.0
CUST101394,2026-05-11,40,Tier 2,Standard,BNPL,677,521.0,6.2,1079.0,1,0,54,4.6,0,,4.6,0.0
CUST101395,2025-12-21,21,Tier 2,Basic,Credit Card,623,292.0,7.7,3228.0,2,1,10,9.3,1,2026-06-17,5.9,5256.0
CUST101396,2026-03-30,35,Tier 2,Standard,Personal Loan,644,822.0,4.4,1438.0,1,1,8,6.0,0,,6.0,0.0
CUST101397,2025-07-02,38,Tier 1,Standard,Credit Card,738,588.0,12.0,2139.0,0,0,48,15.0,1,2026-04-30,10.1,10584.0
CUST101398,2026-04-13,39,Tier 1,Basic,Credit Card,611,221.0,11.5,2853.0,0,0,3,5.5,0,,5.5,0.0
CUST101399,2026-08-07,23,Tier 2,Basic,BNPL,602,134.0,11.4,3267.0,1,0,74,1.7,0,,1.7,0.0
CUST101400,2023-09-27,26,Tier 1,Standard,Personal Loan,682,663.0,5.5,2514.0,1,1,7,36.5,0,,36.5,0.0
CUST101401,2026-07-05,39,Tier 3,Standard,Insurance,662,460.0,9.3,275.0,1,0,14,2.8,0,,2.8,0.0
CUST101402,2025-09-12,25,Tier 1,Premium,Insurance,796,1501.0,3.5,2153.0,0,0,10,12.6,0,,12.6,0.0
CUST101403,2026-08-11,29,Tier 2,Basic,Personal Loan,722,340.0,16.6,2891.0,1,0,36,1.5,0,,1.5,0.0
CUST101404,2026-05-30,44,Tier 3,Basic,Credit Card,645,332.0,8.5,2351.0,2,1,137,4.0,1,2026-09-01,3.1,5976.0
CUST101405,2026-04-04,31,Tier 2,Standard,BNPL,689,351.0,7.4,2693.0,2,0,1,5.8,1,2026-07-02,3.0,6318.0
CUST101406,2026-07-24,26,Tier 2,Basic,Insurance,738,207.0,6.2,1594.0,1,0,43,2.1,0,,2.1,0.0
CUST101407,2026-03-31,24,Tier 3,Basic,Credit Card,696,230.0,7.6,2285.0,2,1,65,6.0,1,2026-05-23,1.8,4140.0
CUST101408,2026-08-06,34,Tier 3,Standard,Credit Card,647,609.0,7.6,2795.0,0,0,18,1.7,0,,1.7,0.0
CUST101409,2026-01-24,21,Tier 1,Basic,Credit Card,722,217.0,12.7,3483.0,4,0,130,8.2,1,2026-04-20,2.9,3906.0
CUST101410,2025-11-04,30,Tier 2,Standard,BNPL,629,425.0,4.4,1626.0,1,0,11,10.9,0,,10.9,0.0
CUST101411,2026-09-07,34,Tier 3,Premium,Personal Loan,761,1828.0,9.7,1606.0,1,0,14,0.6,0,,0.6,0.0
CUST101412,2025-01-20,42,Tier 1,Standard,BNPL,674,324.0,9.8,3625.0,0,0,23,20.5,1,2026-09-21,20.3,5832.0
CUST101413,2026-07-27,37,Tier 1,Premium,Personal Loan,703,2170.0,8.0,1896.0,0,0,0,2.0,1,2026-08-10,0.5,39060.0
CUST101414,2026-07-12,26,Tier 1,Standard,Personal Loan,629,1092.0,10.2,2400.0,0,3,16,2.5,0,,2.5,0.0
CUST101415,2025-11-06,41,Tier 1,Basic,Credit Card,555,308.0,12.1,2436.0,1,2,11,10.8,1,2026-08-22,9.6,5544.0
CUST101416,2026-03-21,29,Tier 2,Premium,Credit Card,740,1556.0,7.2,2196.0,3,0,8,6.3,0,,6.3,0.0
CUST101417,2026-03-03,22,Tier 3,Premium,Credit Card,788,1613.0,3.5,3948.0,0,0,22,6.9,0,,6.9,0.0
CUST101418,2026-08-16,30,Tier 3,Standard,Credit Card,680,891.0,3.0,1994.0,0,0,20,1.4,0,,1.4,0.0
CUST101419,2025-05-23,43,Tier 3,Basic,Credit Card,655,288.0,12.7,2912.0,1,1,32,16.4,0,,16.4,0.0
CUST101420,2025-12-13,33,Tier 1,Standard,Personal Loan,697,769.0,9.3,1824.0,2,0,22,9.6,0,,9.6,0.0
CUST101421,2026-08-14,32,Tier 1,Standard,Credit Card,722,701.0,1.3,3879.0,0,0,15,1.4,0,,1.4,0.0
CUST101422,2026-05-09,45,Tier 3,Premium,Insurance,713,1435.0,9.3,1461.0,0,0,6,4.7,0,,4.7,0.0
CUST101423,2025-05-16,21,Tier 1,Premium,Credit Card,845,1121.0,7.5,2757.0,1,1,5,16.6,0,,16.6,0.0
CUST101424,2026-01-17,21,Tier 1,Basic,Credit Card,594,236.0,9.7,100.0,1,2,42,8.4,0,,8.4,0.0
CUST101425,2026-08-23,21,Tier 3,Basic,Credit Card,520,305.0,5.6,1936.0,2,0,52,1.1,1,2026-09-18,0.9,5490.0
CUST101426,2026-05-10,34,Tier 2,Premium,Insurance,760,749.0,6.1,2701.0,0,0,6,4.6,0,,4.6,0.0
CUST101427,2026-07-05,33,Tier 1,Basic,Personal Loan,709,262.0,12.0,893.0,1,0,2,2.8,0,,2.8,0.0
CUST101428,2026-02-20,44,Tier 3,Basic,BNPL,602,141.0,9.3,1864.0,0,0,27,7.3,0,,7.3,0.0
CUST101429,2025-03-19,33,Tier 3,Basic,BNPL,556,168.0,7.3,5082.0,3,1,30,18.5,1,2025-09-02,5.6,3024.0
CUST101430,2026-04-08,28,Tier 1,Standard,Credit Card,736,474.0,5.1,1238.0,1,0,13,5.7,0,,5.7,0.0
CUST101431,2026-04-09,32,Tier 3,Standard,Personal Loan,659,829.0,5.2,2445.0,0,0,9,5.7,0,,5.7,0.0
CUST101432,2024-10-19,32,Tier 1,Standard,BNPL,704,540.0,8.8,880.0,0,1,45,23.6,1,2025-06-23,8.2,9720.0
CUST101433,2026-01-12,21,Tier 2,Basic,Personal Loan,595,328.0,6.4,1226.0,3,2,23,8.6,1,2026-02-05,0.8,5904.0
CUST101434,2026-01-19,53,Tier 3,Premium,Credit Card,761,1663.0,10.6,2585.0,1,1,16,8.3,0,,8.3,0.0
CUST101435,2026-06-27,36,Tier 3,Premium,BNPL,733,674.0,15.9,1999.0,0,0,10,3.0,1,2026-07-10,0.4,12132.0
CUST101436,2025-12-20,33,Tier 1,Standard,Personal Loan,704,740.0,10.5,1468.0,0,0,31,9.3,0,,9.3,0.0
CUST101437,2026-01-12,36,Tier 1,Basic,BNPL,572,192.0,4.1,1780.0,0,1,74,8.6,1,2026-08-07,6.9,3456.0
CUST101438,2026-04-28,37,Tier 1,Standard,Personal Loan,696,893.0,6.2,3198.0,0,1,6,5.0,0,,5.0,0.0
CUST101439,2023-09-27,30,Tier 2,Basic,BNPL,578,91.0,7.5,1993.0,5,1,62,36.5,1,2025-02-04,16.5,1638.0
CUST101440,2024-12-25,26,Tier 1,Basic,Credit Card,606,210.0,10.1,2719.0,2,0,45,21.3,0,,21.3,0.0
CUST101441,2025-08-07,36,Tier 2,Premium,Personal Loan,779,2258.0,8.0,628.0,0,0,8,13.8,0,,13.8,0.0
CUST101442,2026-02-07,35,Tier 1,Basic,Personal Loan,723,279.0,0.7,1710.0,3,0,28,7.7,0,,7.7,0.0
CUST101443,2026-03-24,25,Tier 2,Standard,Insurance,656,706.0,6.4,1816.0,1,0,7,6.2,0,,6.2,0.0
CUST101444,2026-07-27,43,Tier 1,Basic,Personal Loan,580,301.0,5.3,1533.0,2,1,27,2.0,1,2026-09-22,1.9,5418.0
CUST101445,2026-06-09,34,Tier 3,Standard,Personal Loan,628,845.0,4.6,2085.0,0,1,10,3.6,1,2026-08-08,2.0,15210.0
CUST101446,2025-07-07,37,Tier 1,Basic,Credit Card,719,265.0,7.6,1924.0,3,0,77,14.9,1,2026-06-02,11.0,4770.0
CUST101447,2026-03-29,43,Tier 1,Basic,Credit Card,670,145.0,10.1,2856.0,2,0,31,6.0,1,2026-07-05,3.3,2610.0
CUST101448,2024-12-24,32,Tier 3,Basic,Credit Card,643,177.0,5.3,3196.0,3,1,12,21.4,0,,21.4,0.0
CUST101449,2026-08-09,34,Tier 2,Basic,Personal Loan,664,329.0,8.7,1640.0,4,0,5,1.6,0,,1.6,0.0
CUST101450,2026-02-26,38,Tier 1,Standard,Personal Loan,705,751.0,11.7,3281.0,1,1,24,7.1,0,,7.1,0.0
CUST101451,2025-11-18,26,Tier 1,Basic,Personal Loan,620,375.0,9.6,1544.0,0,0,38,10.4,1,2025-11-26,0.3,6750.0
CUST101452,2026-02-20,32,Tier 2,Basic,Personal Loan,697,245.0,11.0,2309.0,3,0,16,7.3,1,2026-03-01,0.3,4410.0
CUST101453,2024-12-05,33,Tier 1,Standard,Credit Card,594,723.0,7.2,1003.0,1,1,4,22.0,0,,22.0,0.0
CUST101454,2023-09-27,24,Tier 3,Premium,BNPL,713,455.0,10.4,1943.0,1,0,13,36.5,0,,36.5,0.0
CUST101455,2026-08-21,50,Tier 2,Basic,Personal Loan,654,307.0,11.2,3576.0,3,0,11,1.2,1,2026-08-31,0.3,5526.0
CUST101456,2026-08-16,21,Tier 1,Basic,Credit Card,520,197.0,8.9,2328.0,3,0,69,1.4,0,,1.4,0.0
CUST101457,2026-08-16,21,Tier 2,Basic,Credit Card,637,345.0,15.7,1969.0,2,1,45,1.4,1,2026-09-22,1.2,6210.0
CUST101458,2025-10-19,42,Tier 2,Standard,Insurance,666,411.0,9.1,400.0,2,2,45,11.4,1,2026-05-09,6.7,7398.0
CUST101459,2026-05-10,37,Tier 3,Basic,Insurance,667,219.0,5.2,2142.0,5,1,146,4.6,1,2026-05-17,0.2,3942.0
CUST101460,2025-08-26,23,Tier 1,Standard,BNPL,552,166.0,0.0,2286.0,0,1,8,13.2,0,,13.2,0.0
CUST101461,2026-04-24,36,Tier 2,Basic,Personal Loan,602,405.0,4.8,1773.0,2,1,25,5.2,0,,5.2,0.0
CUST101462,2025-12-04,43,Tier 1,Premium,Personal Loan,846,1932.0,5.7,1899.0,0,1,5,9.9,0,,9.9,0.0
CUST101463,2025-07-13,31,Tier 2,Basic,Credit Card,627,257.0,7.4,2106.0,1,0,3,14.7,0,,14.7,0.0
CUST101464,2026-01-31,52,Tier 3,Basic,Personal Loan,583,399.0,10.0,2228.0,3,1,18,7.9,1,2026-08-06,6.2,7182.0
CUST101465,2026-02-06,21,Tier 1,Premium,Credit Card,812,1441.0,10.4,2038.0,0,0,6,7.7,0,,7.7,0.0
CUST101466,2026-08-30,37,Tier 3,Basic,BNPL,537,161.0,8.6,3254.0,0,0,7,0.9,0,,0.9,0.0
CUST101467,2026-04-21,41,Tier 2,Standard,BNPL,613,407.0,3.0,1268.0,0,0,43,5.3,1,2026-09-13,4.8,7326.0
CUST101468,2026-02-02,39,Tier 3,Basic,BNPL,526,178.0,13.6,3591.0,0,0,12,7.9,0,,7.9,0.0
CUST101469,2026-03-25,30,Tier 3,Basic,Credit Card,527,225.0,4.1,1962.0,2,3,50,6.2,1,2026-04-29,1.2,4050.0
CUST101470,2024-11-02,29,Tier 1,Standard,BNPL,636,362.0,8.4,2682.0,0,1,2,23.1,0,,23.1,0.0
CUST101471,2024-10-15,35,Tier 1,Basic,Credit Card,660,291.0,4.0,3159.0,2,0,1,23.7,1,2026-05-30,19.7,5238.0
CUST101472,2025-04-27,38,Tier 1,Basic,Personal Loan,470,339.0,5.5,2372.0,2,1,189,17.2,1,2026-06-12,13.7,6102.0
CUST101473,2026-05-08,36,Tier 1,Standard,BNPL,734,375.0,7.7,2171.0,0,0,3,4.7,0,,4.7,0.0
CUST101474,2025-09-12,40,Tier 2,Standard,Personal Loan,714,663.0,4.7,2332.0,0,1,29,12.6,0,,12.6,0.0
CUST101475,2026-04-29,23,Tier 2,Basic,Credit Card,580,325.0,8.2,453.0,0,2,32,5.0,1,2026-05-11,0.4,5850.0
CUST101476,2026-07-09,30,Tier 3,Basic,Credit Card,574,217.0,7.2,100.0,1,0,21,2.6,0,,2.6,0.0
CUST101477,2026-05-24,24,Tier 2,Basic,BNPL,603,199.0,10.4,2880.0,3,2,1,4.2,0,,4.2,0.0
CUST101478,2026-09-04,28,Tier 3,Basic,BNPL,508,159.0,10.5,1904.0,1,3,14,0.7,1,2026-09-10,0.2,2862.0
CUST101479,2026-05-29,40,Tier 3,Standard,Credit Card,652,482.0,5.0,1433.0,1,0,46,4.0,1,2026-06-09,0.4,8676.0
CUST101480,2026-03-25,32,Tier 3,Basic,BNPL,644,213.0,9.0,2398.0,0,1,82,6.2,1,2026-05-19,1.8,3834.0
CUST101481,2024-03-07,52,Tier 1,Premium,Personal Loan,799,1891.0,10.6,2059.0,0,0,9,31.1,0,,31.1,0.0
CUST101482,2026-06-06,33,Tier 2,Standard,Credit Card,716,824.0,2.7,1036.0,0,0,17,3.7,0,,3.7,0.0
CUST101483,2024-10-28,32,Tier 1,Premium,BNPL,704,789.0,11.9,3052.0,0,0,6,23.3,0,,23.3,0.0
CUST101484,2026-07-11,32,Tier 1,Standard,BNPL,724,482.0,9.6,3217.0,0,0,30,2.6,1,2026-08-06,0.9,8676.0
CUST101485,2026-07-25,26,Tier 1,Standard,Insurance,671,356.0,8.3,2389.0,0,0,43,2.1,0,,2.1,0.0
CUST101486,2026-02-19,31,Tier 3,Standard,Personal Loan,610,780.0,8.5,2348.0,2,2,26,7.3,0,,7.3,0.0
CUST101487,2025-10-27,41,Tier 2,Basic,BNPL,543,86.0,10.7,2190.0,2,1,26,11.1,0,,11.1,0.0
CUST101488,2026-09-13,32,Tier 2,Standard,Credit Card,669,601.0,5.2,2308.0,1,1,20,0.4,0,,0.4,0.0
CUST101489,2026-07-14,25,Tier 3,Standard,Insurance,675,646.0,3.5,2514.0,0,0,5,2.5,0,,2.5,0.0
CUST101490,2026-03-28,24,Tier 1,Standard,Personal Loan,618,766.0,6.1,1777.0,2,2,95,6.1,1,2026-05-16,1.6,13788.0
CUST101491,2026-05-29,28,Tier 2,Standard,BNPL,698,502.0,14.3,2922.0,2,0,55,4.0,0,,4.0,0.0
CUST101492,2025-09-17,32,Tier 3,Standard,Credit Card,693,539.0,9.1,2353.0,2,0,63,12.5,1,2026-01-24,4.3,9702.0
CUST101493,2026-02-24,41,Tier 1,Premium,Personal Loan,768,2068.0,5.7,2896.0,1,1,2,7.1,1,2026-08-13,5.7,37224.0
CUST101494,2026-08-05,21,Tier 2,Basic,Credit Card,687,315.0,9.4,3335.0,1,0,37,1.7,0,,1.7,0.0
CUST101495,2024-11-21,29,Tier 1,Basic,Credit Card,582,301.0,9.5,2233.0,0,2,37,22.5,1,2025-09-08,9.7,5418.0
CUST101496,2026-06-15,33,Tier 3,Basic,Credit Card,614,233.0,5.6,2500.0,2,1,15,3.4,1,2026-08-09,1.8,4194.0
CUST101497,2025-08-28,21,Tier 1,Standard,BNPL,702,114.0,9.5,2780.0,0,0,40,13.1,0,,13.1,0.0
CUST101498,2025-06-29,25,Tier 1,Standard,Credit Card,693,726.0,4.1,2263.0,0,1,30,15.1,0,,15.1,0.0
CUST101499,2024-01-10,26,Tier 2,Basic,Credit Card,620,244.0,10.2,1890.0,3,3,45,33.0,1,2024-05-22,4.4,4392.0
CUST101500,2026-03-03,25,Tier 1,Standard,Credit Card,716,523.0,11.4,2365.0,3,0,1,6.9,0,,6.9,0.0
CUST101501,2025-12-13,33,Tier 1,Standard,Personal Loan,671,773.0,10.7,3371.0,1,0,93,9.6,1,2026-05-04,4.7,13914.0
CUST101502,2026-05-27,30,Tier 2,Premium,Personal Loan,808,2222.0,8.1,100.0,0,0,13,4.1,0,,4.1,0.0
CUST101503,2025-10-21,27,Tier 1,Standard,Credit Card,690,502.0,11.9,2872.0,1,0,70,11.3,1,2026-01-17,2.9,9036.0
CUST101504,2026-03-24,35,Tier 2,Standard,Credit Card,660,711.0,10.7,2340.0,1,1,2,6.2,0,,6.2,0.0
CUST101505,2026-04-07,45,Tier 2,Standard,Personal Loan,650,873.0,4.5,1730.0,1,3,24,5.7,0,,5.7,0.0
CUST101506,2025-02-23,45,Tier 2,Standard,Credit Card,746,604.0,8.2,2980.0,2,0,27,19.3,0,,19.3,0.0
CUST101507,2026-09-11,21,Tier 2,Standard,Credit Card,577,734.0,8.4,1116.0,1,0,1,0.5,0,,0.5,0.0
CUST101508,2024-12-24,36,Tier 1,Basic,Personal Loan,634,407.0,8.2,1839.0,5,1,2,21.4,1,2025-01-25,1.1,7326.0
CUST101509,2025-03-02,30,Tier 1,Basic,Credit Card,622,235.0,3.5,3381.0,2,1,50,19.1,1,2026-04-29,14.1,4230.0
CUST101510,2026-02-27,33,Tier 3,Basic,Personal Loan,594,313.0,16.0,496.0,3,0,56,7.0,1,2026-09-07,6.4,5634.0
CUST101511,2026-03-08,28,Tier 3,Basic,Insurance,640,256.0,11.2,2651.0,1,1,84,6.7,1,2026-04-29,1.7,4608.0
CUST101512,2026-05-15,32,Tier 1,Basic,BNPL,647,196.0,13.6,3495.0,2,2,52,4.5,1,2026-09-15,4.1,3528.0
CUST101513,2023-09-27,33,Tier 2,Premium,BNPL,783,804.0,3.8,3193.0,0,0,3,36.5,0,,36.5,0.0
CUST101514,2026-08-22,27,Tier 2,Standard,Personal Loan,723,805.0,6.3,2559.0,2,0,69,1.2,0,,1.2,0.0
CUST101515,2026-01-02,24,Tier 2,Premium,BNPL,719,219.0,14.0,1336.0,1,0,3,8.9,0,,8.9,0.0
CUST101516,2025-10-18,28,Tier 2,Basic,BNPL,574,111.0,10.8,3004.0,2,2,45,11.4,1,2026-05-10,6.8,1998.0
CUST101517,2024-07-02,33,Tier 1,Basic,BNPL,645,93.0,16.6,1635.0,2,0,26,27.2,0,,27.2,0.0
CUST101518,2025-06-29,36,Tier 2,Standard,Personal Loan,648,934.0,6.1,2060.0,1,1,3,15.1,1,2026-03-05,8.3,16812.0
CUST101519,2025-11-21,38,Tier 1,Basic,Credit Card,691,238.0,10.0,2153.0,2,0,92,10.3,1,2026-01-06,1.5,4284.0
CUST101520,2026-08-20,28,Tier 2,Premium,BNPL,733,761.0,7.6,1092.0,1,0,9,1.2,0,,1.2,0.0
CUST101521,2026-05-09,34,Tier 3,Basic,Credit Card,662,250.0,7.9,3364.0,2,0,3,4.7,0,,4.7,0.0
CUST101522,2026-08-13,39,Tier 2,Standard,Credit Card,642,537.0,10.0,2117.0,0,1,10,1.5,0,,1.5,0.0
CUST101523,2024-12-26,41,Tier 1,Premium,Credit Card,741,1835.0,9.3,2135.0,0,0,14,21.3,0,,21.3,0.0
CUST101524,2025-08-07,31,Tier 3,Standard,Credit Card,693,819.0,6.9,1649.0,0,0,19,13.8,0,,13.8,0.0
CUST101525,2025-07-28,30,Tier 3,Standard,Personal Loan,605,1055.0,8.3,1562.0,2,1,5,14.2,0,,14.2,0.0
CUST101526,2025-11-14,33,Tier 3,Standard,Credit Card,639,739.0,5.1,2755.0,1,0,17,10.5,0,,10.5,0.0
CUST101527,2026-02-26,22,Tier 2,Standard,Personal Loan,637,841.0,13.7,2779.0,2,1,7,7.1,0,,7.1,0.0
CUST101528,2026-08-09,30,Tier 1,Basic,Credit Card,675,331.0,10.4,4875.0,3,1,26,1.6,1,2026-09-11,1.1,5958.0
CUST101529,2026-05-29,37,Tier 3,Standard,Personal Loan,668,756.0,9.7,1920.0,0,0,8,4.0,0,,4.0,0.0
CUST101530,2026-08-13,37,Tier 2,Standard,Credit Card,639,537.0,1.4,1819.0,2,0,14,1.5,0,,1.5,0.0
CUST101531,2025-09-04,29,Tier 3,Basic,Personal Loan,630,295.0,11.8,3196.0,2,0,65,12.9,1,2026-02-28,5.9,5310.0
CUST101532,2026-08-05,33,Tier 1,Basic,BNPL,563,176.0,8.1,2957.0,2,1,8,1.7,1,2026-09-09,1.2,3168.0
CUST101533,2025-09-28,25,Tier 1,Standard,BNPL,760,291.0,9.1,1939.0,0,0,0,12.1,0,,12.1,0.0
CUST101534,2025-10-08,37,Tier 3,Standard,Personal Loan,769,825.0,6.4,2518.0,2,0,3,11.8,0,,11.8,0.0
CUST101535,2026-03-26,31,Tier 2,Premium,Personal Loan,735,1371.0,6.3,3605.0,0,0,18,6.1,0,,6.1,0.0
CUST101536,2026-08-14,29,Tier 1,Standard,Personal Loan,578,908.0,5.1,1128.0,0,0,11,1.4,0,,1.4,0.0
CUST101537,2026-06-05,29,Tier 1,Basic,BNPL,571,74.0,8.9,1532.0,0,0,47,3.8,1,2026-07-23,1.6,1332.0
CUST101538,2026-06-03,31,Tier 2,Standard,Credit Card,707,529.0,12.0,2586.0,3,0,1,3.8,0,,3.8,0.0
CUST101539,2025-09-30,28,Tier 1,Standard,Credit Card,722,808.0,6.3,1592.0,0,1,3,12.0,1,2025-11-10,1.4,14544.0
CUST101540,2026-08-21,37,Tier 2,Basic,Personal Loan,639,384.0,8.6,1636.0,1,1,29,1.2,0,,1.2,0.0
CUST101541,2025-04-15,28,Tier 2,Premium,Credit Card,821,1505.0,11.0,3305.0,1,0,13,17.6,0,,17.6,0.0
CUST101542,2025-07-24,44,Tier 3,Standard,BNPL,707,426.0,15.7,2572.0,1,0,31,14.3,0,,14.3,0.0
CUST101543,2026-07-27,43,Tier 1,Standard,BNPL,647,321.0,11.4,2151.0,1,0,21,2.0,0,,2.0,0.0
CUST101544,2025-09-11,24,Tier 3,Basic,Credit Card,676,211.0,8.5,1501.0,1,0,49,12.7,0,,12.7,0.0
CUST101545,2025-10-30,32,Tier 1,Standard,Personal Loan,667,798.0,9.9,2530.0,3,1,4,11.0,0,,11.0,0.0
CUST101546,2025-08-09,26,Tier 2,Basic,Personal Loan,787,249.0,10.1,3255.0,1,0,38,13.8,0,,13.8,0.0
CUST101547,2026-07-26,29,Tier 1,Standard,Personal Loan,642,878.0,11.4,1038.0,2,1,11,2.1,0,,2.1,0.0
CUST101548,2026-08-06,48,Tier 2,Premium,Personal Loan,683,1834.0,13.0,1101.0,0,0,25,1.7,0,,1.7,0.0
CUST101549,2026-07-08,29,Tier 3,Basic,Personal Loan,678,278.0,13.5,2812.0,2,1,33,2.7,0,,2.7,0.0
CUST101550,2026-05-13,34,Tier 3,Basic,Personal Loan,549,403.0,7.0,1697.0,3,3,27,4.5,1,2026-07-28,2.5,7254.0
CUST101551,2025-06-10,36,Tier 2,Basic,Credit Card,573,280.0,8.2,1472.0,1,1,30,15.8,1,2026-04-30,10.8,5040.0
CUST101552,2025-08-21,23,Tier 2,Basic,Insurance,756,260.0,9.3,1587.0,0,0,62,13.4,1,2026-04-30,8.4,4680.0
CUST101553,2024-08-09,25,Tier 3,Basic,Credit Card,607,226.0,8.7,2881.0,1,0,0,25.9,0,,25.9,0.0
CUST101554,2026-09-08,22,Tier 3,Standard,BNPL,658,390.0,7.7,2853.0,0,1,39,0.6,0,,0.6,0.0
CUST101555,2026-09-21,24,Tier 3,Standard,BNPL,619,472.0,6.9,2556.0,1,0,1,0.2,0,,0.2,0.0
CUST101556,2025-10-01,21,Tier 1,Basic,Personal Loan,622,333.0,7.4,1814.0,1,1,31,12.0,0,,12.0,0.0
CUST101557,2026-06-20,36,Tier 3,Standard,BNPL,674,598.0,7.2,1466.0,1,0,14,3.3,0,,3.3,0.0
CUST101558,2026-05-28,48,Tier 1,Basic,Personal Loan,562,315.0,10.4,1657.0,4,3,16,4.0,0,,4.0,0.0
CUST101559,2026-02-01,33,Tier 1,Basic,Credit Card,713,225.0,9.3,1400.0,2,0,5,7.9,0,,7.9,0.0
CUST101560,2026-08-25,21,Tier 1,Standard,Credit Card,604,732.0,2.6,1847.0,1,1,3,1.1,0,,1.1,0.0
CUST101561,2025-11-22,26,Tier 1,Standard,Insurance,669,421.0,10.9,2232.0,0,0,27,10.3,0,,10.3,0.0
CUST101562,2026-06-01,28,Tier 3,Basic,Personal Loan,650,371.0,5.5,2865.0,2,1,4,3.9,0,,3.9,0.0
CUST101563,2025-11-30,23,Tier 3,Standard,Personal Loan,617,676.0,7.9,2234.0,0,0,23,10.0,0,,10.0,0.0
CUST101564,2025-04-06,38,Tier 3,Basic,Insurance,573,257.0,4.0,2048.0,1,2,162,17.9,1,2025-08-12,4.3,4626.0
CUST101565,2026-08-01,38,Tier 2,Standard,Personal Loan,690,761.0,11.1,3731.0,0,0,23,1.9,1,2026-09-18,1.6,13698.0
CUST101566,2024-07-17,22,Tier 2,Basic,BNPL,560,174.0,5.7,100.0,0,2,3,26.7,0,,26.7,0.0
CUST101567,2026-02-12,37,Tier 2,Premium,BNPL,786,1094.0,11.8,2778.0,1,1,8,7.5,1,2026-09-19,7.3,19692.0
CUST101568,2024-08-19,44,Tier 1,Basic,BNPL,638,158.0,9.3,2670.0,3,1,63,25.6,1,2026-05-08,20.9,2844.0
CUST101569,2026-07-19,47,Tier 3,Standard,Insurance,646,429.0,9.5,2681.0,0,1,62,2.3,0,,2.3,0.0
CUST101570,2025-12-22,54,Tier 2,Standard,Insurance,694,468.0,5.1,3036.0,1,0,26,9.3,0,,9.3,0.0
CUST101571,2026-04-24,24,Tier 2,Standard,Personal Loan,734,750.0,11.5,1132.0,0,1,7,5.2,0,,5.2,0.0
CUST101572,2025-07-07,54,Tier 2,Basic,BNPL,622,55.0,8.7,3059.0,3,1,10,14.9,1,2026-02-07,7.2,990.0
CUST101573,2025-12-21,29,Tier 3,Basic,Credit Card,669,306.0,10.7,2545.0,1,0,54,9.3,1,2026-08-10,7.7,5508.0
CUST101574,2026-03-06,27,Tier 1,Standard,Credit Card,759,664.0,6.8,1844.0,1,0,29,6.8,0,,6.8,0.0
CUST101575,2024-09-24,34,Tier 1,Premium,Personal Loan,708,1502.0,7.6,2767.0,3,0,7,24.4,0,,24.4,0.0
CUST101576,2026-05-07,27,Tier 3,Premium,BNPL,721,1248.0,14.7,2360.0,1,0,1,4.7,1,2026-09-02,3.9,22464.0
CUST101577,2026-07-14,35,Tier 2,Basic,Insurance,652,190.0,6.7,1352.0,1,0,39,2.5,0,,2.5,0.0
CUST101578,2025-12-19,21,Tier 3,Basic,Insurance,604,238.0,5.6,379.0,4,2,31,9.4,1,2026-04-20,4.1,4284.0
CUST101579,2025-12-07,30,Tier 1,Standard,Credit Card,553,543.0,13.9,1019.0,0,2,0,9.8,1,2026-01-14,1.3,9774.0
CUST101580,2026-04-06,42,Tier 1,Standard,Personal Loan,638,583.0,10.0,1557.0,1,0,21,5.8,0,,5.8,0.0
CUST101581,2026-03-10,31,Tier 3,Standard,Credit Card,664,473.0,14.9,2555.0,0,0,3,6.7,0,,6.7,0.0
CUST101582,2024-02-07,33,Tier 2,Standard,BNPL,703,332.0,13.6,905.0,1,0,35,32.1,0,,32.1,0.0
CUST101583,2025-08-27,35,Tier 2,Standard,BNPL,597,507.0,7.2,2569.0,0,0,22,13.2,0,,13.2,0.0
CUST101584,2026-08-22,41,Tier 1,Basic,Credit Card,587,267.0,9.2,2481.0,2,1,2,1.2,1,2026-09-26,1.2,4806.0
CUST101585,2026-07-17,21,Tier 1,Premium,Personal Loan,679,1859.0,7.5,4051.0,0,0,8,2.4,0,,2.4,0.0
CUST101586,2023-09-27,36,Tier 2,Basic,Credit Card,610,149.0,2.1,2525.0,3,0,57,36.5,1,2024-01-08,3.4,2682.0
CUST101587,2025-09-03,29,Tier 1,Standard,Credit Card,630,815.0,11.0,337.0,4,1,35,12.9,0,,12.9,0.0
CUST101588,2024-09-17,33,Tier 3,Standard,Insurance,686,614.0,5.1,3231.0,1,0,2,24.6,1,2025-05-14,8.0,11052.0
CUST101589,2026-06-10,40,Tier 3,Basic,Credit Card,586,244.0,3.8,1379.0,0,3,3,3.6,0,,3.6,0.0
CUST101590,2025-08-16,22,Tier 1,Basic,Credit Card,612,307.0,6.6,1331.0,2,0,52,13.5,0,,13.5,0.0
CUST101591,2025-09-16,23,Tier 2,Basic,Credit Card,620,312.0,3.1,2025.0,2,0,9,12.5,0,,12.5,0.0
CUST101592,2026-06-14,21,Tier 2,Premium,Personal Loan,738,2143.0,10.1,2696.0,0,1,9,3.5,0,,3.5,0.0
CUST101593,2026-01-29,27,Tier 1,Premium,Insurance,820,1191.0,4.0,1953.0,0,0,9,8.0,0,,8.0,0.0
CUST101594,2025-12-04,42,Tier 1,Basic,Credit Card,566,200.0,2.1,2209.0,2,2,35,9.9,1,2026-04-28,4.8,3600.0
CUST101595,2026-03-14,31,Tier 2,Standard,Credit Card,684,779.0,6.3,1378.0,0,0,8,6.5,0,,6.5,0.0
CUST101596,2025-04-18,21,Tier 2,Standard,Credit Card,698,473.0,7.1,1149.0,0,0,1,17.5,0,,17.5,0.0
CUST101597,2025-04-08,28,Tier 2,Premium,BNPL,770,1385.0,2.0,2381.0,0,0,8,17.9,0,,17.9,0.0
CUST101598,2025-03-05,21,Tier 2,Premium,BNPL,712,848.0,12.7,828.0,1,1,7,19.0,0,,19.0,0.0
CUST101599,2025-05-26,22,Tier 3,Basic,BNPL,657,97.0,5.1,1558.0,4,0,20,16.3,0,,16.3,0.0
CUST101600,2026-03-10,35,Tier 3,Standard,Personal Loan,702,685.0,6.4,1902.0,0,0,7,6.7,0,,6.7,0.0
CUST101601,2026-05-05,22,Tier 2,Standard,Credit Card,696,484.0,11.2,2411.0,1,0,37,4.8,1,2026-08-24,3.7,8712.0
CUST101602,2025-04-10,40,Tier 3,Standard,Personal Loan,689,863.0,15.7,1966.0,1,1,9,17.8,0,,17.8,0.0
CUST101603,2026-03-08,31,Tier 1,Standard,BNPL,682,389.0,9.1,1914.0,1,0,3,6.7,1,2026-05-14,2.2,7002.0
CUST101604,2026-07-04,32,Tier 3,Premium,Personal Loan,800,1474.0,6.7,1093.0,0,0,14,2.8,0,,2.8,0.0
CUST101605,2026-02-26,29,Tier 2,Standard,Credit Card,713,604.0,6.4,1827.0,0,0,20,7.1,0,,7.1,0.0
CUST101606,2026-08-12,38,Tier 3,Premium,BNPL,809,457.0,2.8,1975.0,1,0,4,1.5,0,,1.5,0.0
CUST101607,2025-10-09,38,Tier 2,Basic,BNPL,597,179.0,7.9,2575.0,2,1,6,11.7,0,,11.7,0.0
CUST101608,2026-05-27,34,Tier 1,Standard,Credit Card,568,643.0,2.6,1480.0,1,1,12,4.1,0,,4.1,0.0
CUST101609,2026-06-28,36,Tier 2,Standard,Credit Card,757,601.0,5.1,1395.0,1,1,1,3.0,0,,3.0,0.0
CUST101610,2024-02-29,30,Tier 1,Basic,Personal Loan,569,261.0,8.9,1109.0,2,0,9,31.3,0,,31.3,0.0
CUST101611,2025-07-03,36,Tier 2,Basic,BNPL,598,135.0,3.0,2337.0,0,0,116,15.0,1,2026-06-07,11.3,2430.0
CUST101612,2025-06-19,29,Tier 2,Standard,BNPL,569,336.0,10.4,1885.0,1,0,3,15.5,0,,15.5,0.0
CUST101613,2025-12-07,32,Tier 3,Standard,Personal Loan,626,886.0,14.7,2079.0,1,0,6,9.8,0,,9.8,0.0
CUST101614,2025-03-27,29,Tier 2,Standard,Credit Card,668,672.0,9.2,1773.0,0,1,3,18.3,1,2025-07-03,3.3,12096.0
CUST101615,2025-07-26,28,Tier 2,Basic,BNPL,634,190.0,2.9,1809.0,3,1,85,14.2,1,2026-02-10,6.6,3420.0
CUST101616,2025-12-27,26,Tier 1,Basic,BNPL,624,126.0,10.0,1653.0,5,0,91,9.1,1,2026-01-27,1.0,2268.0
CUST101617,2024-01-26,35,Tier 3,Basic,Personal Loan,645,232.0,12.6,2651.0,1,1,2,32.5,0,,32.5,0.0
CUST101618,2026-07-25,42,Tier 3,Standard,Credit Card,713,779.0,5.6,2237.0,0,0,46,2.1,0,,2.1,0.0
CUST101619,2024-05-18,41,Tier 3,Basic,Personal Loan,673,278.0,9.4,3521.0,1,0,5,28.7,1,2025-11-11,18.1,5004.0
CUST101620,2026-04-26,21,Tier 1,Standard,Personal Loan,530,701.0,12.1,1927.0,0,0,10,5.1,0,,5.1,0.0
CUST101621,2026-02-13,42,Tier 2,Premium,Insurance,764,1248.0,7.9,3618.0,1,0,9,7.5,0,,7.5,0.0
CUST101622,2026-08-18,29,Tier 1,Standard,BNPL,678,429.0,6.1,1944.0,0,1,12,1.3,0,,1.3,0.0
CUST101623,2026-02-05,36,Tier 2,Basic,BNPL,698,123.0,6.1,2659.0,3,0,5,7.8,0,,7.8,0.0
CUST101624,2025-12-17,24,Tier 1,Standard,Personal Loan,719,775.0,7.9,1650.0,0,0,31,9.4,1,2026-06-14,6.0,13950.0
CUST101625,2023-09-27,33,Tier 2,Basic,BNPL,637,130.0,10.1,2636.0,0,1,41,36.5,1,2025-03-24,18.1,2340.0
CUST101626,2023-09-27,34,Tier 2,Standard,Credit Card,729,834.0,6.8,123.0,2,0,57,36.5,1,2025-04-29,19.3,15012.0
CUST101627,2023-12-14,21,Tier 1,Standard,Credit Card,645,650.0,3.8,1077.0,1,0,9,33.9,0,,33.9,0.0
CUST101628,2026-05-21,36,Tier 2,Premium,Credit Card,841,1129.0,0.6,1318.0,0,0,6,4.3,0,,4.3,0.0
CUST101629,2023-09-27,42,Tier 3,Standard,Personal Loan,664,720.0,10.0,4048.0,0,1,9,36.5,0,,36.5,0.0
CUST101630,2026-03-28,30,Tier 1,Basic,BNPL,555,137.0,4.9,3148.0,4,3,2,6.1,1,2026-07-24,3.9,2466.0
CUST101631,2025-03-03,42,Tier 3,Standard,Credit Card,649,681.0,13.0,2433.0,2,0,1,19.1,0,,19.1,0.0
CUST101632,2026-07-15,30,Tier 1,Basic,Personal Loan,603,349.0,9.8,1826.0,2,0,50,2.4,1,2026-08-22,1.3,6282.0
CUST101633,2026-02-27,38,Tier 1,Basic,Personal Loan,559,331.0,9.3,1676.0,0,1,12,7.0,0,,7.0,0.0
CUST101634,2023-12-17,21,Tier 1,Basic,Personal Loan,721,283.0,8.2,1654.0,0,0,23,33.8,0,,33.8,0.0
CUST101635,2024-04-28,51,Tier 3,Standard,Personal Loan,660,790.0,8.2,2808.0,1,2,77,29.4,1,2024-07-15,2.6,14220.0
CUST101636,2025-10-16,43,Tier 2,Standard,Credit Card,628,745.0,12.3,2281.0,0,2,0,11.5,0,,11.5,0.0
CUST101637,2025-06-04,29,Tier 3,Standard,BNPL,635,241.0,10.8,3009.0,0,0,15,16.0,0,,16.0,0.0
CUST101638,2026-07-30,21,Tier 2,Basic,Personal Loan,739,302.0,7.2,2705.0,0,0,26,1.9,0,,1.9,0.0
CUST101639,2025-09-08,34,Tier 1,Basic,Personal Loan,659,355.0,9.0,2572.0,0,0,200,12.8,1,2026-02-15,5.3,6390.0
CUST101640,2025-12-12,21,Tier 2,Standard,Credit Card,701,764.0,10.1,1494.0,1,1,36,9.6,0,,9.6,0.0
CUST101641,2026-08-29,35,Tier 1,Basic,BNPL,671,140.0,6.3,1492.0,5,0,2,0.9,0,,0.9,0.0
CUST101642,2026-08-21,35,Tier 3,Standard,Credit Card,686,597.0,4.3,2318.0,2,0,3,1.2,0,,1.2,0.0
CUST101643,2026-08-23,24,Tier 1,Basic,Credit Card,635,184.0,5.4,2542.0,2,1,1,1.1,1,2026-09-12,0.7,3312.0
CUST101644,2025-09-05,40,Tier 1,Premium,Credit Card,792,1547.0,6.0,2027.0,0,1,2,12.9,0,,12.9,0.0
CUST101645,2026-08-12,38,Tier 3,Basic,Personal Loan,641,391.0,10.4,1080.0,1,1,8,1.5,0,,1.5,0.0
CUST101646,2026-03-21,39,Tier 3,Premium,Personal Loan,787,2538.0,6.9,2401.0,0,0,1,6.3,0,,6.3,0.0
CUST101647,2026-05-17,32,Tier 1,Basic,BNPL,524,169.0,5.7,2881.0,3,2,26,4.4,0,,4.4,0.0
CUST101648,2026-01-30,21,Tier 3,Basic,Credit Card,615,247.0,8.7,1207.0,5,3,129,8.0,1,2026-08-16,6.6,4446.0
CUST101649,2025-09-24,39,Tier 1,Basic,Credit Card,567,204.0,7.1,1937.0,1,2,57,12.2,1,2026-02-01,4.3,3672.0
CUST101650,2025-10-15,29,Tier 3,Premium,BNPL,727,314.0,10.9,1348.0,1,0,2,11.5,0,,11.5,0.0
CUST101651,2026-02-21,21,Tier 2,Standard,BNPL,704,413.0,4.2,3061.0,0,0,31,7.2,0,,7.2,0.0
CUST101652,2026-03-23,42,Tier 1,Standard,Personal Loan,690,1151.0,7.8,3997.0,1,0,81,6.2,1,2026-04-28,1.2,20718.0
CUST101653,2026-04-27,48,Tier 1,Standard,Credit Card,715,815.0,4.6,3383.0,1,0,36,5.1,0,,5.1,0.0
CUST101654,2025-02-10,31,Tier 1,Premium,Personal Loan,785,2133.0,14.7,776.0,0,1,6,19.8,0,,19.8,0.0
CUST101655,2026-05-29,49,Tier 1,Basic,Personal Loan,636,337.0,8.9,2511.0,2,1,11,4.0,0,,4.0,0.0
CUST101656,2026-06-28,32,Tier 1,Standard,BNPL,723,437.0,10.3,2695.0,0,0,28,3.0,0,,3.0,0.0
CUST101657,2025-08-15,28,Tier 2,Standard,BNPL,592,75.0,2.4,3761.0,0,1,31,13.6,1,2026-05-10,8.9,1350.0
CUST101658,2026-05-16,26,Tier 3,Standard,Insurance,637,684.0,6.7,1679.0,1,0,7,4.4,1,2026-06-15,1.0,12312.0
CUST101659,2025-03-12,45,Tier 1,Standard,Credit Card,668,575.0,4.9,2088.0,1,0,5,18.8,0,,18.8,0.0
CUST101660,2026-05-30,25,Tier 2,Basic,Personal Loan,616,290.0,6.0,1139.0,6,1,39,4.0,1,2026-06-23,0.8,5220.0
CUST101661,2025-09-28,37,Tier 2,Standard,Personal Loan,678,803.0,9.6,986.0,0,0,44,12.1,0,,12.1,0.0
CUST101662,2026-09-13,27,Tier 3,Basic,BNPL,736,132.0,9.0,2261.0,1,0,1,0.4,0,,0.4,0.0
CUST101663,2026-05-03,28,Tier 2,Standard,Credit Card,646,557.0,6.5,3521.0,1,1,87,4.9,1,2026-08-30,4.0,10026.0
CUST101664,2026-05-23,40,Tier 2,Basic,Credit Card,674,251.0,11.2,2226.0,2,1,7,4.2,0,,4.2,0.0
CUST101665,2025-05-06,28,Tier 2,Basic,BNPL,637,122.0,7.1,2244.0,1,1,15,16.9,1,2026-07-08,14.3,2196.0
CUST101666,2023-12-08,28,Tier 1,Standard,BNPL,725,403.0,4.2,1061.0,1,0,1,34.1,0,,34.1,0.0
CUST101667,2026-03-25,41,Tier 1,Basic,BNPL,603,76.0,6.2,2331.0,0,1,2,6.2,0,,6.2,0.0
CUST101668,2025-04-22,44,Tier 2,Premium,Personal Loan,768,1760.0,0.0,1701.0,0,0,3,17.4,0,,17.4,0.0
CUST101669,2025-10-01,37,Tier 1,Basic,BNPL,720,95.0,8.6,1791.0,2,0,29,12.0,0,,12.0,0.0
CUST101670,2023-12-05,26,Tier 2,Standard,BNPL,778,307.0,8.3,3737.0,1,0,46,34.2,0,,34.2,0.0
CUST101671,2025-05-15,27,Tier 1,Basic,Personal Loan,618,332.0,1.9,1805.0,3,0,3,16.6,1,2026-01-07,7.9,5976.0
CUST101672,2026-09-02,32,Tier 2,Basic,Credit Card,639,170.0,6.0,1894.0,3,0,28,0.8,1,2026-09-25,0.8,3060.0
CUST101673,2025-09-17,34,Tier 1,Basic,Credit Card,622,209.0,6.3,2397.0,3,1,19,12.5,1,2025-12-10,2.8,3762.0
CUST101674,2026-02-08,24,Tier 3,Basic,Insurance,595,253.0,6.9,100.0,2,1,159,7.7,1,2026-07-10,5.1,4554.0
CUST101675,2026-09-21,37,Tier 3,Standard,Personal Loan,689,661.0,4.9,1500.0,1,0,4,0.2,0,,0.2,0.0
CUST101676,2026-07-02,32,Tier 1,Premium,Credit Card,780,1898.0,8.3,589.0,0,0,5,2.9,0,,2.9,0.0
CUST101677,2024-08-23,21,Tier 1,Standard,Personal Loan,684,1002.0,14.0,1705.0,2,0,1,25.5,0,,25.5,0.0
CUST101678,2024-08-06,24,Tier 2,Standard,BNPL,722,326.0,5.8,3915.0,2,0,49,26.0,1,2025-06-22,10.7,5868.0
CUST101679,2025-06-02,27,Tier 1,Basic,Personal Loan,622,286.0,14.5,100.0,4,0,34,16.0,0,,16.0,0.0
CUST101680,2023-09-27,31,Tier 1,Standard,Personal Loan,586,871.0,11.4,701.0,0,1,18,36.5,0,,36.5,0.0
CUST101681,2025-05-22,47,Tier 1,Basic,Credit Card,502,178.0,5.9,3419.0,2,1,2,16.4,0,,16.4,0.0
CUST101682,2026-09-21,33,Tier 3,Basic,Insurance,527,125.0,8.2,2057.0,1,1,4,0.2,0,,0.2,0.0
CUST101683,2026-06-17,25,Tier 3,Basic,Personal Loan,640,302.0,5.2,2596.0,1,1,55,3.4,1,2026-07-23,1.2,5436.0
CUST101684,2026-09-17,33,Tier 2,Premium,Personal Loan,732,1782.0,5.4,2287.0,0,0,8,0.3,1,2026-09-25,0.3,32076.0
CUST101685,2026-08-28,29,Tier 2,Basic,BNPL,714,155.0,9.2,2315.0,2,0,8,1.0,1,2026-09-10,0.4,2790.0
CUST101686,2026-07-14,34,Tier 3,Basic,Credit Card,640,219.0,11.7,1890.0,0,0,28,2.5,0,,2.5,0.0
CUST101687,2026-02-28,36,Tier 3,Standard,Insurance,681,751.0,14.0,100.0,1,0,69,7.0,1,2026-09-21,6.8,13518.0
CUST101688,2025-03-11,41,Tier 3,Basic,Personal Loan,576,250.0,7.3,2181.0,4,3,4,18.8,1,2026-08-23,17.7,4500.0
CUST101689,2025-02-09,31,Tier 1,Basic,Credit Card,533,193.0,9.7,3188.0,4,3,123,19.8,1,2026-08-25,18.7,3474.0
CUST101690,2025-12-13,45,Tier 1,Standard,Personal Loan,728,908.0,9.5,3102.0,1,1,30,9.6,0,,9.6,0.0
CUST101691,2024-07-28,39,Tier 2,Standard,Personal Loan,647,694.0,7.1,2723.0,0,1,3,26.3,1,2026-08-06,24.6,12492.0
CUST101692,2026-03-03,26,Tier 2,Standard,BNPL,618,234.0,8.3,2106.0,0,0,34,6.9,0,,6.9,0.0
CUST101693,2024-12-06,49,Tier 1,Premium,Credit Card,765,1435.0,5.9,2336.0,0,0,14,22.0,0,,22.0,0.0
CUST101694,2026-03-29,34,Tier 1,Standard,BNPL,670,253.0,9.8,2971.0,1,0,17,6.0,0,,6.0,0.0
CUST101695,2026-06-21,25,Tier 3,Premium,Credit Card,727,1363.0,7.8,826.0,0,0,15,3.2,1,2026-08-07,1.6,24534.0
CUST101696,2024-09-12,45,Tier 3,Premium,Credit Card,674,1204.0,12.1,3824.0,0,0,2,24.8,0,,24.8,0.0
CUST101697,2026-05-02,48,Tier 1,Premium,Credit Card,799,1159.0,7.6,3107.0,0,0,13,4.9,0,,4.9,0.0
CUST101698,2026-03-01,31,Tier 3,Basic,Insurance,667,120.0,12.5,3864.0,4,0,36,7.0,1,2026-05-18,2.6,2160.0
CUST101699,2026-05-30,27,Tier 2,Standard,Personal Loan,676,863.0,17.2,2481.0,2,2,7,4.0,0,,4.0,0.0
CUST101700,2025-11-04,30,Tier 3,Basic,Personal Loan,585,263.0,9.1,1728.0,1,1,41,10.9,1,2025-12-05,1.0,4734.0
CUST101701,2023-09-27,37,Tier 2,Standard,Credit Card,634,628.0,8.7,2617.0,0,0,23,36.5,1,2024-08-05,10.4,11304.0
CUST101702,2026-09-19,42,Tier 1,Standard,Credit Card,784,583.0,11.1,2880.0,1,0,5,0.2,0,,0.2,0.0
CUST101703,2024-11-05,36,Tier 2,Standard,Personal Loan,656,818.0,3.5,3934.0,0,0,3,23.0,0,,23.0,0.0
CUST101704,2026-09-21,32,Tier 2,Standard,Insurance,622,566.0,10.5,1936.0,0,2,9,0.2,0,,0.2,0.0
CUST101705,2026-05-14,43,Tier 2,Premium,Personal Loan,699,1874.0,5.6,1828.0,0,0,5,4.5,0,,4.5,0.0
CUST101706,2026-08-02,29,Tier 1,Basic,BNPL,658,114.0,1.1,3154.0,0,0,61,1.8,1,2026-08-11,0.3,2052.0
CUST101707,2025-07-29,40,Tier 3,Standard,Personal Loan,675,1007.0,10.5,1989.0,1,1,11,14.1,0,,14.1,0.0
CUST101708,2026-09-11,29,Tier 1,Basic,BNPL,643,58.0,10.0,1659.0,3,0,47,0.5,1,2026-09-17,0.2,1044.0
CUST101709,2026-01-28,35,Tier 1,Basic,Insurance,648,214.0,3.5,1717.0,2,0,22,8.0,0,,8.0,0.0
CUST101710,2026-06-14,31,Tier 2,Standard,Personal Loan,725,954.0,13.9,382.0,1,0,1,3.5,0,,3.5,0.0
CUST101711,2026-08-14,31,Tier 2,Premium,Insurance,764,1393.0,8.0,1561.0,0,0,11,1.4,0,,1.4,0.0
CUST101712,2025-07-10,28,Tier 2,Basic,Credit Card,622,201.0,8.6,2580.0,1,0,79,14.8,1,2025-08-17,1.3,3618.0
CUST101713,2026-07-15,42,Tier 3,Standard,Insurance,680,480.0,11.4,2195.0,0,1,15,2.4,0,,2.4,0.0
CUST101714,2026-07-13,26,Tier 2,Premium,BNPL,773,558.0,1.5,2622.0,2,0,12,2.5,0,,2.5,0.0
CUST101715,2026-06-22,26,Tier 2,Basic,Credit Card,643,280.0,5.8,3394.0,1,0,53,3.2,0,,3.2,0.0
CUST101716,2026-01-04,48,Tier 2,Premium,Personal Loan,773,1613.0,11.8,4349.0,1,0,6,8.8,0,,8.8,0.0
CUST101717,2025-11-07,39,Tier 1,Basic,Credit Card,612,263.0,7.5,1955.0,3,1,10,10.8,0,,10.8,0.0
CUST101718,2026-09-21,21,Tier 2,Basic,Personal Loan,581,338.0,7.7,1176.0,2,0,69,0.2,0,,0.2,0.0
CUST101719,2026-07-05,27,Tier 3,Standard,Personal Loan,704,1153.0,14.1,1805.0,0,0,35,2.8,0,,2.8,0.0
CUST101720,2026-04-10,21,Tier 1,Premium,Personal Loan,748,1908.0,7.4,2895.0,0,0,20,5.6,1,2026-06-29,2.7,34344.0
CUST101721,2026-05-28,24,Tier 2,Premium,Credit Card,770,1173.0,4.2,4420.0,0,0,17,4.0,0,,4.0,0.0
CUST101722,2024-12-19,21,Tier 3,Standard,BNPL,636,200.0,5.6,2345.0,2,1,3,21.5,1,2025-06-09,5.7,3600.0
CUST101723,2025-06-19,30,Tier 1,Premium,Personal Loan,778,1743.0,5.5,2631.0,0,0,5,15.5,0,,15.5,0.0
CUST101724,2025-12-06,22,Tier 2,Basic,Personal Loan,562,319.0,15.4,1994.0,4,3,7,9.8,1,2026-08-31,8.9,5742.0
CUST101725,2026-05-26,32,Tier 3,Premium,Credit Card,789,781.0,8.7,2338.0,1,0,2,4.1,0,,4.1,0.0
CUST101726,2025-09-30,21,Tier 1,Standard,Personal Loan,754,752.0,11.5,3318.0,2,0,30,12.0,0,,12.0,0.0
CUST101727,2025-03-19,32,Tier 1,Basic,Personal Loan,476,340.0,2.5,2927.0,4,2,23,18.5,1,2026-09-15,18.2,6120.0
CUST101728,2025-12-29,28,Tier 3,Basic,Personal Loan,609,298.0,6.4,2148.0,1,2,3,9.0,1,2026-04-25,3.9,5364.0
CUST101729,2025-06-23,44,Tier 3,Basic,Insurance,711,273.0,11.3,2427.0,2,0,18,15.3,0,,15.3,0.0
CUST101730,2025-08-08,43,Tier 2,Standard,BNPL,708,187.0,6.4,1869.0,1,0,100,13.8,1,2025-09-07,1.0,3366.0
CUST101731,2026-01-15,38,Tier 2,Basic,Credit Card,663,284.0,6.3,3271.0,1,1,8,8.5,1,2026-04-20,3.2,5112.0
CUST101732,2026-06-06,29,Tier 3,Standard,BNPL,732,509.0,7.8,3872.0,1,0,10,3.7,0,,3.7,0.0
CUST101733,2025-08-12,47,Tier 2,Standard,Credit Card,698,774.0,3.3,1417.0,0,0,18,13.7,0,,13.7,0.0
CUST101734,2026-07-19,21,Tier 1,Premium,BNPL,829,402.0,7.3,1488.0,1,2,2,2.3,0,,2.3,0.0
CUST101735,2025-06-30,21,Tier 1,Basic,BNPL,633,166.0,6.5,1877.0,3,0,120,15.1,1,2026-05-15,10.6,2988.0
CUST101736,2025-05-25,31,Tier 2,Standard,Credit Card,721,563.0,8.7,2971.0,2,0,20,16.3,0,,16.3,0.0
CUST101737,2025-04-26,50,Tier 3,Standard,Personal Loan,636,662.0,8.0,1816.0,0,0,5,17.3,0,,17.3,0.0
CUST101738,2026-03-18,30,Tier 3,Standard,Personal Loan,655,791.0,6.6,3045.0,1,0,12,6.4,0,,6.4,0.0
CUST101739,2026-07-24,30,Tier 3,Standard,Credit Card,747,532.0,5.4,788.0,0,0,9,2.1,0,,2.1,0.0
CUST101740,2026-08-26,21,Tier 3,Basic,BNPL,575,196.0,5.7,2134.0,0,2,5,1.0,1,2026-09-12,0.6,3528.0
CUST101741,2025-08-14,39,Tier 2,Basic,Credit Card,679,276.0,8.4,2320.0,1,1,12,13.6,0,,13.6,0.0
CUST101742,2024-12-13,39,Tier 2,Basic,BNPL,612,92.0,6.6,1360.0,1,1,28,21.7,1,2026-03-25,15.6,1656.0
CUST101743,2025-11-15,38,Tier 3,Premium,Insurance,769,1057.0,9.2,2073.0,1,0,1,10.5,0,,10.5,0.0
CUST101744,2026-08-11,26,Tier 2,Standard,Personal Loan,757,796.0,12.8,3199.0,0,0,1,1.5,0,,1.5,0.0
CUST101745,2024-06-29,26,Tier 2,Standard,BNPL,622,381.0,4.9,2073.0,0,0,16,27.3,0,,27.3,0.0
CUST101746,2023-09-27,21,Tier 1,Premium,BNPL,762,1122.0,8.1,2576.0,4,0,6,36.5,0,,36.5,0.0
CUST101747,2026-04-09,32,Tier 3,Standard,Insurance,692,675.0,9.9,3477.0,0,1,4,5.7,1,2026-08-29,4.7,12150.0
CUST101748,2025-12-29,23,Tier 2,Basic,Insurance,714,228.0,9.3,1381.0,5,0,44,9.0,1,2026-01-11,0.4,4104.0
CUST101749,2025-07-03,22,Tier 1,Premium,BNPL,723,767.0,6.9,2433.0,0,1,1,15.0,0,,15.0,0.0
CUST101750,2025-08-23,28,Tier 2,Standard,Personal Loan,658,614.0,4.9,100.0,0,1,6,13.3,0,,13.3,0.0
CUST101751,2023-12-01,28,Tier 2,Standard,BNPL,645,558.0,14.6,948.0,1,1,2,34.3,0,,34.3,0.0
CUST101752,2026-08-21,27,Tier 1,Premium,Personal Loan,777,1695.0,11.5,2873.0,1,0,13,1.2,0,,1.2,0.0
CUST101753,2026-01-09,35,Tier 3,Standard,BNPL,694,592.0,6.2,1721.0,1,0,20,8.7,1,2026-04-04,2.8,10656.0
CUST101754,2025-10-08,32,Tier 1,Basic,Insurance,561,235.0,9.3,2460.0,1,1,7,11.8,0,,11.8,0.0
CUST101755,2024-12-03,29,Tier 1,Basic,Credit Card,575,351.0,6.4,840.0,2,0,29,22.1,1,2025-11-26,11.9,6318.0
CUST101756,2025-01-13,33,Tier 2,Basic,Credit Card,569,280.0,6.1,100.0,0,2,42,20.7,1,2026-02-16,13.3,5040.0
CUST101757,2023-09-27,24,Tier 2,Standard,Credit Card,737,464.0,10.9,1567.0,1,0,1,36.5,0,,36.5,0.0
CUST101758,2026-02-23,32,Tier 3,Premium,Credit Card,786,1228.0,13.7,1682.0,2,0,11,7.2,0,,7.2,0.0
CUST101759,2025-04-12,33,Tier 3,Standard,Credit Card,702,628.0,9.1,1881.0,1,0,7,17.7,0,,17.7,0.0
CUST101760,2026-04-12,21,Tier 3,Standard,BNPL,664,276.0,13.1,3521.0,1,2,3,5.6,0,,5.6,0.0
CUST101761,2026-04-15,39,Tier 1,Basic,Insurance,531,206.0,12.7,354.0,0,3,60,5.5,1,2026-08-19,4.2,3708.0
CUST101762,2026-07-01,24,Tier 1,Premium,Insurance,752,877.0,5.1,1542.0,1,0,9,2.9,0,,2.9,0.0
CUST101763,2025-05-03,32,Tier 2,Standard,Personal Loan,705,846.0,9.9,1870.0,1,1,16,17.0,1,2025-12-11,7.4,15228.0
CUST101764,2023-09-27,41,Tier 1,Standard,BNPL,662,421.0,8.6,2072.0,1,1,36,36.5,1,2024-10-28,13.2,7578.0
CUST101765,2026-06-30,39,Tier 3,Standard,BNPL,700,259.0,7.4,3093.0,0,0,6,2.9,0,,2.9,0.0
CUST101766,2026-09-09,32,Tier 2,Basic,Personal Loan,563,422.0,6.2,2146.0,1,3,0,0.6,0,,0.6,0.0
CUST101767,2025-05-07,29,Tier 3,Standard,Personal Loan,749,853.0,3.5,2916.0,2,0,59,16.9,0,,16.9,0.0
CUST101768,2025-12-10,39,Tier 1,Standard,Personal Loan,576,739.0,8.8,3268.0,0,2,6,9.7,0,,9.7,0.0
CUST101769,2024-02-06,37,Tier 2,Standard,Insurance,719,373.0,7.5,948.0,0,0,20,32.1,1,2024-10-29,8.9,6714.0
CUST101770,2026-07-01,27,Tier 2,Standard,Credit Card,603,658.0,9.3,3214.0,1,0,75,2.9,1,2026-08-04,1.1,11844.0
CUST101771,2026-09-04,25,Tier 1,Basic,BNPL,626,137.0,8.6,2024.0,1,0,9,0.7,0,,0.7,0.0
CUST101772,2026-03-07,21,Tier 2,Basic,Personal Loan,577,364.0,6.6,2243.0,1,0,172,6.8,1,2026-03-13,0.2,6552.0
CUST101773,2026-08-31,33,Tier 2,Basic,BNPL,388,143.0,3.3,2332.0,1,3,27,0.9,1,2026-09-23,0.8,2574.0
CUST101774,2026-06-27,31,Tier 2,Basic,Personal Loan,684,265.0,6.9,2575.0,4,0,112,3.0,1,2026-07-16,0.6,4770.0
CUST101775,2026-08-17,41,Tier 1,Standard,Credit Card,741,867.0,11.0,871.0,1,0,2,1.3,0,,1.3,0.0
CUST101776,2026-07-12,34,Tier 1,Basic,Credit Card,518,272.0,15.9,792.0,2,1,27,2.5,0,,2.5,0.0
CUST101777,2026-08-24,42,Tier 2,Standard,Personal Loan,648,812.0,9.5,1740.0,1,1,58,1.1,0,,1.1,0.0
CUST101778,2024-03-17,26,Tier 1,Standard,BNPL,619,411.0,4.2,2747.0,1,1,3,30.8,1,2024-05-17,2.0,7398.0
CUST101779,2026-06-21,41,Tier 1,Basic,Personal Loan,655,349.0,13.7,3356.0,2,1,11,3.2,0,,3.2,0.0
CUST101780,2026-04-03,27,Tier 1,Premium,BNPL,781,440.0,3.5,1587.0,0,0,2,5.9,0,,5.9,0.0
CUST101781,2024-11-09,38,Tier 1,Basic,Credit Card,621,258.0,4.2,2971.0,1,1,118,22.9,1,2025-05-20,6.4,4644.0
CUST101782,2025-10-22,21,Tier 1,Standard,Credit Card,714,591.0,8.0,2008.0,1,0,6,11.3,0,,11.3,0.0
CUST101783,2025-12-12,33,Tier 1,Basic,Personal Loan,747,350.0,1.3,2497.0,3,0,5,9.6,0,,9.6,0.0
CUST101784,2025-09-25,21,Tier 2,Basic,Personal Loan,679,288.0,8.0,1659.0,0,0,56,12.2,1,2025-11-30,2.2,5184.0
CUST101785,2025-04-15,29,Tier 2,Basic,Insurance,589,195.0,8.8,2324.0,2,0,25,17.6,0,,17.6,0.0
CUST101786,2025-01-04,35,Tier 2,Basic,Personal Loan,577,408.0,7.9,1370.0,0,3,31,21.0,1,2026-01-30,13.0,7344.0
CUST101787,2025-11-22,27,Tier 3,Basic,BNPL,710,212.0,8.4,2285.0,0,0,33,10.3,0,,10.3,0.0
CUST101788,2024-12-03,23,Tier 2,Premium,Insurance,748,337.0,12.6,2980.0,1,0,9,22.1,0,,22.1,0.0
CUST101789,2026-02-09,38,Tier 2,Standard,Personal Loan,698,995.0,2.9,1837.0,0,0,12,7.6,0,,7.6,0.0
CUST101790,2026-06-21,31,Tier 3,Standard,Personal Loan,630,835.0,12.7,2426.0,2,2,74,3.2,0,,3.2,0.0
CUST101791,2024-12-29,28,Tier 2,Basic,BNPL,531,115.0,14.0,2532.0,3,2,7,21.2,1,2025-04-05,3.2,2070.0
CUST101792,2026-02-05,32,Tier 2,Standard,Insurance,617,454.0,7.2,3199.0,1,3,63,7.8,0,,7.8,0.0
CUST101793,2024-10-17,53,Tier 2,Basic,Insurance,631,178.0,5.7,521.0,4,1,12,23.6,1,2025-08-19,10.2,3204.0
CUST101794,2026-09-14,41,Tier 2,Premium,Credit Card,786,1210.0,4.7,2833.0,0,0,2,0.4,0,,0.4,0.0
CUST101795,2026-04-27,41,Tier 3,Premium,BNPL,796,524.0,7.5,1221.0,2,0,10,5.1,0,,5.1,0.0
CUST101796,2024-04-24,35,Tier 1,Basic,Personal Loan,612,257.0,9.5,1138.0,1,1,78,29.5,0,,29.5,0.0
CUST101797,2026-07-02,33,Tier 1,Premium,Insurance,795,969.0,2.4,1619.0,0,1,5,2.9,0,,2.9,0.0
CUST101798,2024-05-28,21,Tier 1,Premium,Insurance,764,1351.0,2.2,1357.0,0,1,1,28.4,0,,28.4,0.0
CUST101799,2024-03-17,26,Tier 1,Premium,Personal Loan,718,1834.0,6.4,2384.0,0,0,8,30.8,0,,30.8,0.0
CUST101800,2024-12-24,28,Tier 1,Basic,Personal Loan,599,353.0,12.8,1331.0,2,2,147,21.4,1,2025-06-28,6.2,6354.0
CUST101801,2026-01-21,21,Tier 2,Basic,Personal Loan,641,322.0,10.1,2719.0,3,1,17,8.3,0,,8.3,0.0
CUST101802,2025-11-18,22,Tier 3,Standard,Personal Loan,670,675.0,5.4,275.0,1,1,0,10.4,0,,10.4,0.0
CUST101803,2025-01-23,21,Tier 3,Standard,BNPL,619,454.0,13.2,3157.0,1,0,14,20.4,1,2026-01-05,11.6,8172.0
CUST101804,2025-07-05,31,Tier 1,Standard,Credit Card,626,519.0,7.1,802.0,2,0,10,14.9,0,,14.9,0.0
CUST101805,2025-12-02,38,Tier 3,Basic,Personal Loan,631,357.0,9.4,2565.0,1,1,2,9.9,0,,9.9,0.0
CUST101806,2023-09-27,40,Tier 2,Basic,Credit Card,647,192.0,8.5,1476.0,3,1,73,36.5,0,,36.5,0.0
CUST101807,2025-10-14,35,Tier 1,Standard,Insurance,685,496.0,5.2,1818.0,0,0,19,11.6,0,,11.6,0.0
CUST101808,2023-09-27,24,Tier 3,Standard,Credit Card,631,603.0,14.0,1412.0,3,0,3,36.5,0,,36.5,0.0
CUST101809,2026-09-09,21,Tier 2,Premium,Credit Card,735,1589.0,5.0,288.0,3,0,26,0.6,1,2026-09-20,0.4,28602.0
CUST101810,2026-08-13,21,Tier 2,Basic,Personal Loan,628,334.0,7.4,1784.0,3,0,30,1.5,0,,1.5,0.0
CUST101811,2026-03-30,21,Tier 1,Basic,Insurance,645,226.0,9.5,1098.0,2,0,41,6.0,1,2026-07-26,3.9,4068.0
CUST101812,2026-05-04,24,Tier 2,Standard,BNPL,701,635.0,8.8,917.0,1,2,18,4.8,0,,4.8,0.0
CUST101813,2025-06-26,30,Tier 3,Premium,Personal Loan,783,1306.0,4.7,1819.0,0,1,38,15.2,1,2026-06-26,12.2,23508.0
CUST101814,2026-08-05,23,Tier 2,Premium,Personal Loan,857,1529.0,3.5,1947.0,2,0,22,1.7,1,2026-08-16,0.4,27522.0
CUST101815,2023-09-27,34,Tier 2,Basic,Personal Loan,625,271.0,10.9,2275.0,3,1,1,36.5,0,,36.5,0.0
CUST101816,2026-06-05,30,Tier 2,Standard,Personal Loan,754,615.0,8.7,2645.0,1,0,0,3.8,0,,3.8,0.0
CUST101817,2026-04-11,32,Tier 3,Basic,Credit Card,580,214.0,13.7,1114.0,1,1,23,5.6,1,2026-08-17,4.3,3852.0
CUST101818,2026-06-22,41,Tier 1,Basic,Insurance,620,259.0,13.3,948.0,1,0,13,3.2,1,2026-07-02,0.3,4662.0
CUST101819,2026-01-10,22,Tier 2,Standard,Credit Card,672,573.0,10.3,2880.0,0,1,15,8.6,1,2026-04-17,3.2,10314.0
CUST101820,2026-09-08,35,Tier 1,Standard,BNPL,686,347.0,9.6,1908.0,0,0,8,0.6,1,2026-09-21,0.4,6246.0
CUST101821,2026-08-09,31,Tier 2,Premium,Credit Card,746,918.0,10.0,3968.0,1,0,21,1.6,0,,1.6,0.0
CUST101822,2025-08-12,29,Tier 2,Basic,BNPL,577,110.0,6.4,353.0,0,1,7,13.7,1,2026-04-15,8.2,1980.0
CUST101823,2026-07-27,39,Tier 1,Basic,BNPL,573,127.0,13.1,2501.0,0,1,2,2.0,0,,2.0,0.0
CUST101824,2026-07-08,39,Tier 2,Basic,Personal Loan,599,357.0,9.3,1467.0,3,1,15,2.7,0,,2.7,0.0
CUST101825,2025-06-11,24,Tier 2,Standard,Credit Card,780,432.0,3.8,1500.0,1,0,3,15.7,0,,15.7,0.0
CUST101826,2026-08-28,30,Tier 1,Premium,Credit Card,778,1273.0,3.3,1707.0,0,0,9,1.0,0,,1.0,0.0
CUST101827,2026-04-07,34,Tier 2,Basic,Personal Loan,612,379.0,0.0,3406.0,2,0,22,5.7,1,2026-07-07,3.0,6822.0
CUST101828,2026-09-19,29,Tier 1,Basic,Credit Card,622,228.0,2.1,691.0,4,1,43,0.2,1,2026-09-24,0.2,4104.0
CUST101829,2026-05-22,36,Tier 2,Standard,Credit Card,620,375.0,13.0,678.0,3,1,2,4.2,0,,4.2,0.0
CUST101830,2025-10-01,34,Tier 1,Basic,Insurance,674,289.0,17.7,2754.0,3,0,49,12.0,0,,12.0,0.0
CUST101831,2026-08-29,46,Tier 2,Basic,Credit Card,590,287.0,5.6,3734.0,3,1,11,0.9,1,2026-09-07,0.3,5166.0
CUST101832,2024-12-08,21,Tier 3,Standard,BNPL,739,503.0,8.0,1541.0,0,0,22,21.9,0,,21.9,0.0
CUST101833,2024-10-06,31,Tier 2,Basic,Credit Card,631,163.0,5.3,3176.0,3,1,12,24.0,0,,24.0,0.0
CUST101834,2026-08-24,24,Tier 1,Basic,BNPL,627,226.0,15.3,2985.0,0,1,63,1.1,1,2026-09-14,0.7,4068.0
CUST101835,2023-09-27,36,Tier 3,Basic,Credit Card,583,211.0,5.3,2453.0,2,1,63,36.5,0,,36.5,0.0
CUST101836,2026-06-13,21,Tier 2,Premium,BNPL,737,697.0,6.7,2364.0,0,0,4,3.5,0,,3.5,0.0
CUST101837,2026-08-31,34,Tier 1,Standard,Credit Card,733,559.0,4.8,1860.0,0,0,48,0.9,0,,0.9,0.0
CUST101838,2026-09-21,26,Tier 3,Basic,Credit Card,624,297.0,3.6,3015.0,3,0,14,0.2,1,2026-09-26,0.2,5346.0
CUST101839,2026-04-22,26,Tier 1,Standard,Credit Card,722,627.0,12.5,2798.0,2,0,45,5.2,0,,5.2,0.0
CUST101840,2025-12-02,21,Tier 2,Standard,Credit Card,744,713.0,7.8,1684.0,0,0,4,9.9,0,,9.9,0.0
CUST101841,2026-05-28,28,Tier 2,Standard,Personal Loan,694,855.0,8.0,773.0,1,2,7,4.0,0,,4.0,0.0
CUST101842,2025-04-01,40,Tier 2,Standard,Personal Loan,650,833.0,3.8,1495.0,0,1,43,18.1,0,,18.1,0.0
CUST101843,2025-09-13,31,Tier 3,Basic,Personal Loan,680,278.0,8.1,1242.0,1,1,3,12.6,0,,12.6,0.0
CUST101844,2026-05-20,37,Tier 2,Basic,BNPL,631,241.0,4.3,2150.0,1,1,42,4.3,1,2026-07-24,2.2,4338.0
CUST101845,2025-08-25,45,Tier 1,Standard,Personal Loan,734,655.0,7.8,2632.0,0,0,23,13.2,1,2026-06-06,9.5,11790.0
CUST101846,2024-06-02,34,Tier 3,Premium,Personal Loan,721,1935.0,10.2,2551.0,0,0,36,28.2,1,2025-10-31,17.2,34830.0
CUST101847,2026-08-28,27,Tier 3,Standard,BNPL,736,439.0,0.0,2614.0,1,0,72,1.0,1,2026-09-05,0.3,7902.0
CUST101848,2026-06-09,35,Tier 2,Basic,Credit Card,633,308.0,2.5,2374.0,4,1,23,3.6,1,2026-09-03,2.9,5544.0
CUST101849,2026-03-24,27,Tier 2,Basic,Credit Card,577,319.0,9.4,2180.0,3,2,38,6.2,1,2026-04-26,1.1,5742.0
CUST101850,2026-03-04,27,Tier 1,Standard,Personal Loan,735,827.0,8.2,2144.0,2,0,3,6.9,0,,6.9,0.0
CUST101851,2026-02-04,21,Tier 3,Basic,Insurance,738,252.0,13.5,3311.0,3,0,9,7.8,0,,7.8,0.0
CUST101852,2026-06-11,39,Tier 1,Basic,BNPL,581,238.0,2.0,1760.0,1,2,29,3.6,1,2026-08-17,2.2,4284.0
CUST101853,2025-10-31,28,Tier 1,Basic,BNPL,519,147.0,17.1,2003.0,3,1,9,11.0,0,,11.0,0.0
CUST101854,2025-11-20,33,Tier 2,Basic,Credit Card,671,197.0,3.8,254.0,1,1,9,10.3,0,,10.3,0.0
CUST101855,2026-01-11,23,Tier 1,Standard,BNPL,682,340.0,15.6,1711.0,1,0,0,8.6,1,2026-02-20,1.3,6120.0
CUST101856,2026-08-21,35,Tier 1,Basic,Personal Loan,613,260.0,12.3,1929.0,3,1,3,1.2,1,2026-09-07,0.6,4680.0
CUST101857,2026-03-16,25,Tier 2,Standard,Personal Loan,644,893.0,12.8,3277.0,0,1,25,6.5,0,,6.5,0.0
CUST101858,2026-05-17,30,Tier 1,Basic,Personal Loan,601,378.0,14.3,997.0,0,0,1,4.4,0,,4.4,0.0
CUST101859,2026-03-08,39,Tier 1,Basic,Credit Card,587,244.0,4.8,2085.0,1,3,79,6.7,1,2026-07-23,4.6,4392.0
CUST101860,2024-08-23,38,Tier 1,Basic,Credit Card,732,169.0,10.6,2067.0,1,0,3,25.5,0,,25.5,0.0
CUST101861,2026-03-14,31,Tier 1,Basic,Credit Card,641,301.0,7.4,2774.0,1,1,6,6.5,1,2026-04-01,0.6,5418.0
CUST101862,2026-09-21,21,Tier 2,Standard,Personal Loan,689,614.0,13.6,1781.0,2,1,8,0.2,1,2026-09-26,0.2,11052.0
CUST101863,2026-04-06,55,Tier 3,Standard,Credit Card,727,449.0,9.8,2747.0,2,0,26,5.8,0,,5.8,0.0
CUST101864,2025-04-29,45,Tier 2,Basic,BNPL,652,141.0,10.7,2431.0,3,1,42,17.2,1,2026-05-23,13.0,2538.0
CUST101865,2025-06-29,37,Tier 2,Basic,Credit Card,629,263.0,6.6,1515.0,1,1,10,15.1,1,2026-08-07,13.5,4734.0
CUST101866,2026-02-22,25,Tier 1,Premium,BNPL,732,958.0,7.4,1200.0,1,0,4,7.2,0,,7.2,0.0
CUST101867,2026-07-02,31,Tier 1,Standard,Personal Loan,731,836.0,10.4,4082.0,0,0,34,2.9,1,2026-07-12,0.3,15048.0
CUST101868,2026-03-23,27,Tier 1,Premium,BNPL,676,1333.0,10.9,1713.0,0,2,7,6.2,0,,6.2,0.0
CUST101869,2026-01-21,42,Tier 2,Basic,Credit Card,636,253.0,17.4,677.0,1,1,21,8.3,0,,8.3,0.0
CUST101870,2023-09-27,34,Tier 2,Basic,Personal Loan,703,377.0,4.1,1790.0,0,0,35,36.5,0,,36.5,0.0
CUST101871,2025-11-21,25,Tier 2,Standard,Personal Loan,658,947.0,9.3,1596.0,1,0,12,10.3,0,,10.3,0.0
CUST101872,2025-10-06,28,Tier 1,Standard,Credit Card,695,482.0,10.6,1149.0,2,0,11,11.8,0,,11.8,0.0
CUST101873,2026-03-08,40,Tier 1,Basic,BNPL,604,142.0,5.2,2163.0,2,1,56,6.7,0,,6.7,0.0
CUST101874,2026-05-18,44,Tier 3,Basic,Credit Card,532,356.0,10.6,2369.0,0,2,94,4.4,1,2026-07-17,2.0,6408.0
CUST101875,2025-05-12,44,Tier 1,Standard,Personal Loan,614,779.0,6.3,384.0,0,1,16,16.7,0,,16.7,0.0
CUST101876,2026-03-06,38,Tier 2,Standard,BNPL,729,302.0,18.4,2313.0,0,0,7,6.8,0,,6.8,0.0
CUST101877,2023-09-27,29,Tier 2,Standard,BNPL,640,412.0,2.8,2861.0,1,1,60,36.5,1,2025-07-26,22.3,7416.0
CUST101878,2026-03-27,21,Tier 2,Standard,Credit Card,719,589.0,2.4,1331.0,0,0,24,6.1,1,2026-06-19,2.8,10602.0
CUST101879,2026-09-05,34,Tier 3,Standard,Credit Card,622,547.0,10.8,994.0,0,0,21,0.7,0,,0.7,0.0
CUST101880,2025-10-17,31,Tier 3,Basic,Personal Loan,672,301.0,6.2,1270.0,1,0,33,11.5,0,,11.5,0.0
CUST101881,2026-09-12,33,Tier 2,Basic,Credit Card,649,322.0,8.9,1732.0,2,0,47,0.5,0,,0.5,0.0
CUST101882,2026-07-02,32,Tier 2,Basic,Credit Card,626,243.0,10.6,2143.0,2,0,52,2.9,1,2026-07-30,0.9,4374.0
CUST101883,2026-05-19,21,Tier 1,Basic,Insurance,648,159.0,10.1,1151.0,1,0,55,4.3,1,2026-06-05,0.6,2862.0
CUST101884,2025-08-19,36,Tier 3,Standard,Credit Card,731,453.0,7.8,1799.0,2,0,74,13.4,0,,13.4,0.0
CUST101885,2026-03-06,37,Tier 2,Standard,Credit Card,696,937.0,12.5,1974.0,3,0,11,6.8,0,,6.8,0.0
CUST101886,2026-09-18,37,Tier 1,Premium,Credit Card,814,1337.0,12.1,2299.0,0,0,3,0.3,0,,0.3,0.0
CUST101887,2025-12-13,39,Tier 2,Standard,Insurance,640,641.0,9.6,851.0,1,2,10,9.6,0,,9.6,0.0
CUST101888,2026-04-20,36,Tier 1,Basic,BNPL,597,111.0,8.5,1436.0,0,1,51,5.3,1,2026-06-25,2.2,1998.0
CUST101889,2024-08-23,28,Tier 2,Basic,Credit Card,621,266.0,8.2,1492.0,1,1,27,25.5,1,2024-11-15,2.8,4788.0
CUST101890,2026-03-03,31,Tier 2,Premium,BNPL,670,1249.0,7.1,3558.0,2,0,20,6.9,0,,6.9,0.0
CUST101891,2025-09-21,32,Tier 1,Standard,Credit Card,714,565.0,11.0,3065.0,0,0,5,12.3,0,,12.3,0.0
CUST101892,2026-07-14,32,Tier 1,Basic,Credit Card,612,273.0,13.2,2044.0,2,1,47,2.5,1,2026-08-21,1.3,4914.0
CUST101893,2025-07-24,39,Tier 3,Standard,Personal Loan,650,662.0,5.8,754.0,1,0,6,14.3,0,,14.3,0.0
CUST101894,2025-09-09,37,Tier 3,Standard,Credit Card,717,913.0,6.6,2887.0,1,0,32,12.7,0,,12.7,0.0
CUST101895,2024-10-23,48,Tier 3,Basic,Personal Loan,584,338.0,8.0,3157.0,0,0,20,23.4,0,,23.4,0.0
CUST101896,2026-09-16,49,Tier 1,Basic,Insurance,691,204.0,1.9,2025.0,1,0,159,0.3,1,2026-09-25,0.3,3672.0
CUST101897,2026-04-02,32,Tier 3,Standard,Credit Card,666,611.0,1.9,1661.0,0,0,22,5.9,0,,5.9,0.0
CUST101898,2025-10-20,21,Tier 2,Standard,Insurance,593,519.0,5.2,1466.0,1,0,27,11.4,1,2026-07-20,9.1,9342.0
CUST101899,2026-08-27,41,Tier 1,Basic,Credit Card,535,227.0,6.1,2711.0,1,2,2,1.0,0,,1.0,0.0
CUST101900,2026-04-21,27,Tier 1,Standard,Credit Card,630,332.0,3.5,2655.0,1,0,24,5.3,0,,5.3,0.0
CUST101901,2024-05-25,25,Tier 1,Premium,Credit Card,749,1373.0,0.0,1136.0,0,0,5,28.5,0,,28.5,0.0
CUST101902,2026-04-08,28,Tier 1,Basic,Personal Loan,761,318.0,3.3,1331.0,1,0,14,5.7,0,,5.7,0.0
CUST101903,2023-09-27,28,Tier 3,Premium,Credit Card,712,1537.0,2.6,1134.0,0,2,16,36.5,1,2026-06-23,33.3,27666.0
CUST101904,2026-09-09,36,Tier 1,Basic,Personal Loan,672,299.0,2.8,3685.0,2,0,9,0.6,0,,0.6,0.0
CUST101905,2025-09-12,21,Tier 2,Standard,Credit Card,658,550.0,10.9,2335.0,1,0,4,12.6,0,,12.6,0.0
CUST101906,2026-01-09,23,Tier 2,Basic,Credit Card,513,250.0,12.1,3081.0,2,2,15,8.7,0,,8.7,0.0
CUST101907,2026-03-02,34,Tier 1,Standard,BNPL,748,180.0,7.1,2196.0,2,1,20,6.9,0,,6.9,0.0
CUST101908,2023-11-01,36,Tier 2,Standard,Personal Loan,725,864.0,7.9,2450.0,2,1,6,35.3,0,,35.3,0.0
CUST101909,2026-08-16,37,Tier 1,Premium,Personal Loan,724,1299.0,7.8,1813.0,0,0,8,1.4,0,,1.4,0.0
CUST101910,2024-11-16,25,Tier 3,Standard,Credit Card,761,796.0,5.7,3393.0,0,0,10,22.6,0,,22.6,0.0
CUST101911,2025-10-09,24,Tier 1,Basic,Insurance,606,259.0,6.4,2364.0,2,1,18,11.7,0,,11.7,0.0
CUST101912,2026-06-29,27,Tier 2,Basic,BNPL,609,104.0,6.7,2026.0,1,0,8,3.0,1,2026-07-06,0.2,1872.0
CUST101913,2024-10-31,33,Tier 2,Standard,Credit Card,762,736.0,9.9,411.0,1,0,8,23.2,0,,23.2,0.0
CUST101914,2026-04-11,43,Tier 3,Standard,Credit Card,653,664.0,7.4,2555.0,0,1,6,5.6,0,,5.6,0.0
CUST101915,2025-05-10,21,Tier 3,Basic,Personal Loan,643,275.0,6.2,2546.0,1,2,10,16.8,0,,16.8,0.0
CUST101916,2026-05-02,30,Tier 2,Basic,Insurance,560,124.0,7.6,3222.0,2,1,3,4.9,0,,4.9,0.0
CUST101917,2025-03-04,21,Tier 1,Standard,BNPL,670,431.0,9.0,1807.0,0,0,11,19.0,0,,19.0,0.0
CUST101918,2025-11-27,21,Tier 2,Standard,Personal Loan,659,742.0,6.3,1441.0,0,0,6,10.1,0,,10.1,0.0
CUST101919,2026-08-12,39,Tier 3,Standard,Credit Card,646,792.0,8.4,3728.0,1,0,65,1.5,0,,1.5,0.0
CUST101920,2025-11-16,36,Tier 3,Basic,Personal Loan,621,326.0,9.9,829.0,5,1,32,10.5,1,2026-01-18,2.1,5868.0
CUST101921,2026-07-25,35,Tier 1,Premium,Insurance,815,1064.0,7.6,1367.0,1,2,6,2.1,0,,2.1,0.0
CUST101922,2026-04-20,39,Tier 1,Basic,Personal Loan,612,415.0,6.5,3484.0,3,1,14,5.3,0,,5.3,0.0
CUST101923,2026-08-01,28,Tier 3,Standard,Credit Card,587,725.0,7.0,2959.0,2,0,12,1.9,1,2026-08-09,0.3,13050.0
CUST101924,2026-09-20,28,Tier 2,Basic,Personal Loan,575,142.0,4.9,1876.0,1,2,15,0.2,0,,0.2,0.0
CUST101925,2026-07-17,49,Tier 1,Premium,BNPL,768,704.0,11.6,1908.0,0,0,19,2.4,0,,2.4,0.0
CUST101926,2026-02-08,30,Tier 2,Standard,BNPL,679,210.0,4.8,1967.0,4,0,6,7.7,0,,7.7,0.0
CUST101927,2026-03-13,37,Tier 2,Standard,BNPL,615,286.0,0.8,2896.0,2,2,7,6.6,0,,6.6,0.0
CUST101928,2026-03-02,32,Tier 3,Basic,Credit Card,567,243.0,6.2,2910.0,2,0,43,6.9,1,2026-08-26,5.9,4374.0
CUST101929,2026-07-03,21,Tier 2,Premium,BNPL,721,939.0,3.6,2690.0,0,0,23,2.8,0,,2.8,0.0
CUST101930,2025-10-15,21,Tier 1,Standard,Personal Loan,678,879.0,6.9,2845.0,1,0,23,11.5,0,,11.5,0.0
CUST101931,2025-09-26,27,Tier 1,Standard,Credit Card,785,790.0,10.0,2663.0,0,0,2,12.2,0,,12.2,0.0
CUST101932,2026-05-17,40,Tier 1,Standard,Personal Loan,654,928.0,9.9,100.0,2,0,46,4.4,0,,4.4,0.0
CUST101933,2024-12-26,38,Tier 2,Basic,Insurance,675,254.0,12.8,2492.0,3,0,51,21.3,0,,21.3,0.0
CUST101934,2025-11-21,39,Tier 2,Basic,Credit Card,518,260.0,3.6,1855.0,5,1,10,10.3,1,2026-03-19,3.9,4680.0
CUST101935,2025-09-17,24,Tier 1,Basic,BNPL,648,214.0,8.7,4125.0,2,1,2,12.5,0,,12.5,0.0
CUST101936,2026-06-21,44,Tier 2,Standard,BNPL,689,349.0,8.3,866.0,0,0,25,3.2,0,,3.2,0.0
CUST101937,2026-09-21,24,Tier 2,Basic,Personal Loan,667,310.0,15.7,1093.0,4,1,9,0.2,1,2026-09-26,0.2,5580.0
CUST101938,2025-02-02,33,Tier 1,Standard,Personal Loan,725,597.0,9.8,2295.0,1,0,15,20.0,1,2026-05-23,15.8,10746.0
CUST101939,2025-04-26,31,Tier 1,Premium,Personal Loan,736,2116.0,6.6,1101.0,0,0,1,17.3,0,,17.3,0.0
CUST101940,2026-08-18,30,Tier 3,Premium,Credit Card,729,1378.0,9.2,4481.0,0,1,8,1.3,0,,1.3,0.0
CUST101941,2026-05-09,42,Tier 1,Standard,Personal Loan,694,1226.0,11.3,2699.0,3,1,0,4.7,0,,4.7,0.0
CUST101942,2025-11-06,26,Tier 3,Basic,Personal Loan,606,305.0,4.0,1668.0,1,0,27,10.8,0,,10.8,0.0
CUST101943,2025-11-14,21,Tier 2,Basic,BNPL,623,154.0,12.9,2549.0,3,0,63,10.5,0,,10.5,0.0
CUST101944,2025-02-13,32,Tier 3,Basic,Insurance,689,252.0,11.2,2399.0,1,0,30,19.7,0,,19.7,0.0
CUST101945,2026-08-12,28,Tier 3,Standard,Credit Card,694,507.0,10.7,1614.0,2,0,43,1.5,1,2026-08-24,0.4,9126.0
CUST101946,2026-04-11,59,Tier 2,Standard,Credit Card,661,697.0,6.2,1042.0,3,0,16,5.6,1,2026-06-02,1.7,12546.0
CUST101947,2026-08-27,37,Tier 3,Premium,Personal Loan,758,1830.0,9.8,1186.0,1,0,12,1.0,0,,1.0,0.0
CUST101948,2026-05-01,28,Tier 3,Standard,BNPL,668,351.0,9.4,1797.0,1,0,9,4.9,0,,4.9,0.0
CUST101949,2026-09-21,23,Tier 2,Standard,BNPL,631,542.0,2.3,3084.0,0,0,7,0.2,0,,0.2,0.0
CUST101950,2024-11-10,21,Tier 1,Premium,Personal Loan,766,1567.0,7.2,2753.0,0,0,4,22.8,0,,22.8,0.0
CUST101951,2026-02-14,23,Tier 1,Standard,Personal Loan,722,881.0,9.8,4170.0,2,0,2,7.5,0,,7.5,0.0
CUST101952,2025-03-07,32,Tier 3,Standard,BNPL,592,579.0,7.9,1432.0,1,2,6,18.9,1,2026-01-06,10.2,10422.0
CUST101953,2026-09-08,43,Tier 2,Basic,Credit Card,577,215.0,13.3,1119.0,2,0,17,0.6,0,,0.6,0.0
CUST101954,2026-07-11,40,Tier 1,Basic,Personal Loan,583,310.0,3.6,2053.0,4,0,15,2.6,1,2026-08-05,0.8,5580.0
CUST101955,2026-06-28,33,Tier 1,Basic,Credit Card,590,367.0,8.8,2587.0,3,1,24,3.0,0,,3.0,0.0
CUST101956,2026-05-03,29,Tier 2,Basic,Credit Card,689,274.0,9.9,2611.0,4,0,23,4.9,1,2026-08-16,3.5,4932.0
CUST101957,2025-05-27,34,Tier 1,Standard,Credit Card,728,584.0,10.6,2523.0,0,0,27,16.2,0,,16.2,0.0
CUST101958,2026-05-03,27,Tier 2,Basic,BNPL,697,190.0,16.8,2387.0,3,0,18,4.9,0,,4.9,0.0
CUST101959,2026-07-20,45,Tier 2,Basic,BNPL,536,122.0,10.1,1707.0,4,2,40,2.3,1,2026-08-12,0.8,2196.0
CUST101960,2026-09-06,30,Tier 2,Premium,Credit Card,835,962.0,8.9,1825.0,1,0,22,0.7,0,,0.7,0.0
CUST101961,2026-09-02,31,Tier 1,Standard,Insurance,609,763.0,6.9,3616.0,1,2,12,0.8,0,,0.8,0.0
CUST101962,2025-07-25,21,Tier 1,Basic,Credit Card,680,195.0,9.2,1127.0,2,0,28,14.3,0,,14.3,0.0
CUST101963,2026-04-03,30,Tier 1,Standard,BNPL,728,709.0,10.5,2420.0,3,0,23,5.9,0,,5.9,0.0
CUST101964,2025-09-03,38,Tier 1,Standard,Credit Card,662,586.0,15.9,3245.0,0,0,14,12.9,0,,12.9,0.0
CUST101965,2025-10-18,23,Tier 2,Standard,BNPL,618,667.0,9.5,1286.0,1,1,4,11.4,1,2026-04-30,6.5,12006.0
CUST101966,2026-08-14,25,Tier 2,Standard,Insurance,708,407.0,8.4,1283.0,0,0,7,1.4,0,,1.4,0.0
CUST101967,2026-08-11,38,Tier 1,Standard,Personal Loan,726,978.0,10.8,2459.0,0,0,1,1.5,0,,1.5,0.0
CUST101968,2025-07-31,21,Tier 1,Standard,Insurance,658,650.0,9.1,2587.0,1,0,23,14.1,0,,14.1,0.0
CUST101969,2025-09-08,40,Tier 1,Premium,BNPL,683,1075.0,3.8,1915.0,0,0,3,12.8,1,2026-07-23,10.6,19350.0
CUST101970,2026-05-07,27,Tier 3,Premium,BNPL,758,1111.0,8.2,2606.0,1,0,17,4.7,0,,4.7,0.0
CUST101971,2026-09-02,28,Tier 2,Basic,Personal Loan,669,300.0,8.3,719.0,5,1,37,0.8,1,2026-09-18,0.5,5400.0
CUST101972,2026-09-21,23,Tier 3,Standard,BNPL,716,220.0,10.9,1623.0,1,0,27,0.2,0,,0.2,0.0
CUST101973,2026-06-17,35,Tier 3,Standard,BNPL,565,383.0,0.0,3244.0,0,2,43,3.4,1,2026-09-26,3.4,6894.0
CUST101974,2026-09-21,51,Tier 2,Standard,Personal Loan,613,874.0,8.7,537.0,0,0,11,0.2,1,2026-09-26,0.2,15732.0
CUST101975,2026-07-10,38,Tier 2,Basic,Insurance,713,201.0,9.0,4048.0,1,0,7,2.6,0,,2.6,0.0
CUST101976,2026-04-16,25,Tier 1,Standard,Personal Loan,744,881.0,7.9,2081.0,1,0,55,5.4,0,,5.4,0.0
CUST101977,2026-08-19,41,Tier 2,Standard,Personal Loan,668,888.0,7.3,3646.0,2,0,110,1.3,1,2026-09-22,1.1,15984.0
CUST101978,2026-08-24,29,Tier 1,Basic,Credit Card,643,204.0,7.2,3247.0,1,1,9,1.1,0,,1.1,0.0
CUST101979,2024-11-15,42,Tier 3,Basic,Credit Card,617,270.0,7.5,2403.0,2,0,47,22.7,1,2026-08-20,21.4,4860.0
CUST101980,2026-01-05,38,Tier 1,Standard,Credit Card,586,615.0,10.5,2436.0,1,1,2,8.8,0,,8.8,0.0
CUST101981,2024-07-01,21,Tier 3,Basic,Personal Loan,688,290.0,3.2,3904.0,6,2,1,27.2,0,,27.2,0.0
CUST101982,2026-05-22,23,Tier 1,Standard,Insurance,645,687.0,9.7,1241.0,0,0,22,4.2,0,,4.2,0.0
CUST101983,2025-10-22,39,Tier 3,Standard,Personal Loan,633,744.0,6.9,2101.0,1,0,6,11.3,1,2026-03-01,4.3,13392.0
CUST101984,2026-07-20,33,Tier 1,Premium,Personal Loan,747,1692.0,7.2,1666.0,2,0,20,2.3,0,,2.3,0.0
CUST101985,2025-12-12,23,Tier 2,Premium,Personal Loan,797,1840.0,8.2,1449.0,2,0,7,9.6,0,,9.6,0.0
CUST101986,2026-08-16,26,Tier 2,Basic,Credit Card,661,319.0,4.0,3234.0,3,1,53,1.4,1,2026-09-08,0.8,5742.0
CUST101987,2026-09-21,21,Tier 1,Standard,Insurance,671,610.0,6.8,2550.0,1,0,2,0.2,0,,0.2,0.0
CUST101988,2024-07-14,31,Tier 2,Standard,BNPL,661,459.0,10.7,2522.0,1,0,42,26.8,0,,26.8,0.0
CUST101989,2026-01-27,49,Tier 3,Basic,BNPL,754,135.0,7.8,2525.0,3,0,7,8.1,0,,8.1,0.0
CUST101990,2024-08-03,38,Tier 1,Basic,Personal Loan,677,321.0,8.2,2902.0,2,0,29,26.1,0,,26.1,0.0
CUST101991,2026-05-28,49,Tier 3,Standard,Credit Card,688,644.0,4.6,2030.0,3,0,19,4.0,0,,4.0,0.0
CUST101992,2026-05-30,39,Tier 2,Basic,Credit Card,629,265.0,13.5,3172.0,2,0,2,4.0,0,,4.0,0.0
CUST101993,2026-04-26,40,Tier 3,Premium,Credit Card,774,1317.0,1.7,2115.0,1,0,38,5.1,0,,5.1,0.0
CUST101994,2025-09-24,47,Tier 1,Basic,Personal Loan,549,392.0,7.2,2203.0,1,1,13,12.2,0,,12.2,0.0
CUST101995,2026-01-19,35,Tier 2,Basic,BNPL,585,131.0,7.0,1859.0,2,0,44,8.3,1,2026-03-06,1.5,2358.0
CUST101996,2024-08-09,30,Tier 3,Basic,Credit Card,533,165.0,5.3,2047.0,1,1,35,25.9,1,2025-03-21,7.5,2970.0
CUST101997,2026-09-19,40,Tier 2,Premium,BNPL,783,1608.0,8.8,2471.0,0,1,0,0.2,0,,0.2,0.0
CUST101998,2025-09-22,43,Tier 2,Premium,Credit Card,773,1308.0,8.2,2159.0,3,0,20,12.3,0,,12.3,0.0
CUST101999,2026-05-29,28,Tier 1,Standard,Personal Loan,676,1016.0,14.3,1458.0,1,1,7,4.0,0,,4.0,0.0
CUST102000,2026-07-29,26,Tier 1,Standard,Credit Card,747,833.0,10.5,1991.0,1,0,6,2.0,0,,2.0,0.0
CUST102001,2026-02-24,33,Tier 2,Standard,Personal Loan,701,968.0,10.7,1900.0,0,0,1,7.1,0,,7.1,0.0
CUST102002,2026-02-28,38,Tier 2,Basic,BNPL,607,140.0,5.0,2045.0,2,1,10,7.0,1,2026-06-23,3.8,2520.0
CUST102003,2026-08-13,38,Tier 2,Standard,Credit Card,702,687.0,5.7,500.0,0,0,19,1.5,0,,1.5,0.0
CUST102004,2026-07-21,21,Tier 1,Standard,Personal Loan,738,679.0,8.3,2844.0,0,0,4,2.2,0,,2.2,0.0
CUST102005,2026-04-22,47,Tier 2,Basic,Insurance,675,325.0,12.1,2033.0,3,1,22,5.2,0,,5.2,0.0
CUST102006,2026-04-22,26,Tier 1,Standard,Credit Card,660,539.0,6.0,2485.0,0,1,32,5.2,0,,5.2,0.0
CUST102007,2026-06-04,29,Tier 2,Basic,Personal Loan,619,312.0,12.6,2644.0,2,1,109,3.8,1,2026-09-06,3.1,5616.0
CUST102008,2026-08-09,24,Tier 3,Premium,Credit Card,722,1428.0,5.2,1200.0,0,0,12,1.6,0,,1.6,0.0
CUST102009,2026-09-21,53,Tier 3,Standard,Personal Loan,616,831.0,14.2,2739.0,0,2,4,0.2,0,,0.2,0.0
CUST102010,2023-11-07,33,Tier 1,Premium,BNPL,808,656.0,12.1,1240.0,0,0,5,35.1,0,,35.1,0.0
CUST102011,2024-05-17,25,Tier 3,Premium,BNPL,791,1230.0,5.2,2477.0,1,0,8,28.7,0,,28.7,0.0
CUST102012,2026-03-12,38,Tier 2,Basic,Insurance,681,273.0,1.0,552.0,1,0,72,6.6,1,2026-05-14,2.1,4914.0
CUST102013,2023-09-27,38,Tier 2,Premium,Credit Card,796,1490.0,0.2,175.0,1,0,8,36.5,0,,36.5,0.0
CUST102014,2025-10-26,30,Tier 1,Standard,Credit Card,740,598.0,7.4,3000.0,0,0,14,11.2,0,,11.2,0.0
CUST102015,2026-09-05,38,Tier 2,Standard,BNPL,686,528.0,17.6,2653.0,0,0,6,0.7,0,,0.7,0.0
CUST102016,2026-08-20,25,Tier 1,Standard,Personal Loan,686,785.0,8.8,1996.0,0,0,14,1.2,1,2026-09-16,0.9,14130.0
CUST102017,2024-09-13,28,Tier 2,Basic,Credit Card,640,329.0,7.7,2120.0,4,0,13,24.8,1,2024-10-31,1.6,5922.0
CUST102018,2025-12-02,21,Tier 1,Premium,Credit Card,810,1431.0,8.6,714.0,1,0,8,9.9,0,,9.9,0.0
CUST102019,2025-03-20,21,Tier 1,Basic,Personal Loan,595,386.0,11.0,2119.0,8,2,58,18.5,1,2025-07-07,3.6,6948.0
CUST102020,2024-11-10,46,Tier 1,Basic,Credit Card,625,244.0,10.6,2228.0,1,0,102,22.8,1,2026-08-19,21.6,4392.0
CUST102021,2026-04-01,45,Tier 1,Standard,BNPL,648,399.0,7.7,1742.0,0,0,33,5.9,0,,5.9,0.0
CUST102022,2026-09-12,32,Tier 1,Basic,BNPL,648,211.0,10.7,1982.0,1,0,62,0.5,1,2026-09-21,0.3,3798.0
CUST102023,2026-07-26,45,Tier 2,Premium,Personal Loan,776,2434.0,7.1,1247.0,0,0,4,2.1,0,,2.1,0.0
CUST102024,2026-09-06,30,Tier 1,Standard,Personal Loan,649,1048.0,8.5,795.0,1,1,24,0.7,0,,0.7,0.0
CUST102025,2026-07-26,30,Tier 2,Standard,Personal Loan,722,959.0,15.3,2283.0,5,1,10,2.1,0,,2.1,0.0
CUST102026,2026-04-21,32,Tier 1,Basic,BNPL,628,179.0,9.5,1009.0,0,1,1,5.3,1,2026-06-11,1.7,3222.0
CUST102027,2026-08-20,31,Tier 3,Basic,Personal Loan,629,300.0,9.4,2540.0,2,2,76,1.2,1,2026-09-21,1.1,5400.0
CUST102028,2026-08-03,30,Tier 3,Standard,BNPL,729,428.0,11.3,2435.0,0,0,1,1.8,0,,1.8,0.0
CUST102029,2026-04-02,41,Tier 1,Basic,Personal Loan,573,279.0,3.5,3055.0,0,0,4,5.9,0,,5.9,0.0
CUST102030,2026-05-25,33,Tier 2,Standard,Credit Card,719,699.0,15.3,2420.0,0,0,0,4.1,0,,4.1,0.0
CUST102031,2026-03-21,37,Tier 1,Standard,Credit Card,719,707.0,3.8,4848.0,0,0,1,6.3,0,,6.3,0.0
CUST102032,2026-04-11,40,Tier 3,Standard,BNPL,708,135.0,5.5,1840.0,2,0,1,5.6,0,,5.6,0.0
CUST102033,2025-11-20,35,Tier 2,Basic,Personal Loan,594,327.0,11.6,2461.0,0,2,40,10.3,1,2026-02-18,3.0,5886.0
CUST102034,2024-06-18,24,Tier 1,Basic,Credit Card,755,271.0,10.0,1556.0,1,0,67,27.7,1,2026-08-14,26.2,4878.0
CUST102035,2026-08-23,21,Tier 1,Standard,Personal Loan,686,834.0,7.6,3046.0,0,0,32,1.1,0,,1.1,0.0
CUST102036,2026-08-26,33,Tier 1,Premium,BNPL,819,940.0,9.8,2257.0,1,0,10,1.0,0,,1.0,0.0
CUST102037,2025-03-01,30,Tier 1,Standard,BNPL,671,216.0,5.1,529.0,0,1,31,19.1,1,2025-08-12,5.5,3888.0
CUST102038,2026-02-27,32,Tier 2,Standard,Personal Loan,740,744.0,0.6,1368.0,1,0,12,7.0,0,,7.0,0.0
CUST102039,2025-07-17,31,Tier 2,Standard,BNPL,661,525.0,6.7,1966.0,3,0,47,14.5,1,2026-01-29,6.5,9450.0
CUST102040,2026-07-16,52,Tier 1,Basic,Credit Card,693,250.0,11.5,980.0,1,0,22,2.4,0,,2.4,0.0
CUST102041,2025-04-15,21,Tier 1,Standard,Personal Loan,698,889.0,7.1,2597.0,1,1,1,17.6,1,2025-11-19,7.3,16002.0
CUST102042,2024-08-15,21,Tier 1,Standard,Credit Card,639,579.0,9.9,836.0,1,0,24,25.7,1,2025-11-14,15.2,10422.0
CUST102043,2025-11-28,34,Tier 1,Premium,Personal Loan,775,1825.0,6.0,1918.0,2,0,18,10.1,0,,10.1,0.0
CUST102044,2026-08-24,28,Tier 3,Basic,BNPL,531,50.0,5.1,1835.0,1,0,9,1.1,0,,1.1,0.0
CUST102045,2024-11-19,34,Tier 1,Basic,BNPL,477,192.0,6.3,3006.0,1,1,13,22.5,1,2025-12-12,12.9,3456.0
CUST102046,2025-06-12,36,Tier 2,Premium,Personal Loan,751,2326.0,13.4,1902.0,1,0,12,15.7,0,,15.7,0.0
CUST102047,2025-08-06,42,Tier 1,Basic,Credit Card,624,197.0,8.5,2863.0,3,3,30,13.9,1,2026-04-05,8.1,3546.0
CUST102048,2026-09-15,21,Tier 1,Standard,BNPL,647,268.0,5.2,2470.0,0,1,44,0.4,1,2026-09-24,0.3,4824.0
CUST102049,2025-06-02,27,Tier 2,Premium,Insurance,759,1383.0,5.7,1070.0,0,0,6,16.0,0,,16.0,0.0
CUST102050,2026-08-13,35,Tier 2,Standard,Credit Card,668,842.0,9.4,4090.0,0,1,22,1.5,1,2026-09-16,1.1,15156.0
CUST102051,2026-07-13,38,Tier 2,Standard,Insurance,639,585.0,3.7,3076.0,2,1,6,2.5,0,,2.5,0.0
CUST102052,2026-01-11,49,Tier 2,Standard,Credit Card,719,490.0,6.4,1242.0,1,0,53,8.6,0,,8.6,0.0
CUST102053,2026-06-26,39,Tier 2,Basic,Credit Card,673,240.0,16.6,1147.0,1,1,16,3.1,1,2026-08-12,1.6,4320.0
CUST102054,2025-11-06,31,Tier 1,Basic,BNPL,588,99.0,13.7,3196.0,5,0,27,10.8,1,2026-01-14,2.3,1782.0
CUST102055,2025-12-19,24,Tier 2,Basic,Credit Card,681,217.0,15.4,2911.0,0,1,34,9.4,1,2026-03-16,2.9,3906.0
CUST102056,2026-08-23,27,Tier 2,Standard,Credit Card,612,610.0,7.8,2710.0,1,2,6,1.1,0,,1.1,0.0
CUST102057,2025-11-10,27,Tier 1,Standard,Credit Card,684,529.0,0.0,1234.0,4,1,8,10.7,0,,10.7,0.0
CUST102058,2024-08-15,37,Tier 2,Basic,BNPL,623,111.0,6.7,1552.0,4,1,24,25.7,1,2024-09-16,1.1,1998.0
CUST102059,2026-08-05,34,Tier 1,Standard,BNPL,686,400.0,10.5,3281.0,0,1,6,1.7,1,2026-08-25,0.7,7200.0
CUST102060,2025-12-28,21,Tier 1,Premium,Credit Card,759,1460.0,6.0,2636.0,1,0,1,9.1,0,,9.1,0.0
CUST102061,2026-05-24,28,Tier 2,Standard,Credit Card,589,465.0,10.0,1442.0,0,1,36,4.2,0,,4.2,0.0
CUST102062,2026-03-26,39,Tier 3,Basic,Credit Card,610,270.0,4.7,3360.0,4,0,14,6.1,0,,6.1,0.0
CUST102063,2026-06-17,34,Tier 3,Standard,Credit Card,657,600.0,10.5,3906.0,1,0,11,3.4,1,2026-07-12,0.8,10800.0
CUST102064,2026-05-18,36,Tier 1,Premium,Personal Loan,739,2022.0,7.2,1681.0,0,0,8,4.4,1,2026-07-11,1.8,36396.0
CUST102065,2026-09-18,35,Tier 2,Basic,BNPL,665,189.0,7.3,1506.0,0,3,65,0.3,1,2026-09-23,0.2,3402.0
CUST102066,2023-09-27,45,Tier 2,Standard,Credit Card,692,579.0,9.5,3462.0,2,1,3,36.5,0,,36.5,0.0
CUST102067,2025-12-06,33,Tier 1,Standard,Credit Card,701,730.0,7.6,3588.0,0,0,20,9.8,0,,9.8,0.0
CUST102068,2026-03-02,28,Tier 3,Standard,Personal Loan,669,736.0,8.7,3569.0,1,0,9,6.9,0,,6.9,0.0
CUST102069,2026-05-04,24,Tier 2,Standard,Personal Loan,713,1017.0,11.1,2479.0,0,1,41,4.8,1,2026-09-08,4.2,18306.0
CUST102070,2026-02-06,33,Tier 3,Basic,Insurance,588,185.0,11.4,1670.0,2,1,38,7.7,0,,7.7,0.0
CUST102071,2026-05-06,21,Tier 1,Standard,Credit Card,674,696.0,14.1,2947.0,0,0,3,4.8,0,,4.8,0.0
CUST102072,2026-05-16,30,Tier 1,Standard,Personal Loan,680,821.0,1.8,1834.0,0,1,7,4.4,0,,4.4,0.0
CUST102073,2026-03-23,30,Tier 3,Basic,Credit Card,602,199.0,10.1,1781.0,3,3,1,6.2,0,,6.2,0.0
CUST102074,2026-06-22,21,Tier 2,Basic,Credit Card,660,295.0,8.0,2294.0,1,0,52,3.2,0,,3.2,0.0
CUST102075,2026-07-29,24,Tier 3,Basic,Personal Loan,618,294.0,4.9,2154.0,3,1,19,2.0,1,2026-09-03,1.2,5292.0
CUST102076,2026-01-26,38,Tier 1,Standard,Credit Card,692,429.0,10.2,1678.0,0,0,1,8.1,0,,8.1,0.0
CUST102077,2025-03-20,33,Tier 2,Standard,Credit Card,726,275.0,5.4,1178.0,1,1,0,18.5,0,,18.5,0.0
CUST102078,2026-08-08,32,Tier 2,Basic,Credit Card,734,206.0,7.1,1955.0,2,0,109,1.6,1,2026-08-13,0.2,3708.0
CUST102079,2026-09-17,34,Tier 1,Basic,Credit Card,661,319.0,8.9,1570.0,1,2,67,0.3,1,2026-09-23,0.2,5742.0
CUST102080,2026-07-03,32,Tier 2,Premium,Credit Card,825,1752.0,6.6,918.0,0,0,4,2.8,0,,2.8,0.0
CUST102081,2023-09-27,41,Tier 2,Premium,Insurance,771,1059.0,6.0,2302.0,0,1,7,36.5,0,,36.5,0.0
CUST102082,2025-04-15,32,Tier 1,Standard,Credit Card,646,601.0,5.7,2325.0,0,0,17,17.6,1,2025-06-24,2.3,10818.0
CUST102083,2025-12-29,21,Tier 1,Basic,Personal Loan,657,302.0,10.1,2824.0,6,1,25,9.0,1,2026-04-25,3.9,5436.0
CUST102084,2024-07-24,45,Tier 2,Standard,Personal Loan,655,672.0,11.5,2292.0,2,0,7,26.5,0,,26.5,0.0
CUST102085,2026-04-03,34,Tier 2,Standard,Credit Card,646,527.0,11.9,2106.0,0,0,10,5.9,0,,5.9,0.0
CUST102086,2023-09-27,27,Tier 3,Premium,BNPL,763,1115.0,7.7,2814.0,0,0,2,36.5,0,,36.5,0.0
CUST102087,2026-06-13,21,Tier 1,Basic,Personal Loan,617,350.0,7.3,2295.0,2,0,1,3.5,0,,3.5,0.0
CUST102088,2026-07-06,35,Tier 1,Basic,BNPL,672,164.0,7.9,2419.0,1,1,6,2.7,0,,2.7,0.0
CUST102089,2025-11-26,31,Tier 3,Standard,Personal Loan,663,671.0,6.8,2659.0,1,1,0,10.1,1,2026-05-08,5.4,12078.0
CUST102090,2026-05-07,44,Tier 3,Basic,Credit Card,600,255.0,4.5,1650.0,0,0,20,4.7,0,,4.7,0.0
CUST102091,2025-12-05,29,Tier 1,Basic,BNPL,636,50.0,13.9,3027.0,1,1,38,9.8,0,,9.8,0.0
CUST102092,2026-06-09,25,Tier 3,Standard,Credit Card,751,760.0,9.2,2195.0,2,0,4,3.6,0,,3.6,0.0
CUST102093,2025-12-12,39,Tier 1,Standard,Credit Card,708,684.0,9.5,2066.0,0,1,15,9.6,0,,9.6,0.0
CUST102094,2026-06-22,39,Tier 1,Standard,Personal Loan,623,670.0,8.4,3017.0,0,0,8,3.2,0,,3.2,0.0
CUST102095,2026-09-11,33,Tier 1,Basic,BNPL,565,231.0,10.9,1733.0,3,0,4,0.5,1,2026-09-17,0.2,4158.0
CUST102096,2024-09-27,37,Tier 1,Standard,Personal Loan,649,611.0,3.9,1804.0,1,1,3,24.3,0,,24.3,0.0
CUST102097,2024-12-21,31,Tier 3,Basic,BNPL,682,177.0,4.1,2609.0,3,0,34,21.5,1,2025-12-23,12.2,3186.0
CUST102098,2023-11-01,33,Tier 2,Basic,Personal Loan,637,353.0,6.5,2361.0,2,0,4,35.3,0,,35.3,0.0
CUST102099,2025-09-13,41,Tier 3,Standard,BNPL,698,229.0,11.4,5161.0,0,0,16,12.6,0,,12.6,0.0
CUST102100,2025-10-17,37,Tier 2,Basic,Credit Card,738,248.0,2.6,3102.0,0,0,7,11.5,0,,11.5,0.0
CUST102101,2026-01-24,30,Tier 2,Standard,BNPL,634,177.0,9.6,100.0,0,1,40,8.2,1,2026-06-22,5.0,3186.0
CUST102102,2026-08-17,42,Tier 2,Standard,Credit Card,643,280.0,8.7,2453.0,1,0,1,1.3,0,,1.3,0.0
CUST102103,2026-07-26,21,Tier 3,Basic,Insurance,763,172.0,11.9,541.0,2,0,17,2.1,0,,2.1,0.0
CUST102104,2026-06-16,48,Tier 2,Basic,Personal Loan,665,294.0,4.9,1827.0,2,2,50,3.4,0,,3.4,0.0
CUST102105,2024-12-03,21,Tier 3,Standard,Personal Loan,747,929.0,9.7,2358.0,0,0,28,22.1,0,,22.1,0.0
CUST102106,2026-08-01,26,Tier 3,Basic,Credit Card,624,253.0,1.7,1785.0,2,0,5,1.9,0,,1.9,0.0
CUST102107,2024-08-19,31,Tier 1,Basic,Personal Loan,563,330.0,12.0,228.0,2,2,8,25.6,0,,25.6,0.0
CUST102108,2026-02-17,30,Tier 2,Standard,Personal Loan,649,713.0,10.4,2253.0,3,0,16,7.4,1,2026-06-13,3.9,12834.0
CUST102109,2025-09-14,40,Tier 3,Basic,Insurance,674,198.0,10.8,1694.0,5,0,40,12.6,0,,12.6,0.0
CUST102110,2026-08-22,23,Tier 3,Premium,Insurance,775,1000.0,11.1,2778.0,0,0,14,1.2,0,,1.2,0.0
CUST102111,2026-06-24,34,Tier 1,Standard,Credit Card,727,491.0,9.7,493.0,0,0,19,3.1,0,,3.1,0.0
CUST102112,2024-02-15,27,Tier 2,Standard,Insurance,742,508.0,14.2,1545.0,1,0,31,31.8,1,2026-04-05,26.0,9144.0
CUST102113,2026-06-26,34,Tier 2,Basic,Credit Card,632,254.0,7.9,2933.0,0,1,20,3.1,0,,3.1,0.0
CUST102114,2026-06-13,31,Tier 1,Basic,Personal Loan,652,296.0,11.9,193.0,1,0,29,3.5,0,,3.5,0.0
CUST102115,2026-07-22,32,Tier 2,Standard,BNPL,643,348.0,10.0,2629.0,1,0,11,2.2,0,,2.2,0.0
CUST102116,2026-08-16,27,Tier 1,Standard,BNPL,635,480.0,7.9,1499.0,1,0,29,1.4,0,,1.4,0.0
CUST102117,2026-07-09,27,Tier 1,Basic,Insurance,723,200.0,8.8,1990.0,1,1,7,2.6,0,,2.6,0.0
CUST102118,2025-11-22,34,Tier 2,Premium,Personal Loan,879,1446.0,8.9,1170.0,0,0,3,10.3,1,2026-08-19,9.0,26028.0
CUST102119,2026-03-28,39,Tier 2,Basic,BNPL,570,178.0,10.9,1917.0,3,1,63,6.1,1,2026-05-26,2.0,3204.0
CUST102120,2026-01-27,27,Tier 2,Basic,Personal Loan,564,338.0,4.7,1258.0,3,0,44,8.1,0,,8.1,0.0
CUST102121,2026-08-18,25,Tier 2,Standard,Personal Loan,666,888.0,7.3,1097.0,1,0,27,1.3,0,,1.3,0.0
CUST102122,2025-05-28,36,Tier 1,Basic,Personal Loan,605,356.0,5.8,2928.0,0,0,4,16.2,0,,16.2,0.0
CUST102123,2025-06-24,31,Tier 1,Standard,Insurance,625,644.0,11.2,2079.0,0,3,13,15.3,1,2026-06-16,11.9,11592.0
CUST102124,2026-09-20,38,Tier 1,Basic,BNPL,669,151.0,10.5,2417.0,1,0,29,0.2,0,,0.2,0.0
CUST102125,2026-05-04,24,Tier 1,Basic,BNPL,653,270.0,1.0,2260.0,3,0,53,4.8,1,2026-07-07,2.1,4860.0
CUST102126,2026-09-05,21,Tier 2,Basic,Credit Card,566,186.0,1.8,3358.0,2,1,19,0.7,0,,0.7,0.0
CUST102127,2025-06-12,27,Tier 3,Standard,Credit Card,686,574.0,3.0,2544.0,1,0,16,15.7,1,2026-02-06,8.0,10332.0
CUST102128,2025-08-22,25,Tier 1,Basic,Personal Loan,665,373.0,8.9,2664.0,1,2,10,13.3,0,,13.3,0.0
CUST102129,2024-10-30,31,Tier 1,Standard,Personal Loan,669,864.0,7.4,2849.0,2,0,36,23.2,0,,23.2,0.0
CUST102130,2026-07-08,26,Tier 2,Standard,Credit Card,698,749.0,5.4,1427.0,2,1,49,2.7,1,2026-08-05,0.9,13482.0
CUST102131,2026-03-28,37,Tier 1,Premium,BNPL,714,888.0,7.1,3800.0,1,0,6,6.1,0,,6.1,0.0
CUST102132,2026-07-27,29,Tier 3,Standard,Credit Card,749,829.0,9.5,999.0,0,0,11,2.0,0,,2.0,0.0
CUST102133,2026-05-10,33,Tier 2,Standard,Personal Loan,720,714.0,2.4,2464.0,0,0,8,4.6,0,,4.6,0.0
CUST102134,2026-02-17,33,Tier 1,Basic,Personal Loan,547,392.0,11.6,2459.0,2,0,11,7.4,0,,7.4,0.0
CUST102135,2026-09-10,33,Tier 1,Basic,Personal Loan,569,384.0,15.4,4340.0,3,0,28,0.5,1,2026-09-19,0.3,6912.0
CUST102136,2025-09-15,31,Tier 2,Premium,Credit Card,726,1061.0,5.8,2561.0,1,0,2,12.5,1,2026-04-24,7.4,19098.0
CUST102137,2026-02-03,36,Tier 1,Basic,Insurance,613,257.0,13.4,1506.0,1,0,31,7.8,1,2026-04-24,2.7,4626.0
CUST102138,2025-04-15,25,Tier 1,Standard,Credit Card,704,644.0,10.3,1629.0,0,3,16,17.6,0,,17.6,0.0
CUST102139,2026-06-23,43,Tier 1,Basic,BNPL,586,120.0,10.6,1798.0,3,1,41,3.2,1,2026-09-03,2.4,2160.0
CUST102140,2024-10-26,30,Tier 3,Basic,Credit Card,673,156.0,10.5,2298.0,1,0,9,23.3,0,,23.3,0.0
CUST102141,2023-09-27,21,Tier 2,Standard,Credit Card,581,519.0,10.4,2368.0,0,1,24,36.5,0,,36.5,0.0
CUST102142,2024-09-01,33,Tier 1,Basic,Personal Loan,637,360.0,11.2,2559.0,1,0,1,25.2,0,,25.2,0.0
CUST102143,2025-07-02,25,Tier 2,Standard,BNPL,702,496.0,9.1,2224.0,1,0,15,15.0,0,,15.0,0.0
CUST102144,2025-05-13,37,Tier 2,Standard,BNPL,766,363.0,4.9,2677.0,0,0,37,16.7,1,2025-10-28,5.6,6534.0
CUST102145,2026-01-14,49,Tier 2,Basic,Personal Loan,725,366.0,2.8,1172.0,2,1,46,8.5,1,2026-07-30,6.6,6588.0
CUST102146,2026-07-25,25,Tier 1,Standard,Credit Card,529,773.0,9.7,753.0,0,1,38,2.1,1,2026-09-02,1.3,13914.0
CUST102147,2025-10-22,34,Tier 2,Standard,Credit Card,714,670.0,12.2,3192.0,0,0,3,11.3,0,,11.3,0.0
CUST102148,2025-09-17,21,Tier 3,Standard,Credit Card,672,556.0,1.4,768.0,0,1,25,12.5,0,,12.5,0.0
CUST102149,2023-09-27,35,Tier 1,Basic,Insurance,605,247.0,6.5,2121.0,1,0,22,36.5,0,,36.5,0.0
CUST102150,2026-02-05,24,Tier 1,Standard,Credit Card,637,713.0,11.2,1468.0,4,1,8,7.8,1,2026-09-25,7.7,12834.0
CUST102151,2026-06-24,27,Tier 1,Standard,Credit Card,720,738.0,3.8,3786.0,2,1,9,3.1,0,,3.1,0.0
CUST102152,2025-10-16,23,Tier 1,Basic,Personal Loan,612,368.0,8.1,3897.0,2,2,4,11.5,1,2026-06-14,8.0,6624.0
CUST102153,2023-09-27,37,Tier 1,Basic,Personal Loan,692,257.0,7.1,2212.0,4,0,42,36.5,1,2026-03-21,30.2,4626.0
CUST102154,2026-07-30,40,Tier 3,Premium,Personal Loan,704,1677.0,10.2,1921.0,1,0,10,1.9,0,,1.9,0.0
CUST102155,2026-05-31,32,Tier 3,Standard,Personal Loan,765,598.0,11.6,1973.0,1,0,3,3.9,1,2026-09-24,3.9,10764.0
CUST102156,2026-02-04,25,Tier 1,Premium,BNPL,750,1049.0,9.9,2374.0,0,0,8,7.8,0,,7.8,0.0
CUST102157,2026-08-02,44,Tier 2,Standard,BNPL,718,362.0,8.8,2970.0,1,1,3,1.8,1,2026-08-17,0.5,6516.0
CUST102158,2026-09-20,25,Tier 2,Standard,Personal Loan,661,901.0,9.7,5231.0,2,1,8,0.2,0,,0.2,0.0
CUST102159,2026-05-26,21,Tier 2,Basic,BNPL,614,76.0,4.4,1247.0,2,2,2,4.1,0,,4.1,0.0
CUST102160,2025-02-02,35,Tier 2,Basic,Personal Loan,709,395.0,5.0,2418.0,3,1,34,20.0,0,,20.0,0.0
CUST102161,2026-09-13,23,Tier 1,Basic,Credit Card,652,190.0,6.5,2061.0,2,0,0,0.4,1,2026-09-21,0.3,3420.0
CUST102162,2026-04-11,39,Tier 2,Standard,Personal Loan,632,946.0,10.3,1732.0,0,0,6,5.6,0,,5.6,0.0
CUST102163,2025-07-23,28,Tier 2,Basic,Credit Card,478,256.0,7.4,1809.0,2,2,11,14.3,1,2026-02-06,6.6,4608.0
CUST102164,2024-03-22,36,Tier 3,Standard,Personal Loan,687,820.0,6.5,2100.0,1,1,28,30.6,0,,30.6,0.0
CUST102165,2023-09-27,43,Tier 3,Basic,Credit Card,690,236.0,3.8,2377.0,3,0,21,36.5,1,2025-07-16,21.9,4248.0
CUST102166,2026-04-15,22,Tier 1,Basic,Credit Card,674,218.0,8.6,2538.0,0,0,30,5.5,0,,5.5,0.0
CUST102167,2024-04-08,27,Tier 1,Premium,Insurance,769,1623.0,15.9,2650.0,0,0,3,30.0,0,,30.0,0.0
CUST102168,2026-09-16,31,Tier 3,Basic,Personal Loan,677,326.0,17.0,937.0,5,0,28,0.3,0,,0.3,0.0
CUST102169,2025-08-11,44,Tier 2,Standard,Personal Loan,723,680.0,4.5,1594.0,2,0,3,13.7,0,,13.7,0.0
CUST102170,2025-11-22,26,Tier 3,Basic,Personal Loan,505,306.0,13.9,2688.0,3,2,171,10.3,1,2026-01-05,1.5,5508.0
CUST102171,2026-07-02,27,Tier 1,Premium,Credit Card,741,1436.0,7.1,3495.0,0,0,7,2.9,0,,2.9,0.0
CUST102172,2026-02-26,35,Tier 2,Standard,Personal Loan,660,962.0,4.4,2629.0,0,0,42,7.1,0,,7.1,0.0
CUST102173,2026-08-16,27,Tier 2,Basic,BNPL,580,120.0,10.0,1930.0,1,3,4,1.4,1,2026-09-03,0.6,2160.0
CUST102174,2025-01-19,33,Tier 3,Standard,Credit Card,665,580.0,4.8,2626.0,0,0,18,20.5,0,,20.5,0.0
CUST102175,2026-05-17,21,Tier 1,Basic,Credit Card,584,251.0,11.2,2430.0,1,2,39,4.4,0,,4.4,0.0
CUST102176,2025-12-05,49,Tier 1,Standard,Credit Card,821,764.0,1.3,1257.0,2,0,31,9.8,0,,9.8,0.0
CUST102177,2026-08-06,21,Tier 2,Basic,Personal Loan,569,257.0,9.2,2041.0,0,2,23,1.7,0,,1.7,0.0
CUST102178,2026-07-19,29,Tier 3,Basic,Personal Loan,724,350.0,5.5,2355.0,3,0,1,2.3,0,,2.3,0.0
CUST102179,2023-09-27,31,Tier 3,Standard,Credit Card,733,590.0,6.6,2848.0,0,0,6,36.5,0,,36.5,0.0
CUST102180,2025-08-03,47,Tier 3,Standard,Credit Card,737,608.0,10.2,3480.0,3,1,7,14.0,0,,14.0,0.0
CUST102181,2024-01-20,21,Tier 3,Standard,Personal Loan,606,1105.0,11.2,3811.0,0,1,8,32.7,0,,32.7,0.0
CUST102182,2026-06-13,47,Tier 1,Premium,Personal Loan,738,1765.0,8.5,696.0,3,0,1,3.5,0,,3.5,0.0
CUST102183,2026-08-04,38,Tier 1,Standard,Insurance,644,683.0,9.8,2030.0,0,2,0,1.8,1,2026-09-21,1.6,12294.0
CUST102184,2026-03-01,35,Tier 1,Basic,Personal Loan,619,361.0,7.1,3546.0,0,0,26,7.0,0,,7.0,0.0
CUST102185,2026-03-06,24,Tier 1,Basic,BNPL,617,91.0,7.5,2896.0,0,1,47,6.8,1,2026-07-11,4.2,1638.0
CUST102186,2026-07-31,36,Tier 3,Basic,BNPL,653,58.0,8.6,2940.0,5,1,9,1.9,1,2026-09-07,1.3,1044.0
CUST102187,2025-08-26,26,Tier 3,Basic,Personal Loan,654,366.0,8.4,1544.0,2,1,41,13.2,0,,13.2,0.0
CUST102188,2026-05-15,42,Tier 1,Basic,Personal Loan,419,271.0,9.4,1579.0,0,0,46,4.5,1,2026-09-25,4.4,4878.0
CUST102189,2026-07-27,24,Tier 2,Basic,Personal Loan,581,242.0,0.2,2793.0,2,0,19,2.0,0,,2.0,0.0
CUST102190,2026-05-28,31,Tier 3,Standard,BNPL,683,523.0,14.6,1769.0,2,1,15,4.0,1,2026-06-24,0.9,9414.0
CUST102191,2026-01-21,27,Tier 2,Basic,Credit Card,535,199.0,9.4,1178.0,4,1,13,8.3,1,2026-01-26,0.2,3582.0
CUST102192,2025-09-03,24,Tier 1,Basic,BNPL,644,111.0,12.8,2292.0,2,1,16,12.9,0,,12.9,0.0
CUST102193,2026-03-13,37,Tier 2,Standard,Insurance,629,842.0,7.6,2026.0,0,0,18,6.6,0,,6.6,0.0
CUST102194,2026-02-15,36,Tier 1,Premium,BNPL,765,375.0,9.0,2982.0,1,0,4,7.4,0,,7.4,0.0
CUST102195,2026-08-13,41,Tier 2,Standard,Personal Loan,760,682.0,2.0,2570.0,1,0,14,1.5,0,,1.5,0.0
CUST102196,2024-09-18,21,Tier 2,Standard,Personal Loan,750,785.0,5.0,3941.0,3,0,27,24.6,0,,24.6,0.0
CUST102197,2024-07-26,40,Tier 1,Basic,BNPL,602,138.0,11.2,1309.0,0,4,117,26.4,1,2026-02-06,18.7,2484.0
CUST102198,2025-10-16,52,Tier 3,Standard,Personal Loan,653,729.0,11.8,2239.0,1,0,44,11.5,0,,11.5,0.0
CUST102199,2026-09-21,28,Tier 2,Standard,Personal Loan,769,694.0,6.2,2709.0,1,1,49,0.2,0,,0.2,0.0
CUST102200,2026-02-07,47,Tier 2,Basic,BNPL,620,225.0,5.5,2675.0,2,2,85,7.7,1,2026-05-31,3.8,4050.0
CUST102201,2025-12-03,29,Tier 3,Premium,Credit Card,739,1474.0,4.5,2431.0,1,0,3,9.9,0,,9.9,0.0
CUST102202,2023-09-27,21,Tier 1,Standard,Insurance,679,661.0,6.6,632.0,2,0,59,36.5,0,,36.5,0.0
CUST102203,2023-09-27,29,Tier 1,Premium,BNPL,772,802.0,10.0,434.0,0,0,3,36.5,0,,36.5,0.0
CUST102204,2025-02-19,40,Tier 3,Basic,Personal Loan,495,339.0,6.2,1233.0,3,2,70,19.5,1,2025-08-17,6.0,6102.0
CUST102205,2026-09-07,25,Tier 1,Basic,Insurance,601,272.0,4.9,2647.0,0,2,30,0.6,1,2026-09-23,0.5,4896.0
CUST102206,2024-03-21,27,Tier 3,Standard,Personal Loan,809,715.0,5.0,491.0,1,0,36,30.6,0,,30.6,0.0
CUST102207,2025-12-16,36,Tier 1,Basic,Credit Card,686,263.0,8.5,2795.0,1,0,141,9.5,1,2026-04-26,4.4,4734.0
CUST102208,2025-05-30,32,Tier 1,Standard,Credit Card,687,740.0,11.1,1927.0,0,0,42,16.1,0,,16.1,0.0
CUST102209,2026-04-23,36,Tier 2,Basic,Personal Loan,704,402.0,10.9,1898.0,0,0,59,5.2,1,2026-08-27,4.2,7236.0
CUST102210,2026-06-03,33,Tier 1,Basic,Credit Card,663,347.0,13.4,3949.0,2,1,8,3.8,0,,3.8,0.0
CUST102211,2026-03-24,35,Tier 3,Basic,Personal Loan,539,328.0,10.2,3809.0,2,2,69,6.2,1,2026-06-23,3.0,5904.0
CUST102212,2026-08-10,28,Tier 2,Premium,Credit Card,804,1719.0,3.8,1594.0,1,0,2,1.6,0,,1.6,0.0
CUST102213,2026-05-17,33,Tier 3,Basic,Credit Card,695,116.0,5.7,2897.0,4,0,25,4.4,0,,4.4,0.0
CUST102214,2025-02-19,24,Tier 3,Basic,BNPL,663,228.0,6.9,2234.0,1,0,24,19.5,1,2025-03-23,1.1,4104.0
CUST102215,2026-09-15,42,Tier 1,Standard,BNPL,708,296.0,9.3,2970.0,2,0,15,0.4,0,,0.4,0.0
CUST102216,2026-08-08,26,Tier 3,Basic,Personal Loan,612,313.0,10.5,1848.0,1,0,45,1.6,1,2026-08-17,0.3,5634.0
CUST102217,2026-08-17,41,Tier 2,Standard,Credit Card,749,707.0,5.7,999.0,0,0,10,1.3,0,,1.3,0.0
CUST102218,2026-04-25,30,Tier 2,Basic,Credit Card,498,242.0,8.5,2162.0,0,1,21,5.1,1,2026-09-24,5.1,4356.0
CUST102219,2023-09-27,33,Tier 3,Premium,Personal Loan,787,1875.0,12.0,2930.0,0,0,11,36.5,0,,36.5,0.0
CUST102220,2026-07-31,28,Tier 2,Basic,BNPL,677,229.0,11.8,2076.0,3,0,40,1.9,1,2026-09-25,1.9,4122.0
CUST102221,2026-08-10,23,Tier 2,Standard,BNPL,743,340.0,8.7,2943.0,0,0,12,1.6,0,,1.6,0.0
CUST102222,2024-09-17,21,Tier 2,Premium,Personal Loan,795,1516.0,4.2,3346.0,0,1,1,24.6,0,,24.6,0.0
CUST102223,2024-12-24,23,Tier 1,Standard,Credit Card,705,886.0,7.6,3261.0,2,2,6,21.4,0,,21.4,0.0
CUST102224,2026-09-17,29,Tier 1,Premium,Personal Loan,803,1967.0,11.0,2623.0,0,0,29,0.3,0,,0.3,0.0
CUST102225,2025-08-05,33,Tier 2,Standard,Credit Card,672,900.0,11.2,1013.0,1,1,52,13.9,1,2025-08-26,0.7,16200.0
CUST102226,2025-11-11,40,Tier 1,Standard,Personal Loan,705,957.0,7.8,423.0,0,0,21,10.6,0,,10.6,0.0
CUST102227,2025-07-16,28,Tier 1,Standard,Insurance,639,413.0,12.7,2730.0,2,1,4,14.6,0,,14.6,0.0
CUST102228,2026-03-06,24,Tier 1,Standard,BNPL,687,474.0,9.3,2903.0,0,0,2,6.8,0,,6.8,0.0
CUST102229,2023-09-27,21,Tier 2,Standard,Credit Card,624,522.0,6.1,2209.0,0,2,60,36.5,0,,36.5,0.0
CUST102230,2026-09-13,35,Tier 1,Basic,Credit Card,584,250.0,3.7,2437.0,1,1,72,0.4,1,2026-09-22,0.3,4500.0
CUST102231,2026-07-08,43,Tier 3,Premium,Insurance,771,1239.0,9.8,2115.0,0,0,5,2.7,0,,2.7,0.0
CUST102232,2026-04-28,42,Tier 1,Basic,Credit Card,640,169.0,7.2,2262.0,2,1,35,5.0,0,,5.0,0.0
CUST102233,2026-03-31,37,Tier 2,Basic,Personal Loan,624,284.0,11.1,2543.0,1,1,86,6.0,1,2026-08-30,5.1,5112.0
CUST102234,2024-08-25,37,Tier 2,Basic,Credit Card,712,360.0,14.2,3014.0,3,0,5,25.4,0,,25.4,0.0
CUST102235,2026-01-23,45,Tier 2,Standard,BNPL,590,421.0,7.2,2301.0,0,1,20,8.2,0,,8.2,0.0
CUST102236,2026-09-13,34,Tier 1,Basic,Credit Card,612,241.0,8.9,2216.0,3,1,88,0.4,1,2026-09-22,0.3,4338.0
CUST102237,2026-04-22,37,Tier 3,Standard,BNPL,682,626.0,12.4,2070.0,0,0,36,5.2,0,,5.2,0.0
CUST102238,2026-04-18,29,Tier 3,Premium,BNPL,753,729.0,3.1,2408.0,0,1,3,5.4,0,,5.4,0.0
CUST102239,2023-12-22,21,Tier 3,Standard,BNPL,743,378.0,6.5,398.0,1,0,61,33.6,1,2026-08-15,32.2,6804.0
CUST102240,2025-12-26,26,Tier 3,Basic,Insurance,619,275.0,10.4,3022.0,2,1,8,9.1,0,,9.1,0.0
CUST102241,2025-11-28,31,Tier 2,Premium,Personal Loan,729,1708.0,6.1,2028.0,1,0,2,10.1,0,,10.1,0.0
CUST102242,2025-09-17,32,Tier 2,Standard,Credit Card,726,553.0,10.1,1495.0,1,0,2,12.5,0,,12.5,0.0
CUST102243,2025-07-13,47,Tier 2,Basic,BNPL,714,50.0,8.6,3439.0,1,0,4,14.7,0,,14.7,0.0
CUST102244,2025-11-28,32,Tier 2,Basic,BNPL,580,103.0,11.3,1953.0,3,2,50,10.1,1,2026-01-21,1.8,1854.0
CUST102245,2026-07-07,41,Tier 3,Standard,Credit Card,675,527.0,4.2,1258.0,0,0,6,2.7,0,,2.7,0.0
CUST102246,2025-01-13,28,Tier 2,Premium,Personal Loan,744,1864.0,5.7,2868.0,0,0,20,20.7,0,,20.7,0.0
CUST102247,2025-08-27,29,Tier 3,Basic,BNPL,668,119.0,11.8,1770.0,2,0,68,13.2,1,2026-01-07,4.4,2142.0
CUST102248,2025-08-16,21,Tier 1,Standard,BNPL,767,671.0,7.8,1862.0,0,0,2,13.5,0,,13.5,0.0
CUST102249,2023-09-27,26,Tier 3,Premium,Personal Loan,739,1524.0,12.8,2972.0,0,0,8,36.5,0,,36.5,0.0
CUST102250,2025-05-28,36,Tier 2,Premium,Credit Card,789,1792.0,5.3,3086.0,0,0,13,16.2,0,,16.2,0.0
CUST102251,2025-04-14,32,Tier 2,Basic,Personal Loan,608,336.0,7.6,989.0,1,1,40,17.7,1,2026-07-20,15.4,6048.0
CUST102252,2024-04-02,39,Tier 1,Basic,Credit Card,559,290.0,2.1,2128.0,2,3,4,30.2,1,2024-04-19,0.6,5220.0
CUST102253,2026-08-08,33,Tier 3,Basic,Personal Loan,620,362.0,6.4,896.0,4,1,14,1.6,0,,1.6,0.0
CUST102254,2026-03-04,29,Tier 3,Basic,Credit Card,661,139.0,4.4,1813.0,1,1,33,6.9,0,,6.9,0.0
CUST102255,2026-01-09,49,Tier 1,Standard,Credit Card,651,648.0,4.1,1489.0,0,1,18,8.7,0,,8.7,0.0
CUST102256,2026-05-30,31,Tier 2,Standard,Credit Card,584,616.0,10.9,3147.0,1,0,34,4.0,0,,4.0,0.0
CUST102257,2025-03-27,41,Tier 1,Standard,BNPL,570,243.0,11.0,1216.0,3,0,1,18.3,0,,18.3,0.0
CUST102258,2025-07-22,28,Tier 3,Standard,BNPL,620,450.0,9.2,2690.0,1,1,13,14.4,0,,14.4,0.0
CUST102259,2025-09-09,37,Tier 2,Standard,Personal Loan,720,1068.0,6.6,1932.0,2,0,38,12.7,0,,12.7,0.0
CUST102260,2023-09-27,39,Tier 1,Basic,Personal Loan,701,191.0,11.6,763.0,3,1,177,36.5,1,2024-11-10,13.7,3438.0
CUST102261,2026-06-28,33,Tier 1,Basic,BNPL,708,123.0,13.0,1458.0,2,1,5,3.0,0,,3.0,0.0
CUST102262,2025-08-24,21,Tier 2,Basic,Personal Loan,602,263.0,8.1,1032.0,3,0,36,13.3,1,2026-01-10,4.6,4734.0
CUST102263,2026-01-29,32,Tier 1,Standard,Insurance,648,594.0,13.1,1463.0,1,0,0,8.0,1,2026-09-13,7.6,10692.0
CUST102264,2026-06-06,41,Tier 2,Basic,BNPL,560,134.0,4.3,1292.0,3,1,15,3.7,1,2026-07-12,1.2,2412.0
CUST102265,2026-08-05,36,Tier 3,Basic,Credit Card,600,220.0,4.0,1903.0,1,0,21,1.7,1,2026-08-11,0.2,3960.0
CUST102266,2024-11-17,35,Tier 3,Standard,Insurance,703,675.0,11.8,3063.0,1,1,8,22.6,0,,22.6,0.0
CUST102267,2025-12-29,21,Tier 1,Basic,Personal Loan,549,407.0,9.7,1434.0,1,0,34,9.0,0,,9.0,0.0
CUST102268,2025-04-22,26,Tier 3,Standard,Credit Card,762,996.0,11.1,1181.0,1,0,0,17.4,0,,17.4,0.0
CUST102269,2026-02-02,35,Tier 2,Standard,Credit Card,624,554.0,13.5,1656.0,2,1,48,7.9,1,2026-03-21,1.6,9972.0
CUST102270,2026-07-14,35,Tier 1,Premium,Credit Card,773,890.0,7.4,1928.0,0,0,4,2.5,0,,2.5,0.0
CUST102271,2026-05-26,41,Tier 1,Standard,Insurance,703,658.0,6.7,1499.0,0,0,3,4.1,0,,4.1,0.0
CUST102272,2026-05-05,30,Tier 1,Standard,Personal Loan,706,1054.0,8.1,1035.0,0,0,11,4.8,0,,4.8,0.0
CUST102273,2023-10-10,35,Tier 3,Basic,Credit Card,606,291.0,9.1,2878.0,2,1,25,36.1,0,,36.1,0.0
CUST102274,2026-09-21,32,Tier 1,Basic,Credit Card,599,330.0,4.7,2719.0,4,1,2,0.2,0,,0.2,0.0
CUST102275,2023-09-27,24,Tier 1,Basic,BNPL,663,139.0,0.0,2111.0,2,2,56,36.5,0,,36.5,0.0
CUST102276,2023-09-27,21,Tier 3,Basic,Personal Loan,487,295.0,5.6,3558.0,4,1,47,36.5,1,2024-05-27,8.1,5310.0
CUST102277,2023-09-27,35,Tier 2,Standard,Credit Card,636,665.0,7.4,4426.0,0,2,14,36.5,0,,36.5,0.0
CUST102278,2026-03-16,33,Tier 3,Basic,BNPL,575,133.0,13.0,3395.0,2,0,7,6.5,0,,6.5,0.0
CUST102279,2024-01-05,27,Tier 2,Premium,Personal Loan,787,2006.0,8.0,307.0,1,0,26,33.2,0,,33.2,0.0
CUST102280,2026-04-28,21,Tier 1,Standard,BNPL,747,516.0,10.6,2481.0,0,0,32,5.0,0,,5.0,0.0
CUST102281,2026-09-19,37,Tier 3,Standard,Credit Card,665,786.0,7.9,1495.0,0,1,5,0.2,0,,0.2,0.0
CUST102282,2026-07-12,29,Tier 1,Standard,BNPL,660,456.0,5.0,1878.0,0,0,27,2.5,1,2026-08-22,1.4,8208.0
CUST102283,2024-05-08,36,Tier 2,Premium,BNPL,713,909.0,0.1,758.0,0,0,1,29.0,0,,29.0,0.0
CUST102284,2026-09-21,46,Tier 2,Premium,Personal Loan,817,2042.0,10.3,2436.0,0,1,1,0.2,0,,0.2,0.0
CUST102285,2026-02-02,21,Tier 1,Standard,Credit Card,785,395.0,8.6,3758.0,3,0,12,7.9,0,,7.9,0.0
CUST102286,2026-09-03,26,Tier 3,Basic,BNPL,576,161.0,4.0,2141.0,0,0,42,0.8,1,2026-09-24,0.7,2898.0
CUST102287,2026-06-17,30,Tier 2,Standard,Credit Card,706,657.0,9.6,3114.0,0,0,50,3.4,0,,3.4,0.0
CUST102288,2026-08-30,43,Tier 1,Standard,Insurance,726,613.0,11.6,2510.0,0,0,71,0.9,1,2026-09-07,0.3,11034.0
CUST102289,2025-02-15,21,Tier 3,Standard,Credit Card,747,639.0,5.6,2887.0,1,0,24,19.6,1,2025-12-19,10.2,11502.0
CUST102290,2026-01-01,47,Tier 2,Basic,Personal Loan,691,347.0,11.6,157.0,0,1,54,8.9,1,2026-07-29,7.0,6246.0
CUST102291,2024-10-29,33,Tier 2,Standard,Credit Card,647,575.0,9.0,2588.0,1,1,14,23.2,0,,23.2,0.0
CUST102292,2025-10-12,31,Tier 2,Standard,Insurance,742,732.0,12.9,2964.0,1,0,1,11.6,0,,11.6,0.0
CUST102293,2023-10-30,30,Tier 3,Standard,Credit Card,654,712.0,6.4,3733.0,2,2,3,35.4,0,,35.4,0.0
CUST102294,2026-02-25,28,Tier 1,Premium,BNPL,742,882.0,6.8,904.0,1,0,35,7.1,0,,7.1,0.0
CUST102295,2025-11-25,40,Tier 1,Premium,BNPL,715,645.0,6.0,3677.0,2,0,5,10.2,0,,10.2,0.0
CUST102296,2026-01-12,23,Tier 2,Standard,Credit Card,652,756.0,2.3,1903.0,0,2,30,8.6,0,,8.6,0.0
CUST102297,2026-03-12,34,Tier 1,Premium,Personal Loan,742,1878.0,3.2,2370.0,0,0,2,6.6,0,,6.6,0.0
CUST102298,2025-03-14,28,Tier 2,Premium,BNPL,859,628.0,12.2,3049.0,0,0,8,18.7,1,2025-12-03,8.8,11304.0
CUST102299,2025-11-20,25,Tier 1,Standard,Credit Card,666,643.0,15.8,3033.0,1,0,3,10.3,0,,10.3,0.0
CUST102300,2025-05-30,52,Tier 1,Basic,BNPL,553,181.0,5.8,649.0,2,2,58,16.1,1,2026-01-25,8.0,3258.0
CUST102301,2025-06-20,35,Tier 1,Standard,Credit Card,648,722.0,11.7,2304.0,0,1,4,15.4,0,,15.4,0.0
CUST102302,2026-07-25,36,Tier 2,Standard,Credit Card,721,713.0,6.5,1247.0,0,1,24,2.1,0,,2.1,0.0
CUST102303,2025-11-15,41,Tier 3,Standard,BNPL,693,402.0,4.5,2249.0,0,1,3,10.5,0,,10.5,0.0
CUST102304,2026-07-22,21,Tier 1,Basic,Credit Card,633,301.0,0.7,1653.0,2,0,60,2.2,0,,2.2,0.0
CUST102305,2026-01-07,46,Tier 2,Standard,Credit Card,655,811.0,3.6,706.0,2,2,14,8.7,1,2026-03-06,1.9,14598.0
CUST102306,2025-10-22,21,Tier 1,Premium,Credit Card,744,1606.0,11.8,1288.0,1,0,5,11.3,0,,11.3,0.0
CUST102307,2023-09-27,25,Tier 2,Basic,Credit Card,612,221.0,12.2,2705.0,2,2,14,36.5,0,,36.5,0.0
CUST102308,2026-09-17,28,Tier 1,Premium,Credit Card,746,1104.0,1.7,2512.0,1,0,12,0.3,0,,0.3,0.0
CUST102309,2026-08-29,36,Tier 2,Standard,BNPL,713,319.0,7.4,1210.0,2,0,2,0.9,0,,0.9,0.0
CUST102310,2026-09-02,33,Tier 2,Standard,Credit Card,666,904.0,6.0,1683.0,1,1,39,0.8,1,2026-09-22,0.7,16272.0
CUST102311,2026-04-27,30,Tier 3,Basic,Credit Card,682,264.0,2.9,2423.0,1,0,50,5.1,1,2026-06-15,1.6,4752.0
CUST102312,2025-04-27,31,Tier 1,Standard,BNPL,663,666.0,5.1,2462.0,3,2,9,17.2,0,,17.2,0.0
CUST102313,2025-03-18,24,Tier 3,Basic,Personal Loan,655,319.0,8.3,2809.0,1,1,133,18.6,1,2026-09-02,17.8,5742.0
CUST102314,2025-08-22,21,Tier 2,Basic,Personal Loan,627,312.0,5.2,2408.0,1,0,62,13.3,1,2026-03-22,7.1,5616.0
CUST102315,2024-11-14,37,Tier 3,Premium,Insurance,752,1239.0,10.7,2732.0,0,0,3,22.7,0,,22.7,0.0
CUST102316,2026-06-02,37,Tier 1,Standard,BNPL,682,378.0,6.9,2141.0,1,0,44,3.9,0,,3.9,0.0
CUST102317,2026-08-30,44,Tier 1,Standard,Credit Card,703,549.0,9.0,2650.0,1,1,2,0.9,0,,0.9,0.0
CUST102318,2026-09-09,25,Tier 3,Standard,Credit Card,699,501.0,15.6,3644.0,1,0,23,0.6,0,,0.6,0.0
CUST102319,2025-03-02,37,Tier 1,Standard,Personal Loan,661,910.0,7.5,3615.0,1,2,3,19.1,0,,19.1,0.0
CUST102320,2025-08-29,29,Tier 1,Basic,Credit Card,586,303.0,8.6,2233.0,2,0,130,13.1,1,2026-09-24,13.0,5454.0
CUST102321,2025-10-02,41,Tier 1,Basic,Credit Card,508,372.0,2.2,1147.0,2,2,2,12.0,1,2026-09-16,11.6,6696.0
CUST102322,2026-05-25,40,Tier 3,Basic,Credit Card,634,228.0,4.5,3410.0,3,0,9,4.1,1,2026-06-29,1.2,4104.0
CUST102323,2026-05-06,33,Tier 1,Standard,Credit Card,722,604.0,9.2,100.0,1,0,15,4.8,0,,4.8,0.0
CUST102324,2024-02-18,29,Tier 3,Basic,Personal Loan,651,286.0,5.3,2668.0,1,1,31,31.7,0,,31.7,0.0
CUST102325,2026-09-07,39,Tier 2,Basic,Personal Loan,525,381.0,8.5,2637.0,1,2,25,0.6,1,2026-09-26,0.6,6858.0
CUST102326,2025-07-08,37,Tier 1,Basic,Insurance,545,266.0,8.5,2243.0,2,1,47,14.8,1,2026-02-16,7.4,4788.0
CUST102327,2026-06-07,26,Tier 2,Premium,Credit Card,754,1154.0,7.1,2557.0,1,0,0,3.7,0,,3.7,0.0
CUST102328,2026-09-15,21,Tier 1,Basic,Credit Card,635,205.0,0.0,1012.0,2,0,29,0.4,1,2026-09-22,0.2,3690.0
CUST102329,2025-08-15,29,Tier 2,Premium,Personal Loan,728,2087.0,1.4,1254.0,0,0,10,13.6,0,,13.6,0.0
CUST102330,2026-05-29,44,Tier 2,Standard,Personal Loan,668,895.0,14.1,1048.0,1,1,5,4.0,0,,4.0,0.0
CUST102331,2025-09-07,41,Tier 2,Premium,BNPL,765,1052.0,2.5,1158.0,1,0,11,12.8,1,2025-09-24,0.6,18936.0
CUST102332,2025-09-23,23,Tier 1,Basic,Credit Card,640,206.0,11.3,1567.0,2,0,37,12.3,1,2026-05-04,7.4,3708.0
CUST102333,2026-02-09,22,Tier 2,Basic,Credit Card,560,156.0,12.5,2041.0,2,0,26,7.6,0,,7.6,0.0
CUST102334,2025-07-03,42,Tier 3,Premium,Personal Loan,803,1575.0,16.4,3098.0,0,0,3,15.0,0,,15.0,0.0
CUST102335,2026-01-09,22,Tier 2,Standard,BNPL,647,479.0,16.3,3961.0,1,1,11,8.7,0,,8.7,0.0
CUST102336,2026-06-17,36,Tier 3,Standard,Personal Loan,606,1119.0,8.7,1455.0,0,1,6,3.4,0,,3.4,0.0
CUST102337,2025-08-25,27,Tier 1,Standard,Personal Loan,729,789.0,3.7,2132.0,0,0,29,13.2,1,2025-09-21,0.9,14202.0
CUST102338,2026-01-03,44,Tier 3,Premium,Credit Card,772,2037.0,5.8,2289.0,0,0,10,8.9,0,,8.9,0.0
CUST102339,2026-09-21,25,Tier 1,Standard,Personal Loan,680,953.0,13.0,1400.0,0,0,3,0.2,0,,0.2,0.0
CUST102340,2024-10-31,41,Tier 1,Basic,Personal Loan,585,255.0,8.1,1784.0,0,1,29,23.2,0,,23.2,0.0
CUST102341,2026-02-02,33,Tier 3,Premium,Credit Card,715,1460.0,6.9,3723.0,0,1,23,7.9,1,2026-02-10,0.3,26280.0
CUST102342,2025-01-26,34,Tier 3,Premium,BNPL,746,1082.0,5.1,3277.0,0,0,18,20.3,1,2025-12-24,11.1,19476.0
CUST102343,2024-12-22,21,Tier 2,Standard,BNPL,690,75.0,3.9,3388.0,0,0,44,21.4,0,,21.4,0.0
CUST102344,2026-04-03,21,Tier 1,Basic,Credit Card,509,282.0,8.7,2698.0,2,2,87,5.9,1,2026-04-25,0.7,5076.0
CUST102345,2026-02-26,30,Tier 1,Basic,Personal Loan,702,384.0,6.3,2963.0,1,0,7,7.1,0,,7.1,0.0
CUST102346,2026-04-18,33,Tier 2,Basic,Personal Loan,542,345.0,4.8,2527.0,0,1,45,5.4,0,,5.4,0.0
CUST102347,2026-03-31,22,Tier 3,Standard,Insurance,732,577.0,6.2,3639.0,2,0,21,6.0,0,,6.0,0.0
CUST102348,2024-11-19,23,Tier 1,Standard,Credit Card,656,628.0,8.5,100.0,3,0,1,22.5,1,2026-01-16,14.1,11304.0
CUST102349,2025-06-18,36,Tier 3,Premium,BNPL,737,775.0,9.0,1215.0,0,0,15,15.5,0,,15.5,0.0
CUST102350,2026-08-17,36,Tier 1,Basic,Personal Loan,652,266.0,4.4,869.0,5,0,8,1.3,1,2026-09-25,1.3,4788.0
CUST102351,2025-12-18,30,Tier 3,Basic,Credit Card,617,216.0,15.2,1586.0,1,2,87,9.4,1,2026-03-31,3.4,3888.0
CUST102352,2023-09-27,38,Tier 3,Basic,Personal Loan,697,304.0,8.0,2248.0,0,0,63,36.5,0,,36.5,0.0
CUST102353,2025-12-29,22,Tier 2,Basic,Credit Card,572,256.0,5.0,2070.0,1,0,51,9.0,0,,9.0,0.0
CUST102354,2025-06-21,29,Tier 1,Basic,Insurance,623,197.0,4.8,1432.0,0,2,42,15.4,1,2025-09-08,2.6,3546.0
CUST102355,2025-07-14,45,Tier 3,Premium,Insurance,762,1017.0,8.1,2352.0,0,0,6,14.6,0,,14.6,0.0
CUST102356,2026-05-20,32,Tier 2,Basic,Credit Card,518,288.0,10.8,2511.0,2,0,56,4.3,1,2026-06-30,1.4,5184.0
CUST102357,2026-05-10,33,Tier 2,Premium,Credit Card,813,1504.0,11.2,2676.0,1,0,17,4.6,0,,4.6,0.0
CUST102358,2025-09-05,50,Tier 2,Standard,Insurance,611,515.0,8.5,2886.0,0,2,2,12.9,0,,12.9,0.0
CUST102359,2026-03-03,21,Tier 1,Premium,BNPL,754,982.0,3.3,1638.0,1,0,4,6.9,0,,6.9,0.0
CUST102360,2026-01-16,38,Tier 3,Premium,Personal Loan,756,1693.0,8.3,3101.0,1,0,4,8.4,0,,8.4,0.0
CUST102361,2025-09-17,45,Tier 1,Standard,Credit Card,683,658.0,8.2,2135.0,0,0,3,12.5,0,,12.5,0.0
CUST102362,2025-07-03,29,Tier 3,Standard,Personal Loan,695,972.0,4.5,2878.0,1,1,74,15.0,1,2026-01-27,6.9,17496.0
CUST102363,2026-06-23,38,Tier 1,Standard,Credit Card,666,572.0,11.4,1632.0,3,0,18,3.2,0,,3.2,0.0
CUST102364,2026-08-10,24,Tier 2,Standard,Credit Card,753,498.0,5.6,3745.0,0,0,18,1.6,0,,1.6,0.0
CUST102365,2026-06-15,26,Tier 1,Premium,Credit Card,831,1359.0,17.3,2654.0,1,0,5,3.4,0,,3.4,0.0
CUST102366,2026-02-26,35,Tier 1,Premium,Credit Card,795,1018.0,11.3,2301.0,1,0,15,7.1,0,,7.1,0.0
CUST102367,2026-05-24,38,Tier 1,Standard,Personal Loan,555,809.0,3.7,1109.0,0,1,13,4.2,1,2026-06-13,0.7,14562.0
CUST102368,2026-01-17,40,Tier 2,Standard,Credit Card,736,614.0,10.8,3178.0,0,0,27,8.4,0,,8.4,0.0
CUST102369,2026-09-10,44,Tier 2,Basic,BNPL,503,50.0,10.2,1224.0,2,1,74,0.5,1,2026-09-26,0.5,900.0
CUST102370,2026-02-25,31,Tier 3,Basic,BNPL,655,177.0,9.4,4195.0,2,1,37,7.1,1,2026-05-01,2.2,3186.0
CUST102371,2026-05-12,41,Tier 1,Basic,Credit Card,512,241.0,9.8,2859.0,2,3,34,4.6,1,2026-07-14,2.1,4338.0
CUST102372,2026-02-09,29,Tier 2,Basic,Insurance,606,284.0,2.1,1026.0,1,3,54,7.6,1,2026-04-26,2.5,5112.0
CUST102373,2026-04-15,39,Tier 3,Standard,Insurance,719,613.0,4.6,2392.0,0,0,14,5.5,0,,5.5,0.0
CUST102374,2026-06-18,33,Tier 1,Basic,Personal Loan,680,362.0,11.1,3970.0,4,0,58,3.3,1,2026-08-26,2.3,6516.0
CUST102375,2024-10-23,35,Tier 2,Standard,Personal Loan,702,1000.0,0.8,2188.0,1,1,2,23.4,0,,23.4,0.0
CUST102376,2026-07-27,35,Tier 2,Standard,BNPL,513,373.0,11.2,1878.0,2,1,6,2.0,0,,2.0,0.0
CUST102377,2025-10-18,21,Tier 1,Basic,BNPL,664,150.0,8.7,2480.0,1,0,90,11.4,0,,11.4,0.0
CUST102378,2024-08-12,23,Tier 1,Standard,Insurance,744,380.0,6.7,1521.0,0,1,4,25.8,0,,25.8,0.0
CUST102379,2026-02-06,32,Tier 2,Basic,BNPL,580,212.0,9.7,3401.0,1,0,21,7.7,0,,7.7,0.0
CUST102380,2025-01-07,21,Tier 1,Basic,Credit Card,524,243.0,10.2,1429.0,4,2,23,20.9,1,2025-12-03,11.0,4374.0
CUST102381,2026-08-17,38,Tier 2,Basic,Credit Card,650,200.0,5.1,2589.0,3,0,19,1.3,0,,1.3,0.0
CUST102382,2026-03-06,38,Tier 3,Basic,Personal Loan,700,362.0,5.2,3326.0,2,1,71,6.8,1,2026-05-20,2.5,6516.0
CUST102383,2026-03-27,34,Tier 2,Standard,Personal Loan,628,562.0,7.7,2251.0,1,3,28,6.1,1,2026-05-13,1.6,10116.0
CUST102384,2026-09-21,23,Tier 2,Standard,Credit Card,654,594.0,3.3,3362.0,2,3,33,0.2,1,2026-09-26,0.2,10692.0
CUST102385,2026-04-04,43,Tier 1,Standard,Credit Card,671,768.0,13.6,2030.0,1,0,95,5.8,1,2026-06-12,2.3,13824.0
CUST102386,2026-05-11,48,Tier 3,Standard,Credit Card,700,593.0,13.5,1186.0,0,1,74,4.6,0,,4.6,0.0
CUST102387,2025-10-29,33,Tier 1,Basic,BNPL,580,114.0,1.1,2868.0,1,1,78,11.1,1,2025-12-11,1.4,2052.0
CUST102388,2024-06-13,36,Tier 2,Basic,Personal Loan,571,304.0,4.5,2503.0,1,2,29,27.8,0,,27.8,0.0
CUST102389,2026-08-31,33,Tier 3,Basic,Credit Card,588,150.0,7.3,1337.0,2,1,13,0.9,1,2026-09-18,0.6,2700.0
CUST102390,2026-05-30,36,Tier 2,Standard,Personal Loan,711,938.0,8.4,2122.0,0,0,26,4.0,0,,4.0,0.0
CUST102391,2026-04-03,31,Tier 2,Standard,Credit Card,724,634.0,12.3,1323.0,1,0,60,5.9,0,,5.9,0.0
CUST102392,2026-03-28,31,Tier 2,Standard,BNPL,720,355.0,7.3,2194.0,0,0,93,6.1,0,,6.1,0.0
CUST102393,2025-07-06,39,Tier 1,Premium,BNPL,782,765.0,2.9,4254.0,1,0,9,14.9,0,,14.9,0.0
CUST102394,2026-04-04,50,Tier 3,Basic,Insurance,654,226.0,13.0,3063.0,3,0,42,5.8,0,,5.8,0.0
CUST102395,2026-09-18,21,Tier 1,Standard,Personal Loan,692,930.0,11.7,2764.0,1,0,7,0.3,1,2026-09-24,0.2,16740.0
CUST102396,2025-09-20,31,Tier 2,Standard,Credit Card,700,643.0,4.2,2352.0,0,0,5,12.4,0,,12.4,0.0
CUST102397,2024-12-17,22,Tier 1,Premium,Credit Card,838,1019.0,0.0,3144.0,0,0,10,21.6,0,,21.6,0.0
CUST102398,2026-02-22,44,Tier 3,Basic,Credit Card,693,279.0,8.5,2270.0,2,0,9,7.2,0,,7.2,0.0
CUST102399,2026-01-08,27,Tier 1,Basic,BNPL,545,175.0,5.9,587.0,1,2,18,8.7,1,2026-09-05,8.0,3150.0
CUST102400,2026-08-04,21,Tier 2,Standard,BNPL,625,417.0,12.6,995.0,1,2,14,1.8,0,,1.8,0.0
CUST102401,2026-07-14,37,Tier 2,Premium,BNPL,779,1141.0,10.0,1706.0,0,0,27,2.5,0,,2.5,0.0
CUST102402,2026-07-08,45,Tier 2,Standard,Personal Loan,642,849.0,13.1,1821.0,1,1,76,2.7,1,2026-09-15,2.3,15282.0
CUST102403,2026-04-10,37,Tier 1,Standard,BNPL,724,534.0,10.8,2223.0,0,0,6,5.6,0,,5.6,0.0
CUST102404,2024-07-29,33,Tier 2,Basic,Personal Loan,530,395.0,4.4,3268.0,1,3,5,26.3,1,2026-02-01,18.4,7110.0
CUST102405,2026-02-17,35,Tier 1,Basic,BNPL,760,179.0,10.7,2551.0,1,0,9,7.4,0,,7.4,0.0
CUST102406,2026-07-25,43,Tier 2,Standard,Credit Card,721,553.0,9.1,2360.0,1,0,15,2.1,1,2026-09-01,1.3,9954.0
CUST102407,2026-06-26,25,Tier 1,Standard,Credit Card,716,633.0,7.9,1208.0,1,0,31,3.1,1,2026-08-29,2.1,11394.0
CUST102408,2026-05-04,31,Tier 2,Basic,Credit Card,609,312.0,8.6,2061.0,3,0,26,4.8,0,,4.8,0.0
CUST102409,2025-12-08,28,Tier 1,Standard,Insurance,654,390.0,11.5,1642.0,0,0,54,9.7,0,,9.7,0.0
CUST102410,2026-04-06,22,Tier 3,Basic,Personal Loan,635,305.0,6.1,1280.0,3,2,36,5.8,1,2026-09-10,5.2,5490.0
CUST102411,2026-04-30,29,Tier 2,Premium,Credit Card,680,1304.0,5.2,100.0,0,0,7,5.0,0,,5.0,0.0
CUST102412,2026-01-20,40,Tier 1,Standard,BNPL,725,278.0,4.8,1135.0,1,0,29,8.3,0,,8.3,0.0
CUST102413,2026-07-05,36,Tier 2,Premium,Credit Card,793,1644.0,3.0,3770.0,2,0,31,2.8,1,2026-08-02,0.9,29592.0
CUST102414,2026-09-02,37,Tier 3,Standard,Personal Loan,621,894.0,0.0,3249.0,1,1,8,0.8,1,2026-09-10,0.3,16092.0
CUST102415,2026-09-19,33,Tier 1,Basic,Credit Card,578,214.0,12.0,1432.0,0,0,11,0.2,0,,0.2,0.0
CUST102416,2026-07-02,36,Tier 2,Standard,Credit Card,733,729.0,10.5,1765.0,1,0,5,2.9,1,2026-07-13,0.4,13122.0
CUST102417,2026-08-29,25,Tier 2,Premium,Insurance,696,1216.0,13.9,4463.0,0,1,8,0.9,0,,0.9,0.0
CUST102418,2026-05-27,29,Tier 1,Premium,BNPL,778,591.0,8.2,4342.0,1,0,6,4.1,0,,4.1,0.0
CUST102419,2025-07-09,33,Tier 3,Standard,Credit Card,666,557.0,8.0,2394.0,0,0,6,14.8,0,,14.8,0.0
CUST102420,2025-09-14,34,Tier 1,Standard,Insurance,764,642.0,5.3,2873.0,2,0,26,12.6,1,2026-09-13,12.1,11556.0
CUST102421,2025-12-17,34,Tier 1,Premium,Credit Card,691,1663.0,5.4,2469.0,1,1,4,9.4,0,,9.4,0.0
CUST102422,2025-03-01,30,Tier 3,Basic,Personal Loan,649,301.0,2.9,1917.0,3,2,49,19.1,1,2025-08-05,5.2,5418.0
CUST102423,2026-06-19,28,Tier 2,Standard,Personal Loan,603,916.0,4.8,2449.0,0,3,37,3.3,0,,3.3,0.0
CUST102424,2024-12-17,57,Tier 3,Standard,Credit Card,768,856.0,2.9,2767.0,0,0,40,21.6,0,,21.6,0.0
CUST102425,2026-04-27,39,Tier 2,Basic,Personal Loan,677,262.0,8.5,3147.0,0,0,6,5.1,0,,5.1,0.0
CUST102426,2026-04-26,35,Tier 2,Premium,Insurance,741,1360.0,6.1,2496.0,0,0,4,5.1,0,,5.1,0.0
CUST102427,2026-04-24,30,Tier 3,Basic,BNPL,637,192.0,0.5,2482.0,4,0,26,5.2,1,2026-08-01,3.3,3456.0
CUST102428,2026-08-27,28,Tier 1,Standard,Personal Loan,661,833.0,0.0,1062.0,0,1,37,1.0,1,2026-09-05,0.3,14994.0
CUST102429,2023-09-27,30,Tier 3,Basic,Credit Card,724,312.0,9.5,1457.0,2,0,18,36.5,0,,36.5,0.0
CUST102430,2026-08-13,34,Tier 2,Basic,BNPL,600,260.0,6.9,570.0,5,3,38,1.5,1,2026-08-30,0.6,4680.0
CUST102431,2026-05-24,21,Tier 1,Basic,Insurance,604,242.0,6.5,2626.0,0,0,21,4.2,0,,4.2,0.0
CUST102432,2026-06-03,21,Tier 2,Basic,BNPL,633,138.0,4.5,1686.0,1,0,1,3.8,1,2026-08-30,2.9,2484.0
CUST102433,2026-09-03,26,Tier 1,Standard,Credit Card,661,777.0,3.4,2021.0,2,1,8,0.8,0,,0.8,0.0
CUST102434,2026-08-08,33,Tier 2,Basic,BNPL,647,192.0,9.7,2277.0,3,0,49,1.6,1,2026-09-10,1.1,3456.0
CUST102435,2026-09-13,30,Tier 2,Standard,Credit Card,689,323.0,8.1,2471.0,0,0,26,0.4,0,,0.4,0.0
CUST102436,2026-06-15,43,Tier 3,Standard,Credit Card,645,650.0,9.3,486.0,1,1,43,3.4,1,2026-07-20,1.2,11700.0
CUST102437,2025-01-30,21,Tier 1,Standard,Personal Loan,676,794.0,7.5,2547.0,0,0,18,20.1,1,2026-03-18,13.7,14292.0
CUST102438,2026-05-25,25,Tier 2,Standard,Personal Loan,643,897.0,6.2,1845.0,2,0,29,4.1,1,2026-08-04,2.4,16146.0
CUST102439,2026-08-18,44,Tier 1,Standard,Credit Card,644,625.0,12.1,2993.0,1,1,11,1.3,0,,1.3,0.0
CUST102440,2025-11-19,33,Tier 2,Standard,Personal Loan,704,834.0,3.7,1912.0,0,0,9,10.4,0,,10.4,0.0
CUST102441,2023-09-27,39,Tier 2,Standard,Personal Loan,634,733.0,1.4,1650.0,1,3,8,36.5,0,,36.5,0.0
CUST102442,2026-07-09,48,Tier 2,Basic,BNPL,633,187.0,3.7,3226.0,2,1,6,2.6,0,,2.6,0.0
CUST102443,2026-06-20,26,Tier 3,Basic,Personal Loan,542,408.0,10.9,1332.0,4,2,20,3.3,1,2026-08-08,1.6,7344.0
CUST102444,2023-10-21,31,Tier 3,Standard,Credit Card,641,540.0,10.8,1738.0,1,2,33,35.7,1,2025-08-29,22.6,9720.0
CUST102445,2026-07-29,29,Tier 1,Standard,Credit Card,611,468.0,9.2,1367.0,1,0,0,2.0,0,,2.0,0.0
CUST102446,2026-02-24,21,Tier 1,Standard,Insurance,654,588.0,8.8,1779.0,0,0,17,7.1,0,,7.1,0.0
CUST102447,2026-07-06,29,Tier 2,Standard,Credit Card,745,646.0,7.2,3714.0,3,0,4,2.7,0,,2.7,0.0
CUST102448,2024-07-10,39,Tier 2,Premium,Personal Loan,745,2148.0,9.0,1110.0,1,0,14,26.9,0,,26.9,0.0
CUST102449,2023-09-27,36,Tier 1,Standard,Credit Card,637,490.0,7.1,1971.0,1,0,3,36.5,0,,36.5,0.0
CUST102450,2025-05-09,36,Tier 2,Standard,BNPL,643,320.0,9.1,2909.0,3,2,4,16.8,1,2026-07-30,14.9,5760.0
CUST102451,2026-06-05,28,Tier 2,Basic,Insurance,638,118.0,14.3,1999.0,2,1,2,3.8,0,,3.8,0.0
CUST102452,2026-04-25,26,Tier 1,Standard,Credit Card,689,829.0,9.5,2552.0,0,0,12,5.1,0,,5.1,0.0
CUST102453,2026-07-05,42,Tier 3,Standard,Credit Card,661,683.0,8.7,1720.0,0,1,21,2.8,1,2026-07-15,0.3,12294.0
CUST102454,2024-12-01,28,Tier 2,Standard,Insurance,791,525.0,6.4,2104.0,2,0,7,22.1,1,2026-02-18,14.8,9450.0
CUST102455,2024-09-19,34,Tier 1,Premium,Personal Loan,729,1450.0,10.5,1969.0,0,0,0,24.6,0,,24.6,0.0
CUST102456,2026-04-17,33,Tier 1,Standard,Credit Card,671,490.0,6.3,2032.0,0,0,54,5.4,0,,5.4,0.0
CUST102457,2025-11-10,43,Tier 3,Basic,Credit Card,597,271.0,16.0,3256.0,2,0,69,10.7,1,2025-11-27,0.6,4878.0
CUST102458,2026-08-03,39,Tier 3,Standard,Personal Loan,696,701.0,4.3,1654.0,1,0,12,1.8,0,,1.8,0.0
CUST102459,2026-04-08,21,Tier 2,Standard,Credit Card,727,664.0,12.9,2479.0,1,0,35,5.7,0,,5.7,0.0
CUST102460,2025-12-01,22,Tier 1,Basic,Personal Loan,585,427.0,7.1,3064.0,2,1,57,10.0,1,2026-08-12,8.5,7686.0
CUST102461,2026-05-03,36,Tier 3,Basic,BNPL,621,133.0,11.1,2697.0,1,1,29,4.9,1,2026-08-29,3.9,2394.0
CUST102462,2026-05-17,31,Tier 2,Basic,Insurance,562,177.0,4.1,1957.0,3,1,26,4.4,1,2026-06-30,1.5,3186.0
CUST102463,2026-09-21,28,Tier 3,Standard,Personal Loan,726,895.0,9.3,3415.0,0,0,21,0.2,0,,0.2,0.0
CUST102464,2025-05-25,40,Tier 3,Basic,BNPL,551,89.0,7.1,2345.0,1,0,45,16.3,1,2026-08-31,15.4,1602.0
CUST102465,2024-12-05,33,Tier 1,Standard,Personal Loan,691,1069.0,2.5,2983.0,3,0,34,22.0,0,,22.0,0.0
CUST102466,2023-11-15,32,Tier 2,Standard,Credit Card,671,832.0,7.3,1725.0,1,0,17,34.9,0,,34.9,0.0
CUST102467,2025-09-10,38,Tier 1,Premium,Personal Loan,746,1774.0,11.6,2727.0,1,0,14,12.7,1,2026-02-02,4.8,31932.0
CUST102468,2026-01-31,28,Tier 1,Standard,Insurance,781,468.0,8.8,2805.0,0,0,4,7.9,0,,7.9,0.0
CUST102469,2026-06-24,44,Tier 3,Standard,BNPL,675,335.0,10.4,1510.0,1,0,27,3.1,0,,3.1,0.0
CUST102470,2023-09-27,25,Tier 3,Standard,BNPL,657,352.0,6.6,3422.0,1,0,1,36.5,0,,36.5,0.0
CUST102471,2026-01-02,37,Tier 2,Basic,BNPL,463,169.0,7.2,3216.0,3,1,38,8.9,1,2026-04-22,3.7,3042.0
CUST102472,2025-10-19,43,Tier 2,Basic,Credit Card,724,302.0,12.7,1715.0,2,0,44,11.4,0,,11.4,0.0
CUST102473,2025-10-17,21,Tier 1,Basic,Insurance,653,173.0,7.0,927.0,2,0,120,11.5,1,2026-08-26,10.4,3114.0
CUST102474,2025-03-16,29,Tier 1,Standard,BNPL,647,521.0,6.9,2040.0,2,0,11,18.6,0,,18.6,0.0
CUST102475,2026-09-21,41,Tier 1,Basic,Insurance,612,256.0,5.2,2111.0,1,0,4,0.2,0,,0.2,0.0
CUST102476,2026-07-14,41,Tier 2,Premium,Credit Card,801,1258.0,6.2,1658.0,0,0,4,2.5,0,,2.5,0.0
CUST102477,2025-11-02,30,Tier 2,Basic,Personal Loan,579,271.0,9.7,1777.0,2,1,19,10.9,1,2026-07-01,8.0,4878.0
CUST102478,2024-11-19,26,Tier 1,Premium,Credit Card,731,1433.0,6.7,2947.0,0,0,15,22.5,0,,22.5,0.0
CUST102479,2025-10-15,39,Tier 3,Basic,Personal Loan,447,272.0,5.6,3641.0,1,1,7,11.5,0,,11.5,0.0
CUST102480,2026-04-19,41,Tier 1,Standard,Credit Card,593,783.0,3.5,2904.0,1,3,4,5.3,0,,5.3,0.0
CUST102481,2026-05-15,22,Tier 3,Basic,Credit Card,576,194.0,5.9,3327.0,1,0,9,4.5,1,2026-07-02,1.6,3492.0
CUST102482,2025-08-21,22,Tier 2,Basic,Credit Card,662,277.0,3.6,2205.0,0,2,9,13.4,1,2026-04-02,7.5,4986.0
CUST102483,2025-08-17,33,Tier 1,Premium,Personal Loan,781,1797.0,11.5,817.0,0,0,26,13.5,0,,13.5,0.0
CUST102484,2025-12-20,37,Tier 3,Standard,Personal Loan,721,772.0,7.8,1704.0,0,1,3,9.3,0,,9.3,0.0
CUST102485,2026-06-15,29,Tier 2,Basic,Credit Card,676,245.0,11.0,1549.0,3,0,19,3.4,1,2026-08-26,2.4,4410.0
CUST102486,2024-08-10,37,Tier 2,Standard,Insurance,562,725.0,8.1,3086.0,1,1,10,25.9,1,2025-11-02,15.0,13050.0
CUST102487,2026-01-29,26,Tier 2,Basic,Credit Card,658,190.0,12.2,309.0,2,0,5,8.0,0,,8.0,0.0
CUST102488,2025-06-15,21,Tier 1,Standard,Credit Card,679,596.0,6.2,2337.0,2,1,2,15.6,0,,15.6,0.0
CUST102489,2026-07-16,28,Tier 2,Standard,BNPL,669,292.0,9.7,2062.0,0,1,48,2.4,0,,2.4,0.0
CUST102490,2026-05-23,32,Tier 3,Standard,Credit Card,791,645.0,10.9,2525.0,3,0,36,4.2,0,,4.2,0.0
CUST102491,2025-01-12,29,Tier 1,Standard,Personal Loan,588,756.0,9.0,1341.0,1,1,54,20.7,0,,20.7,0.0
CUST102492,2026-09-11,22,Tier 1,Basic,Credit Card,629,162.0,8.6,3249.0,0,0,13,0.5,0,,0.5,0.0
CUST102493,2026-02-23,21,Tier 3,Standard,Personal Loan,634,708.0,8.0,2360.0,1,2,15,7.2,0,,7.2,0.0
CUST102494,2026-03-13,27,Tier 1,Standard,Insurance,673,798.0,12.6,1187.0,0,0,6,6.6,1,2026-09-15,6.2,14364.0
CUST102495,2025-08-05,39,Tier 2,Standard,Personal Loan,670,877.0,1.0,1317.0,2,0,10,13.9,1,2026-02-02,6.0,15786.0
CUST102496,2026-06-19,42,Tier 2,Standard,Credit Card,652,678.0,7.4,1813.0,1,1,32,3.3,1,2026-07-30,1.4,12204.0
CUST102497,2026-07-14,41,Tier 2,Basic,Personal Loan,698,311.0,7.6,2681.0,5,0,23,2.5,0,,2.5,0.0
CUST102498,2024-08-06,25,Tier 2,Basic,Personal Loan,600,322.0,4.4,1516.0,2,2,4,26.0,1,2024-08-28,0.7,5796.0
CUST102499,2026-01-15,22,Tier 1,Standard,BNPL,675,334.0,4.0,2745.0,2,0,0,8.5,1,2026-01-21,0.2,6012.0
CUST102500,2026-08-24,35,Tier 1,Basic,Personal Loan,685,351.0,5.8,2160.0,1,1,9,1.1,1,2026-09-21,0.9,6318.0
CUST102501,2026-07-24,37,Tier 2,Basic,Personal Loan,596,330.0,11.8,3538.0,3,1,7,2.1,1,2026-09-16,1.8,5940.0
CUST102502,2023-09-27,35,Tier 2,Standard,Credit Card,617,498.0,6.0,1672.0,3,1,32,36.5,0,,36.5,0.0
CUST102503,2026-07-23,21,Tier 2,Basic,Personal Loan,567,338.0,0.0,2150.0,1,1,38,2.2,1,2026-08-29,1.2,6084.0
CUST102504,2025-12-18,25,Tier 2,Standard,Personal Loan,697,525.0,2.1,2990.0,0,0,36,9.4,0,,9.4,0.0
CUST102505,2026-04-16,31,Tier 1,Premium,BNPL,721,956.0,6.0,1442.0,0,1,5,5.4,0,,5.4,0.0
CUST102506,2024-12-15,35,Tier 1,Basic,BNPL,559,80.0,14.4,1370.0,2,2,31,21.7,1,2025-07-04,6.7,1440.0
CUST102507,2025-07-31,38,Tier 3,Standard,Insurance,563,573.0,6.0,1157.0,1,1,11,14.1,0,,14.1,0.0
CUST102508,2025-12-28,33,Tier 2,Basic,BNPL,556,90.0,6.3,2728.0,1,0,9,9.1,1,2026-01-13,0.5,1620.0
CUST102509,2026-09-21,34,Tier 1,Basic,BNPL,659,150.0,4.1,899.0,4,2,35,0.2,1,2026-09-26,0.2,2700.0
CUST102510,2024-12-30,32,Tier 1,Premium,Personal Loan,752,1982.0,4.5,2458.0,0,0,5,21.2,0,,21.2,0.0
CUST102511,2026-04-03,37,Tier 1,Basic,BNPL,575,225.0,10.7,1572.0,5,0,10,5.9,1,2026-04-23,0.7,4050.0
CUST102512,2024-07-14,34,Tier 1,Standard,BNPL,678,190.0,6.2,1576.0,2,0,56,26.8,0,,26.8,0.0
CUST102513,2026-03-05,32,Tier 3,Standard,BNPL,649,517.0,8.5,499.0,0,1,2,6.8,0,,6.8,0.0
CUST102514,2025-10-06,29,Tier 3,Basic,Credit Card,558,257.0,7.4,2108.0,4,1,52,11.8,1,2026-05-20,7.5,4626.0
CUST102515,2026-09-05,32,Tier 3,Basic,Personal Loan,662,302.0,1.8,1528.0,1,0,28,0.7,0,,0.7,0.0
CUST102516,2025-08-12,35,Tier 3,Premium,BNPL,772,1053.0,9.3,2005.0,0,0,14,13.7,0,,13.7,0.0
CUST102517,2026-05-26,34,Tier 3,Standard,BNPL,730,359.0,4.8,2016.0,1,0,2,4.1,1,2026-06-17,0.7,6462.0
CUST102518,2026-05-20,35,Tier 2,Basic,Insurance,639,261.0,3.8,3756.0,2,0,17,4.3,0,,4.3,0.0
CUST102519,2026-08-20,42,Tier 1,Basic,Personal Loan,677,275.0,3.5,1376.0,1,0,56,1.2,0,,1.2,0.0
CUST102520,2026-08-10,34,Tier 3,Basic,Personal Loan,650,293.0,13.2,2654.0,0,0,59,1.6,0,,1.6,0.0
CUST102521,2026-07-27,26,Tier 1,Premium,Personal Loan,720,2084.0,3.2,1890.0,0,0,16,2.0,0,,2.0,0.0
CUST102522,2026-05-30,39,Tier 1,Standard,BNPL,767,583.0,9.7,2725.0,0,0,27,4.0,0,,4.0,0.0
CUST102523,2024-11-28,21,Tier 1,Standard,Personal Loan,663,840.0,9.1,2034.0,1,0,9,22.2,0,,22.2,0.0
CUST102524,2026-05-12,23,Tier 2,Basic,Personal Loan,574,186.0,8.5,3799.0,3,0,44,4.6,0,,4.6,0.0
CUST102525,2025-09-05,34,Tier 1,Standard,Insurance,749,559.0,11.0,2146.0,0,0,2,12.9,0,,12.9,0.0
CUST102526,2026-09-01,36,Tier 1,Standard,Personal Loan,664,849.0,11.0,2291.0,0,0,4,0.8,0,,0.8,0.0
CUST102527,2026-01-01,22,Tier 2,Basic,BNPL,624,138.0,11.4,3270.0,0,0,27,8.9,0,,8.9,0.0
CUST102528,2026-03-13,28,Tier 3,Premium,Credit Card,707,1494.0,5.5,1877.0,0,0,8,6.6,1,2026-04-13,1.0,26892.0
CUST102529,2023-09-27,27,Tier 2,Basic,BNPL,627,126.0,6.8,3129.0,2,2,22,36.5,1,2024-05-07,7.4,2268.0
CUST102530,2025-03-14,28,Tier 3,Basic,Credit Card,564,292.0,13.2,3274.0,4,1,46,18.7,1,2026-08-23,17.6,5256.0
CUST102531,2026-03-29,39,Tier 1,Basic,Insurance,553,167.0,10.0,1701.0,1,1,29,6.0,0,,6.0,0.0
CUST102532,2025-07-06,37,Tier 1,Standard,Insurance,631,746.0,8.4,2925.0,3,0,1,14.9,1,2025-09-14,2.3,13428.0
CUST102533,2026-07-24,31,Tier 2,Premium,Personal Loan,779,2254.0,5.9,1336.0,0,0,22,2.1,0,,2.1,0.0
CUST102534,2026-01-22,27,Tier 2,Basic,Personal Loan,579,279.0,5.7,2389.0,2,2,35,8.2,1,2026-02-20,1.0,5022.0
CUST102535,2026-09-03,21,Tier 2,Basic,Personal Loan,742,279.0,2.4,1610.0,1,0,79,0.8,1,2026-09-08,0.2,5022.0
CUST102536,2026-05-21,43,Tier 3,Basic,BNPL,595,171.0,16.9,2139.0,2,2,20,4.3,1,2026-06-29,1.3,3078.0
CUST102537,2026-07-12,36,Tier 3,Premium,BNPL,804,508.0,9.4,2817.0,0,0,0,2.5,0,,2.5,0.0
CUST102538,2025-09-11,26,Tier 3,Basic,Credit Card,693,225.0,4.8,3213.0,1,0,50,12.7,0,,12.7,0.0
CUST102539,2026-03-08,37,Tier 1,Basic,Credit Card,591,305.0,6.2,100.0,2,2,29,6.7,1,2026-05-15,2.3,5490.0
CUST102540,2025-08-05,31,Tier 1,Basic,Personal Loan,673,362.0,8.3,1415.0,1,2,1,13.9,1,2026-04-15,8.4,6516.0
CUST102541,2026-02-21,29,Tier 2,Basic,BNPL,674,249.0,8.1,3421.0,1,0,30,7.2,1,2026-08-17,5.9,4482.0
CUST102542,2026-08-30,35,Tier 1,Basic,Insurance,677,234.0,11.3,2200.0,1,2,94,0.9,1,2026-09-04,0.2,4212.0
CUST102543,2025-08-24,26,Tier 1,Basic,Personal Loan,643,294.0,6.2,2171.0,1,0,8,13.3,0,,13.3,0.0
CUST102544,2025-04-07,29,Tier 1,Premium,Credit Card,756,1414.0,6.8,3093.0,0,1,3,17.9,1,2026-08-22,16.7,25452.0
CUST102545,2024-10-25,32,Tier 1,Standard,Personal Loan,767,825.0,3.8,100.0,2,0,21,23.4,0,,23.4,0.0
CUST102546,2026-01-15,28,Tier 1,Premium,Credit Card,741,1362.0,9.1,1304.0,0,1,17,8.5,0,,8.5,0.0
CUST102547,2025-08-02,37,Tier 1,Standard,Credit Card,706,647.0,7.3,3091.0,1,0,21,14.0,0,,14.0,0.0
CUST102548,2025-08-04,46,Tier 2,Standard,Personal Loan,680,724.0,8.5,687.0,1,2,22,13.9,0,,13.9,0.0
CUST102549,2026-08-07,25,Tier 2,Premium,Credit Card,766,1479.0,12.6,2232.0,0,0,4,1.7,0,,1.7,0.0
CUST102550,2026-08-04,21,Tier 2,Standard,Credit Card,714,467.0,11.4,345.0,1,0,0,1.8,0,,1.8,0.0
CUST102551,2026-09-04,21,Tier 2,Premium,Credit Card,762,1199.0,1.3,1715.0,1,0,18,0.7,1,2026-09-21,0.6,21582.0
CUST102552,2026-06-03,30,Tier 1,Basic,Credit Card,702,244.0,5.2,3215.0,1,0,187,3.8,1,2026-08-07,2.2,4392.0
CUST102553,2026-03-18,26,Tier 1,Basic,Personal Loan,642,212.0,11.8,525.0,1,1,70,6.4,1,2026-08-31,5.5,3816.0
CUST102554,2023-09-27,33,Tier 1,Premium,BNPL,769,1055.0,4.5,1912.0,0,0,5,36.5,0,,36.5,0.0
CUST102555,2026-04-10,33,Tier 3,Basic,BNPL,722,50.0,11.8,2998.0,6,0,15,5.6,0,,5.6,0.0
CUST102556,2025-09-03,21,Tier 2,Standard,Credit Card,693,737.0,10.6,1423.0,1,0,64,12.9,1,2026-01-28,4.9,13266.0
CUST102557,2025-10-07,21,Tier 1,Standard,Personal Loan,676,677.0,10.8,2495.0,1,0,89,11.8,1,2026-09-14,11.4,12186.0
CUST102558,2026-07-20,34,Tier 1,Premium,BNPL,658,727.0,10.6,3834.0,0,1,9,2.3,0,,2.3,0.0
CUST102559,2026-09-08,33,Tier 3,Standard,Insurance,613,652.0,9.0,2854.0,0,1,14,0.6,0,,0.6,0.0
CUST102560,2026-02-02,28,Tier 2,Basic,Personal Loan,522,435.0,13.6,2390.0,1,1,25,7.9,0,,7.9,0.0
CUST102561,2025-09-30,21,Tier 3,Basic,Credit Card,640,256.0,15.8,3644.0,4,0,8,12.0,0,,12.0,0.0
CUST102562,2023-09-27,35,Tier 1,Premium,Personal Loan,717,1265.0,7.8,2332.0,0,0,13,36.5,0,,36.5,0.0
CUST102563,2026-05-16,42,Tier 1,Premium,Credit Card,726,1667.0,15.1,2080.0,1,0,2,4.4,0,,4.4,0.0
CUST102564,2024-11-15,34,Tier 3,Standard,Personal Loan,666,815.0,7.0,1250.0,0,0,5,22.7,1,2025-11-16,12.2,14670.0
CUST102565,2026-05-05,25,Tier 2,Standard,Credit Card,711,659.0,11.2,2965.0,0,0,22,4.8,0,,4.8,0.0
CUST102566,2025-10-11,32,Tier 2,Standard,BNPL,673,463.0,13.0,4039.0,1,0,41,11.7,1,2026-03-20,5.3,8334.0
CUST102567,2025-12-27,21,Tier 2,Standard,Credit Card,725,361.0,10.8,278.0,1,0,22,9.1,0,,9.1,0.0
CUST102568,2026-09-10,40,Tier 2,Basic,Credit Card,636,250.0,4.7,1443.0,0,2,23,0.5,1,2026-09-19,0.3,4500.0
CUST102569,2026-09-02,32,Tier 2,Basic,Credit Card,563,230.0,2.9,2124.0,0,0,42,0.8,0,,0.8,0.0
CUST102570,2026-09-20,21,Tier 1,Standard,Credit Card,699,809.0,3.3,1413.0,1,0,12,0.2,0,,0.2,0.0
CUST102571,2026-05-10,29,Tier 1,Basic,Personal Loan,654,361.0,1.9,2919.0,2,0,37,4.6,0,,4.6,0.0
CUST102572,2025-08-12,35,Tier 3,Standard,Personal Loan,636,633.0,3.6,2756.0,0,1,30,13.7,0,,13.7,0.0
CUST102573,2026-08-01,29,Tier 1,Standard,BNPL,614,554.0,5.1,2563.0,0,0,0,1.9,0,,1.9,0.0
CUST102574,2025-12-21,29,Tier 2,Standard,Personal Loan,672,903.0,4.5,3853.0,1,0,5,9.3,0,,9.3,0.0
CUST102575,2026-06-16,22,Tier 2,Basic,BNPL,530,73.0,12.5,2491.0,2,2,43,3.4,1,2026-07-12,0.9,1314.0
CUST102576,2025-06-05,36,Tier 3,Basic,Insurance,580,228.0,6.1,1716.0,2,1,18,15.9,0,,15.9,0.0
CUST102577,2025-06-03,26,Tier 2,Basic,Personal Loan,500,377.0,12.7,1166.0,6,3,26,16.0,1,2025-06-15,0.4,6786.0
CUST102578,2025-07-05,21,Tier 2,Standard,Credit Card,653,492.0,6.4,2630.0,1,3,23,14.9,1,2026-09-22,14.8,8856.0
CUST102579,2026-02-15,29,Tier 3,Basic,Credit Card,713,319.0,11.0,1190.0,2,0,26,7.4,0,,7.4,0.0
CUST102580,2026-06-18,39,Tier 3,Premium,BNPL,766,416.0,4.4,2868.0,0,1,18,3.3,0,,3.3,0.0
CUST102581,2025-05-17,28,Tier 2,Basic,Insurance,606,185.0,10.2,1769.0,2,1,17,16.6,0,,16.6,0.0
CUST102582,2026-07-27,45,Tier 2,Standard,BNPL,696,267.0,1.5,362.0,0,0,24,2.0,0,,2.0,0.0
CUST102583,2026-06-16,35,Tier 1,Standard,Personal Loan,644,1024.0,11.1,3114.0,2,2,11,3.4,1,2026-07-14,0.9,18432.0
CUST102584,2026-07-28,34,Tier 2,Standard,BNPL,649,326.0,4.1,2713.0,1,2,15,2.0,0,,2.0,0.0
CUST102585,2025-10-25,30,Tier 3,Basic,Credit Card,750,192.0,4.4,2918.0,3,2,4,11.2,0,,11.2,0.0
CUST102586,2025-10-14,31,Tier 3,Premium,Credit Card,767,1525.0,3.4,802.0,0,0,18,11.6,0,,11.6,0.0
CUST102587,2025-11-13,29,Tier 1,Basic,Personal Loan,668,358.0,5.2,3399.0,0,0,13,10.6,0,,10.6,0.0
CUST102588,2026-04-18,29,Tier 2,Standard,Personal Loan,732,932.0,0.0,3872.0,1,0,7,5.4,0,,5.4,0.0
CUST102589,2026-08-26,36,Tier 2,Basic,BNPL,646,136.0,4.1,1321.0,2,1,3,1.0,0,,1.0,0.0
CUST102590,2024-09-30,24,Tier 3,Basic,Credit Card,584,263.0,9.7,2553.0,2,2,25,24.2,1,2025-06-29,9.1,4734.0
CUST102591,2026-02-26,23,Tier 2,Basic,Credit Card,557,217.0,8.4,1848.0,3,0,19,7.1,0,,7.1,0.0
CUST102592,2026-04-23,23,Tier 2,Standard,Credit Card,687,868.0,13.6,1830.0,0,0,2,5.2,0,,5.2,0.0
CUST102593,2026-01-03,48,Tier 1,Standard,BNPL,644,539.0,4.2,2445.0,1,0,28,8.9,0,,8.9,0.0
CUST102594,2026-07-24,36,Tier 2,Premium,BNPL,785,1143.0,10.4,1670.0,1,0,1,2.1,0,,2.1,0.0
CUST102595,2026-08-15,34,Tier 1,Basic,Personal Loan,651,365.0,13.5,2045.0,2,1,5,1.4,1,2026-09-12,0.9,6570.0
CUST102596,2026-04-23,23,Tier 3,Standard,Personal Loan,680,913.0,7.1,3983.0,1,0,12,5.2,0,,5.2,0.0
CUST102597,2026-07-11,36,Tier 3,Standard,Personal Loan,748,683.0,13.1,1042.0,0,1,9,2.6,0,,2.6,0.0
CUST102598,2026-07-04,31,Tier 2,Standard,Insurance,694,667.0,4.9,2504.0,2,0,6,2.8,1,2026-07-09,0.2,12006.0
CUST102599,2024-11-26,33,Tier 2,Premium,Credit Card,770,1432.0,17.1,4267.0,0,0,8,22.3,0,,22.3,0.0
CUST102600,2026-02-12,24,Tier 3,Basic,Credit Card,615,313.0,10.6,2246.0,3,1,26,7.5,1,2026-05-31,3.6,5634.0
CUST102601,2026-03-12,33,Tier 1,Premium,Credit Card,707,1626.0,10.8,2846.0,2,1,6,6.6,1,2026-08-19,5.3,29268.0
CUST102602,2025-10-11,28,Tier 1,Basic,Credit Card,539,278.0,10.3,1518.0,2,2,52,11.7,1,2026-02-28,4.7,5004.0
CUST102603,2024-04-01,25,Tier 3,Standard,BNPL,709,171.0,9.0,1413.0,0,2,14,30.3,0,,30.3,0.0
CUST102604,2026-08-22,37,Tier 3,Premium,Credit Card,817,1375.0,7.9,994.0,0,0,39,1.2,0,,1.2,0.0
CUST102605,2025-04-07,21,Tier 3,Standard,Personal Loan,642,772.0,9.1,2283.0,0,0,32,17.9,1,2025-12-26,8.8,13896.0
CUST102606,2026-01-06,36,Tier 1,Premium,Personal Loan,810,1891.0,7.6,3849.0,0,0,1,8.8,0,,8.8,0.0
CUST102607,2026-08-10,37,Tier 1,Standard,Credit Card,731,596.0,2.3,2773.0,0,0,6,1.6,0,,1.6,0.0
CUST102608,2026-06-13,24,Tier 1,Basic,Insurance,528,211.0,4.7,2354.0,2,0,27,3.5,0,,3.5,0.0
CUST102609,2026-03-13,25,Tier 1,Premium,Credit Card,709,1529.0,8.8,1827.0,0,0,6,6.6,0,,6.6,0.0
CUST102610,2025-10-09,30,Tier 3,Basic,BNPL,562,128.0,8.1,1757.0,2,2,2,11.7,0,,11.7,0.0
CUST102611,2026-07-05,34,Tier 1,Premium,BNPL,773,874.0,0.1,1448.0,0,0,8,2.8,0,,2.8,0.0
CUST102612,2026-02-09,30,Tier 2,Standard,Personal Loan,795,647.0,13.9,1556.0,1,0,19,7.6,0,,7.6,0.0
CUST102613,2025-10-15,35,Tier 1,Basic,Personal Loan,729,283.0,5.5,2657.0,0,0,22,11.5,0,,11.5,0.0
CUST102614,2026-04-01,46,Tier 1,Standard,Personal Loan,640,930.0,5.3,4388.0,0,0,40,5.9,1,2026-06-25,2.8,16740.0
CUST102615,2025-02-07,27,Tier 3,Premium,BNPL,736,496.0,9.6,2977.0,0,0,8,19.9,0,,19.9,0.0
CUST102616,2025-01-24,21,Tier 1,Standard,Personal Loan,620,1007.0,8.0,1737.0,1,1,31,20.3,1,2025-05-24,4.0,18126.0
CUST102617,2026-03-20,38,Tier 1,Standard,Credit Card,688,777.0,5.5,1511.0,2,0,18,6.3,0,,6.3,0.0
CUST102618,2023-10-10,45,Tier 1,Basic,Credit Card,752,237.0,6.6,1449.0,0,0,84,36.1,0,,36.1,0.0
CUST102619,2026-09-03,35,Tier 1,Standard,BNPL,723,780.0,12.3,4260.0,0,0,5,0.8,0,,0.8,0.0
CUST102620,2026-09-21,23,Tier 2,Basic,Personal Loan,632,387.0,8.5,3022.0,2,1,62,0.2,1,2026-09-26,0.2,6966.0
CUST102621,2026-05-06,31,Tier 1,Basic,Credit Card,628,203.0,5.5,2571.0,2,0,21,4.8,0,,4.8,0.0
CUST102622,2025-12-25,23,Tier 2,Standard,Credit Card,675,747.0,2.8,3231.0,0,0,24,9.2,0,,9.2,0.0
CUST102623,2025-12-03,37,Tier 3,Basic,Credit Card,599,253.0,12.5,2835.0,1,2,29,9.9,0,,9.9,0.0
CUST102624,2026-03-16,21,Tier 2,Standard,BNPL,627,289.0,6.1,246.0,0,1,2,6.5,0,,6.5,0.0
CUST102625,2026-08-17,29,Tier 1,Basic,Personal Loan,563,272.0,8.4,1266.0,2,3,20,1.3,1,2026-09-01,0.5,4896.0
CUST102626,2026-08-01,23,Tier 2,Premium,BNPL,765,1119.0,8.0,3241.0,0,0,11,1.9,1,2026-09-15,1.5,20142.0
CUST102627,2025-03-02,33,Tier 1,Basic,BNPL,702,120.0,5.1,4158.0,1,0,80,19.1,1,2026-09-03,18.3,2160.0
CUST102628,2025-01-27,29,Tier 2,Standard,Credit Card,674,637.0,3.1,3407.0,1,0,5,20.2,1,2025-06-28,5.1,11466.0
CUST102629,2025-10-25,33,Tier 2,Standard,BNPL,709,270.0,8.1,2163.0,0,0,9,11.2,0,,11.2,0.0
CUST102630,2025-11-03,32,Tier 1,Basic,Credit Card,732,213.0,4.8,2672.0,1,1,16,10.9,0,,10.9,0.0
CUST102631,2025-12-27,24,Tier 3,Basic,Personal Loan,566,319.0,8.9,1350.0,0,1,26,9.1,1,2026-05-27,5.0,5742.0
CUST102632,2026-07-20,37,Tier 3,Premium,BNPL,802,949.0,7.2,2595.0,0,0,20,2.3,0,,2.3,0.0
CUST102633,2026-04-12,31,Tier 3,Standard,Credit Card,659,314.0,2.5,2437.0,0,0,10,5.6,0,,5.6,0.0
CUST102634,2025-10-04,24,Tier 1,Basic,Credit Card,615,251.0,4.3,2211.0,2,1,6,11.9,0,,11.9,0.0
CUST102635,2026-02-07,49,Tier 2,Basic,Credit Card,593,213.0,10.1,2813.0,3,0,25,7.7,1,2026-06-03,3.9,3834.0
CUST102636,2026-09-21,35,Tier 3,Basic,Insurance,594,295.0,6.5,2350.0,3,1,1,0.2,1,2026-09-26,0.2,5310.0
CUST102637,2024-03-20,30,Tier 1,Basic,Credit Card,691,397.0,10.9,100.0,0,0,15,30.7,0,,30.7,0.0
CUST102638,2025-03-17,43,Tier 3,Basic,Personal Loan,541,307.0,10.1,1660.0,1,1,25,18.6,0,,18.6,0.0
CUST102639,2026-06-28,46,Tier 1,Basic,Credit Card,647,164.0,8.5,1594.0,1,0,26,3.0,1,2026-08-30,2.1,2952.0
CUST102640,2025-12-13,30,Tier 1,Standard,BNPL,710,405.0,5.1,2068.0,1,1,34,9.6,0,,9.6,0.0
CUST102641,2024-08-17,34,Tier 3,Premium,BNPL,845,782.0,6.0,2482.0,1,0,16,25.7,0,,25.7,0.0
CUST102642,2026-08-27,24,Tier 3,Basic,Credit Card,663,349.0,3.9,2582.0,4,1,12,1.0,0,,1.0,0.0
CUST102643,2026-03-01,30,Tier 3,Basic,BNPL,611,233.0,6.1,2011.0,3,0,13,7.0,0,,7.0,0.0
CUST102644,2026-03-28,30,Tier 3,Premium,Personal Loan,790,2062.0,5.0,2097.0,2,0,40,6.1,0,,6.1,0.0
CUST102645,2026-04-21,33,Tier 1,Standard,Credit Card,738,574.0,12.8,100.0,1,0,10,5.3,0,,5.3,0.0
CUST102646,2025-04-03,34,Tier 1,Basic,BNPL,673,184.0,8.0,3161.0,4,0,5,18.0,0,,18.0,0.0
CUST102647,2026-05-06,36,Tier 3,Standard,BNPL,692,424.0,10.1,2358.0,1,1,21,4.8,0,,4.8,0.0
CUST102648,2026-09-07,33,Tier 1,Standard,BNPL,678,421.0,6.2,2047.0,0,0,6,0.6,0,,0.6,0.0
CUST102649,2026-09-06,22,Tier 2,Standard,BNPL,721,187.0,6.0,1931.0,0,0,18,0.7,1,2026-09-19,0.4,3366.0
CUST102650,2026-09-13,24,Tier 2,Standard,Personal Loan,637,983.0,7.3,865.0,1,0,34,0.4,1,2026-09-20,0.2,17694.0
CUST102651,2026-04-22,27,Tier 1,Standard,BNPL,632,404.0,14.1,3977.0,2,0,4,5.2,1,2026-09-26,5.2,7272.0
CUST102652,2025-09-11,29,Tier 1,Standard,Credit Card,666,637.0,0.6,1617.0,2,2,12,12.7,1,2026-02-18,5.3,11466.0
CUST102653,2026-07-20,40,Tier 2,Premium,Personal Loan,771,1652.0,5.7,770.0,0,0,5,2.3,0,,2.3,0.0
CUST102654,2025-11-19,22,Tier 3,Basic,Personal Loan,628,285.0,10.4,2040.0,5,0,200,10.4,1,2026-09-18,10.1,5130.0
CUST102655,2025-10-13,29,Tier 2,Standard,Credit Card,655,691.0,10.0,2231.0,0,0,25,11.6,0,,11.6,0.0
CUST102656,2026-06-30,39,Tier 2,Basic,Personal Loan,693,238.0,12.2,3214.0,0,2,3,2.9,0,,2.9,0.0
CUST102657,2025-12-25,29,Tier 2,Basic,Credit Card,528,289.0,6.1,2070.0,2,2,9,9.2,1,2026-04-17,3.8,5202.0
CUST102658,2025-10-15,35,Tier 1,Standard,Personal Loan,639,708.0,8.5,1969.0,1,2,3,11.5,0,,11.5,0.0
CUST102659,2026-03-22,30,Tier 1,Basic,Personal Loan,599,222.0,7.2,1511.0,3,1,1,6.3,0,,6.3,0.0
CUST102660,2026-05-26,34,Tier 2,Standard,Credit Card,771,887.0,8.3,853.0,3,0,8,4.1,1,2026-06-13,0.6,15966.0
CUST102661,2025-12-11,30,Tier 1,Basic,Credit Card,615,207.0,6.4,1007.0,0,1,14,9.6,0,,9.6,0.0
CUST102662,2023-09-27,37,Tier 1,Standard,Credit Card,788,556.0,7.8,2698.0,0,0,5,36.5,0,,36.5,0.0
CUST102663,2026-04-13,21,Tier 2,Basic,BNPL,459,207.0,7.2,2611.0,3,1,28,5.5,1,2026-05-13,1.0,3726.0
CUST102664,2026-04-30,29,Tier 2,Basic,BNPL,554,243.0,16.1,3069.0,0,0,9,5.0,0,,5.0,0.0
CUST102665,2026-03-23,34,Tier 1,Standard,BNPL,662,191.0,3.8,2046.0,1,0,57,6.2,1,2026-08-27,5.2,3438.0
CUST102666,2026-09-03,36,Tier 2,Premium,Credit Card,746,1132.0,8.8,3560.0,0,0,13,0.8,0,,0.8,0.0
CUST102667,2026-01-28,43,Tier 2,Basic,BNPL,571,106.0,6.2,1369.0,3,1,5,8.0,1,2026-09-12,7.6,1908.0
CUST102668,2026-05-30,28,Tier 1,Basic,Personal Loan,676,372.0,10.2,1806.0,4,0,11,4.0,1,2026-07-30,2.0,6696.0
CUST102669,2026-08-19,43,Tier 3,Standard,Personal Loan,684,1058.0,7.3,2105.0,0,0,81,1.3,1,2026-09-23,1.2,19044.0
CUST102670,2026-03-22,26,Tier 1,Basic,Credit Card,577,196.0,13.2,2097.0,2,0,8,6.3,1,2026-08-27,5.3,3528.0
CUST102671,2026-09-21,42,Tier 3,Standard,BNPL,670,574.0,5.9,1459.0,1,2,2,0.2,1,2026-09-26,0.2,10332.0
CUST102672,2026-04-25,38,Tier 1,Basic,Personal Loan,570,290.0,3.9,1306.0,3,1,9,5.1,1,2026-09-18,4.9,5220.0
CUST102673,2026-08-24,24,Tier 3,Standard,Personal Loan,735,889.0,15.0,100.0,1,0,25,1.1,1,2026-08-30,0.2,16002.0
CUST102674,2026-09-19,34,Tier 1,Basic,Personal Loan,669,261.0,5.2,3611.0,1,0,26,0.2,0,,0.2,0.0
CUST102675,2025-04-23,31,Tier 3,Standard,BNPL,745,374.0,8.8,2215.0,0,0,1,17.4,0,,17.4,0.0
CUST102676,2024-09-13,37,Tier 1,Standard,Credit Card,591,636.0,6.6,1875.0,1,0,9,24.8,0,,24.8,0.0
CUST102677,2026-07-19,30,Tier 2,Premium,Personal Loan,767,1732.0,7.8,1486.0,0,0,1,2.3,0,,2.3,0.0
CUST102678,2026-02-06,29,Tier 2,Premium,Credit Card,814,1508.0,13.1,2283.0,0,0,3,7.7,0,,7.7,0.0
CUST102679,2026-06-21,42,Tier 1,Standard,Credit Card,703,519.0,9.2,2057.0,1,0,4,3.2,1,2026-09-03,2.5,9342.0
CUST102680,2026-03-06,31,Tier 3,Standard,BNPL,614,275.0,11.7,3758.0,0,2,5,6.8,1,2026-05-13,2.3,4950.0
CUST102681,2026-04-07,38,Tier 1,Basic,Personal Loan,522,347.0,8.1,1763.0,2,0,53,5.7,1,2026-09-12,5.3,6246.0
CUST102682,2026-06-24,30,Tier 3,Premium,BNPL,758,1216.0,5.3,1917.0,0,0,15,3.1,0,,3.1,0.0
CUST102683,2025-09-30,45,Tier 1,Standard,Credit Card,767,647.0,3.1,2888.0,0,0,26,12.0,0,,12.0,0.0
CUST102684,2026-08-17,26,Tier 2,Standard,BNPL,702,455.0,6.7,2797.0,1,0,23,1.3,0,,1.3,0.0
CUST102685,2026-09-10,27,Tier 2,Premium,Personal Loan,724,2032.0,8.5,1116.0,2,0,3,0.5,0,,0.5,0.0
CUST102686,2025-07-16,44,Tier 1,Premium,Credit Card,695,1633.0,8.5,2679.0,0,0,6,14.6,0,,14.6,0.0
CUST102687,2025-11-02,28,Tier 1,Standard,Credit Card,638,526.0,6.0,3290.0,0,1,12,10.9,0,,10.9,0.0
CUST102688,2026-03-03,44,Tier 3,Standard,Credit Card,667,549.0,9.0,3500.0,0,0,15,6.9,0,,6.9,0.0
CUST102689,2026-03-21,39,Tier 3,Standard,Personal Loan,665,755.0,4.2,1092.0,1,0,39,6.3,0,,6.3,0.0
CUST102690,2026-03-04,30,Tier 3,Standard,BNPL,706,641.0,16.4,2170.0,1,0,44,6.9,0,,6.9,0.0
CUST102691,2026-04-07,21,Tier 1,Standard,Personal Loan,732,911.0,9.8,1220.0,4,0,5,5.7,1,2026-09-20,5.5,16398.0
CUST102692,2026-04-30,31,Tier 2,Premium,BNPL,780,970.0,4.2,2973.0,0,1,6,5.0,1,2026-06-28,2.0,17460.0
CUST102693,2026-03-03,32,Tier 1,Standard,BNPL,622,438.0,3.5,2339.0,0,1,3,6.9,0,,6.9,0.0
CUST102694,2026-02-13,41,Tier 1,Basic,Credit Card,495,184.0,12.4,3282.0,1,1,37,7.5,1,2026-07-15,5.1,3312.0
CUST102695,2025-10-08,44,Tier 3,Standard,BNPL,771,642.0,4.0,2681.0,1,1,17,11.8,0,,11.8,0.0
CUST102696,2025-09-19,26,Tier 1,Basic,BNPL,598,174.0,11.7,1382.0,0,0,67,12.4,0,,12.4,0.0
CUST102697,2026-05-07,38,Tier 2,Standard,Credit Card,760,744.0,14.6,2274.0,1,0,15,4.7,0,,4.7,0.0
CUST102698,2026-04-19,38,Tier 2,Basic,BNPL,533,62.0,7.0,1526.0,1,1,53,5.3,1,2026-08-06,3.6,1116.0
CUST102699,2026-05-09,40,Tier 2,Basic,Personal Loan,535,364.0,8.9,1234.0,1,0,13,4.7,1,2026-09-21,4.5,6552.0
CUST102700,2026-02-08,35,Tier 3,Standard,Credit Card,636,604.0,11.4,1739.0,1,1,24,7.7,0,,7.7,0.0
CUST102701,2026-03-29,21,Tier 2,Basic,BNPL,654,84.0,9.1,2373.0,2,0,1,6.0,0,,6.0,0.0
CUST102702,2024-12-04,30,Tier 2,Premium,Credit Card,769,1133.0,13.8,1329.0,0,0,2,22.0,0,,22.0,0.0
CUST102703,2025-10-04,22,Tier 3,Premium,Credit Card,734,1046.0,9.7,2310.0,1,0,6,11.9,0,,11.9,0.0
CUST102704,2024-11-09,30,Tier 2,Basic,Credit Card,672,186.0,9.5,986.0,0,1,76,22.9,0,,22.9,0.0
CUST102705,2025-09-21,39,Tier 1,Basic,BNPL,667,153.0,8.8,490.0,2,1,76,12.3,1,2026-05-29,8.3,2754.0
CUST102706,2023-10-30,34,Tier 1,Premium,Insurance,801,1152.0,9.0,3806.0,0,1,9,35.4,0,,35.4,0.0
CUST102707,2025-11-28,41,Tier 1,Standard,Credit Card,683,693.0,12.2,1833.0,3,0,3,10.1,0,,10.1,0.0
CUST102708,2024-01-07,34,Tier 2,Premium,BNPL,743,1309.0,15.6,2018.0,0,0,11,33.1,0,,33.1,0.0
CUST102709,2026-08-06,21,Tier 3,Standard,Insurance,765,568.0,8.9,1871.0,1,0,4,1.7,0,,1.7,0.0
CUST102710,2026-09-10,21,Tier 1,Basic,Personal Loan,686,213.0,10.8,2659.0,2,1,15,0.5,0,,0.5,0.0
CUST102711,2026-01-10,33,Tier 1,Standard,Personal Loan,741,814.0,4.4,2346.0,0,0,8,8.6,0,,8.6,0.0
CUST102712,2023-09-27,30,Tier 3,Standard,BNPL,663,545.0,7.2,3002.0,2,2,43,36.5,1,2026-04-11,30.9,9810.0
CUST102713,2026-04-17,24,Tier 3,Standard,BNPL,720,379.0,6.8,2453.0,0,0,24,5.4,1,2026-04-29,0.4,6822.0
CUST102714,2026-07-17,21,Tier 2,Premium,BNPL,754,1268.0,6.9,2180.0,0,0,1,2.4,0,,2.4,0.0
CUST102715,2026-02-17,26,Tier 1,Standard,Credit Card,829,709.0,8.6,3110.0,2,0,37,7.4,1,2026-06-17,4.0,12762.0
CUST102716,2025-11-17,30,Tier 1,Basic,Personal Loan,694,233.0,7.1,1865.0,5,0,20,10.4,1,2026-02-22,3.2,4194.0
CUST102717,2026-06-05,37,Tier 1,Basic,Credit Card,492,255.0,7.6,2151.0,1,1,49,3.8,1,2026-09-13,3.3,4590.0
CUST102718,2025-09-15,33,Tier 1,Basic,Personal Loan,647,340.0,11.5,1973.0,3,1,52,12.5,1,2026-08-25,11.5,6120.0
CUST102719,2023-09-27,44,Tier 1,Premium,Personal Loan,759,2122.0,6.9,3432.0,1,0,66,36.5,0,,36.5,0.0
CUST102720,2024-11-14,23,Tier 2,Basic,BNPL,588,241.0,4.3,2501.0,3,0,15,22.7,0,,22.7,0.0
CUST102721,2026-06-15,39,Tier 1,Basic,Personal Loan,575,370.0,7.9,2259.0,1,0,70,3.4,1,2026-08-15,2.0,6660.0
CUST102722,2026-05-31,32,Tier 1,Basic,BNPL,653,172.0,14.6,241.0,3,2,12,3.9,0,,3.9,0.0
CUST102723,2026-05-10,37,Tier 1,Standard,Credit Card,685,738.0,17.3,2522.0,4,0,108,4.6,1,2026-07-27,2.6,13284.0
CUST102724,2026-04-29,28,Tier 2,Standard,Credit Card,648,628.0,12.0,2832.0,1,0,11,5.0,0,,5.0,0.0
CUST102725,2026-08-26,40,Tier 2,Standard,Personal Loan,688,655.0,7.2,3025.0,1,0,22,1.0,0,,1.0,0.0
CUST102726,2025-07-23,34,Tier 2,Premium,Credit Card,745,1412.0,4.9,2018.0,0,0,52,14.3,0,,14.3,0.0
CUST102727,2026-05-13,26,Tier 1,Standard,Personal Loan,692,892.0,13.3,2786.0,2,0,4,4.5,0,,4.5,0.0
CUST102728,2024-12-30,31,Tier 1,Standard,Insurance,653,429.0,11.2,2610.0,0,0,20,21.2,1,2026-01-13,12.6,7722.0
CUST102729,2024-08-03,30,Tier 1,Standard,BNPL,702,562.0,0.0,374.0,2,0,128,26.1,1,2024-10-13,2.4,10116.0
CUST102730,2026-09-19,35,Tier 1,Basic,Credit Card,516,300.0,8.6,3210.0,0,1,101,0.2,1,2026-09-25,0.2,5400.0
CUST102731,2023-09-27,22,Tier 3,Standard,Personal Loan,617,667.0,6.7,2053.0,1,1,5,36.5,0,,36.5,0.0
CUST102732,2025-09-20,31,Tier 3,Premium,Insurance,769,1642.0,6.8,2413.0,0,0,1,12.4,0,,12.4,0.0
CUST102733,2026-02-18,35,Tier 2,Basic,Credit Card,514,235.0,4.9,1639.0,0,1,19,7.3,0,,7.3,0.0
CUST102734,2026-05-01,32,Tier 3,Basic,Personal Loan,658,286.0,6.1,2829.0,4,1,50,4.9,1,2026-07-27,2.9,5148.0
CUST102735,2026-02-19,42,Tier 2,Basic,Credit Card,649,304.0,7.6,2526.0,1,0,55,7.3,1,2026-06-06,3.6,5472.0
CUST102736,2026-06-01,38,Tier 1,Basic,Insurance,628,222.0,4.6,698.0,1,1,33,3.9,0,,3.9,0.0
CUST102737,2025-12-08,31,Tier 3,Standard,Personal Loan,646,1092.0,12.6,1583.0,1,1,19,9.7,0,,9.7,0.0
CUST102738,2026-08-28,33,Tier 1,Basic,Personal Loan,567,282.0,2.1,3476.0,1,2,5,1.0,0,,1.0,0.0
CUST102739,2025-12-09,34,Tier 2,Premium,Insurance,806,775.0,9.3,2918.0,0,0,6,9.7,0,,9.7,0.0
CUST102740,2026-06-22,35,Tier 1,Standard,Personal Loan,717,809.0,6.7,1903.0,0,0,17,3.2,0,,3.2,0.0
CUST102741,2026-09-21,21,Tier 1,Standard,Personal Loan,592,948.0,8.5,1914.0,0,1,23,0.2,0,,0.2,0.0
CUST102742,2026-01-28,29,Tier 2,Standard,Credit Card,725,529.0,2.3,1402.0,1,0,2,8.0,0,,8.0,0.0
CUST102743,2026-01-10,21,Tier 2,Premium,BNPL,714,468.0,12.6,1452.0,0,0,12,8.6,0,,8.6,0.0
CUST102744,2026-04-13,42,Tier 1,Basic,Credit Card,664,261.0,7.3,2381.0,1,0,99,5.5,1,2026-08-25,4.5,4698.0
CUST102745,2026-09-04,31,Tier 1,Basic,Insurance,660,152.0,6.0,3677.0,1,1,54,0.7,0,,0.7,0.0
CUST102746,2024-11-24,30,Tier 1,Standard,BNPL,579,430.0,1.2,1917.0,1,0,20,22.4,1,2026-09-25,22.3,7740.0
CUST102747,2025-12-17,39,Tier 3,Premium,Personal Loan,779,1725.0,6.9,2228.0,0,0,1,9.4,0,,9.4,0.0
CUST102748,2026-08-21,35,Tier 3,Basic,Insurance,625,250.0,6.2,1544.0,0,0,55,1.2,1,2026-09-17,0.9,4500.0
CUST102749,2026-02-24,22,Tier 2,Basic,Credit Card,549,181.0,11.1,2115.0,0,1,38,7.1,0,,7.1,0.0
CUST102750,2026-03-04,31,Tier 1,Standard,Personal Loan,593,1014.0,10.1,2508.0,2,0,16,6.9,0,,6.9,0.0
CUST102751,2026-09-08,29,Tier 3,Basic,Credit Card,594,241.0,8.7,3908.0,4,1,57,0.6,1,2026-09-14,0.2,4338.0
CUST102752,2025-12-20,21,Tier 1,Standard,Credit Card,655,749.0,4.3,3256.0,1,1,22,9.3,0,,9.3,0.0
CUST102753,2025-05-19,26,Tier 1,Standard,Personal Loan,694,970.0,9.2,3256.0,0,0,13,16.5,0,,16.5,0.0
CUST102754,2025-08-08,30,Tier 1,Basic,Personal Loan,670,267.0,7.2,1792.0,3,2,9,13.8,1,2026-01-20,5.5,4806.0
CUST102755,2026-07-20,31,Tier 3,Standard,Credit Card,746,765.0,8.1,1377.0,0,0,14,2.3,0,,2.3,0.0
CUST102756,2025-02-09,21,Tier 1,Standard,BNPL,682,205.0,5.2,2200.0,0,0,3,19.8,0,,19.8,0.0
CUST102757,2026-05-24,41,Tier 1,Basic,Credit Card,699,181.0,10.2,1653.0,1,0,2,4.2,0,,4.2,0.0
CUST102758,2024-05-01,31,Tier 2,Basic,Insurance,600,323.0,6.6,1802.0,2,1,9,29.3,1,2024-06-02,1.1,5814.0
CUST102759,2026-09-04,32,Tier 1,Premium,Personal Loan,766,2131.0,5.7,2448.0,0,0,5,0.7,0,,0.7,0.0
CUST102760,2026-03-11,35,Tier 2,Premium,Personal Loan,766,2401.0,6.4,2777.0,0,0,10,6.6,1,2026-07-24,4.5,43218.0
CUST102761,2025-12-28,25,Tier 2,Premium,Personal Loan,794,1716.0,7.2,3284.0,1,0,7,9.1,0,,9.1,0.0
CUST102762,2026-07-03,35,Tier 2,Basic,Personal Loan,605,330.0,15.1,2663.0,2,2,47,2.8,1,2026-08-29,1.9,5940.0
CUST102763,2025-07-11,29,Tier 1,Standard,Personal Loan,667,914.0,11.2,2334.0,2,0,27,14.7,0,,14.7,0.0
CUST102764,2025-12-05,24,Tier 1,Premium,BNPL,761,837.0,9.1,1467.0,1,0,12,9.8,0,,9.8,0.0
CUST102765,2026-09-21,36,Tier 3,Basic,Insurance,610,188.0,11.5,3290.0,3,2,28,0.2,1,2026-09-26,0.2,3384.0
CUST102766,2025-12-19,43,Tier 3,Standard,Insurance,708,469.0,8.6,2902.0,2,0,22,9.4,1,2026-02-22,2.2,8442.0
CUST102767,2026-03-08,37,Tier 1,Standard,Personal Loan,636,873.0,5.2,1817.0,2,2,76,6.7,1,2026-08-29,5.8,15714.0
CUST102768,2026-07-23,39,Tier 1,Standard,BNPL,686,251.0,7.8,2965.0,0,0,24,2.2,0,,2.2,0.0
CUST102769,2023-09-27,27,Tier 1,Basic,Credit Card,636,195.0,7.5,2301.0,0,3,47,36.5,0,,36.5,0.0
CUST102770,2024-11-13,21,Tier 2,Premium,Personal Loan,779,1930.0,8.2,3221.0,0,0,3,22.7,0,,22.7,0.0
CUST102771,2026-06-15,43,Tier 2,Standard,BNPL,620,378.0,8.6,1986.0,0,0,13,3.4,0,,3.4,0.0
CUST102772,2026-02-05,48,Tier 1,Basic,Credit Card,585,297.0,8.1,2018.0,0,1,20,7.8,0,,7.8,0.0
CUST102773,2026-06-04,44,Tier 2,Standard,Personal Loan,684,790.0,13.2,772.0,2,1,9,3.8,1,2026-08-14,2.4,14220.0
CUST102774,2025-07-05,29,Tier 2,Standard,Credit Card,673,574.0,16.1,1786.0,1,0,12,14.9,0,,14.9,0.0
CUST102775,2024-07-19,22,Tier 3,Standard,Personal Loan,639,900.0,12.5,3698.0,0,1,18,26.6,1,2025-04-05,8.7,16200.0
CUST102776,2026-05-16,23,Tier 1,Premium,BNPL,788,613.0,8.7,4602.0,0,0,10,4.4,0,,4.4,0.0
CUST102777,2025-05-23,21,Tier 1,Standard,Credit Card,688,564.0,14.5,2602.0,3,1,37,16.4,1,2026-08-01,14.5,10152.0
CUST102778,2026-03-04,31,Tier 1,Standard,Insurance,687,505.0,13.6,1756.0,1,1,21,6.9,0,,6.9,0.0
CUST102779,2026-04-28,44,Tier 3,Standard,Personal Loan,738,818.0,12.5,1953.0,3,0,41,5.0,1,2026-08-03,3.2,14724.0
CUST102780,2024-06-12,30,Tier 3,Premium,Credit Card,739,1896.0,7.3,2157.0,0,0,11,27.9,0,,27.9,0.0
CUST102781,2026-02-24,34,Tier 2,Basic,Credit Card,446,181.0,9.5,1903.0,3,2,15,7.1,0,,7.1,0.0
CUST102782,2026-03-21,43,Tier 1,Basic,Credit Card,691,315.0,11.2,2912.0,5,1,35,6.3,0,,6.3,0.0
CUST102783,2025-10-27,28,Tier 1,Basic,Credit Card,727,287.0,7.5,963.0,1,0,46,11.1,0,,11.1,0.0
CUST102784,2026-06-28,48,Tier 1,Basic,BNPL,583,228.0,6.9,2229.0,1,0,41,3.0,1,2026-08-17,1.7,4104.0
CUST102785,2026-06-01,47,Tier 2,Standard,BNPL,599,798.0,8.7,3849.0,0,2,38,3.9,1,2026-07-06,1.2,14364.0
CUST102786,2024-07-12,30,Tier 1,Basic,Insurance,556,297.0,7.3,3140.0,3,0,83,26.9,0,,26.9,0.0
CUST102787,2025-10-21,27,Tier 1,Standard,BNPL,676,510.0,7.8,4042.0,1,0,8,11.3,0,,11.3,0.0
CUST102788,2025-04-19,37,Tier 2,Basic,BNPL,611,84.0,6.2,2083.0,4,0,3,17.5,1,2026-03-03,10.6,1512.0
CUST102789,2026-06-24,29,Tier 1,Basic,Credit Card,608,191.0,3.8,1624.0,4,2,37,3.1,0,,3.1,0.0
CUST102790,2026-02-03,22,Tier 2,Basic,BNPL,679,168.0,8.0,2486.0,3,1,4,7.8,0,,7.8,0.0
CUST102791,2023-10-26,42,Tier 1,Basic,Credit Card,623,165.0,4.9,1513.0,1,0,75,35.5,1,2024-02-14,3.7,2970.0
CUST102792,2026-06-03,41,Tier 3,Standard,Credit Card,641,730.0,7.3,1737.0,2,1,35,3.8,1,2026-09-01,3.0,13140.0
CUST102793,2026-08-05,33,Tier 2,Standard,Credit Card,723,372.0,8.2,2012.0,0,1,25,1.7,0,,1.7,0.0
CUST102794,2026-02-24,21,Tier 3,Standard,Credit Card,717,800.0,9.1,3305.0,0,0,52,7.1,0,,7.1,0.0
CUST102795,2026-05-02,22,Tier 2,Standard,Personal Loan,705,803.0,3.6,3047.0,0,0,44,4.9,0,,4.9,0.0
CUST102796,2026-08-05,32,Tier 3,Premium,Insurance,771,1295.0,8.9,2663.0,1,0,26,1.7,1,2026-09-12,1.3,23310.0
CUST102797,2024-12-07,28,Tier 3,Basic,Credit Card,572,213.0,6.9,2294.0,1,1,47,21.9,1,2025-10-05,10.1,3834.0
CUST102798,2023-09-27,29,Tier 2,Basic,Personal Loan,540,230.0,13.3,3790.0,2,3,16,36.5,1,2024-01-13,3.6,4140.0
CUST102799,2026-01-17,40,Tier 3,Standard,Credit Card,644,811.0,6.6,2597.0,1,0,1,8.4,0,,8.4,0.0
CUST102800,2025-07-06,37,Tier 1,Basic,Personal Loan,671,392.0,13.6,1376.0,0,0,2,14.9,0,,14.9,0.0
CUST102801,2025-02-16,43,Tier 1,Basic,Personal Loan,655,307.0,5.2,2357.0,2,2,55,19.6,1,2025-08-24,6.3,5526.0
CUST102802,2025-09-29,24,Tier 1,Basic,Personal Loan,683,358.0,10.9,1354.0,1,0,7,12.1,0,,12.1,0.0
CUST102803,2026-09-13,29,Tier 2,Basic,Credit Card,561,230.0,5.1,1734.0,2,2,13,0.4,0,,0.4,0.0
CUST102804,2026-08-06,38,Tier 2,Standard,Credit Card,724,688.0,10.2,3446.0,1,1,18,1.7,0,,1.7,0.0
CUST102805,2026-09-04,35,Tier 3,Basic,BNPL,730,188.0,5.4,2479.0,3,0,5,0.7,0,,0.7,0.0
CUST102806,2026-09-21,44,Tier 1,Basic,BNPL,515,178.0,7.1,2304.0,1,1,148,0.2,1,2026-09-26,0.2,3204.0
CUST102807,2026-06-09,35,Tier 2,Standard,Credit Card,603,824.0,12.7,2442.0,0,0,34,3.6,1,2026-08-25,2.6,14832.0
CUST102808,2026-04-30,46,Tier 1,Standard,Credit Card,593,717.0,7.7,2135.0,2,1,18,5.0,0,,5.0,0.0
CUST102809,2026-07-06,36,Tier 2,Basic,Credit Card,662,251.0,8.5,302.0,1,0,84,2.7,1,2026-07-24,0.6,4518.0
CUST102810,2026-09-06,40,Tier 1,Standard,BNPL,616,291.0,8.3,2869.0,2,1,14,0.7,1,2026-09-14,0.3,5238.0
CUST102811,2026-02-12,29,Tier 3,Basic,Personal Loan,505,301.0,13.5,2807.0,0,0,80,7.5,1,2026-05-26,3.4,5418.0
CUST102812,2026-06-23,32,Tier 1,Basic,Personal Loan,572,366.0,6.9,2365.0,2,1,61,3.2,1,2026-08-31,2.3,6588.0
CUST102813,2025-06-07,39,Tier 1,Standard,BNPL,678,195.0,5.2,1581.0,1,1,0,15.9,0,,15.9,0.0
CUST102814,2026-09-21,44,Tier 3,Standard,Credit Card,713,794.0,8.3,3805.0,3,0,32,0.2,0,,0.2,0.0
CUST102815,2025-03-21,37,Tier 2,Basic,Personal Loan,713,311.0,9.1,1772.0,1,1,54,18.5,1,2026-09-04,17.7,5598.0
CUST102816,2024-03-12,31,Tier 1,Standard,Personal Loan,531,739.0,13.4,1487.0,1,3,8,30.9,0,,30.9,0.0
CUST102817,2025-09-14,43,Tier 2,Premium,Insurance,749,952.0,9.8,2293.0,0,0,7,12.6,0,,12.6,0.0
CUST102818,2025-08-26,21,Tier 1,Premium,BNPL,754,1029.0,5.9,2839.0,0,0,1,13.2,0,,13.2,0.0
CUST102819,2024-07-05,21,Tier 3,Standard,BNPL,746,388.0,5.8,2650.0,2,0,22,27.1,0,,27.1,0.0
CUST102820,2026-07-18,37,Tier 2,Basic,Credit Card,669,329.0,11.7,2717.0,2,0,39,2.3,1,2026-09-02,1.5,5922.0
CUST102821,2023-09-27,32,Tier 1,Standard,Credit Card,686,486.0,7.4,3271.0,1,0,80,36.5,1,2026-09-07,35.9,8748.0
CUST102822,2025-07-08,36,Tier 2,Basic,Insurance,587,196.0,7.7,2466.0,0,2,45,14.8,0,,14.8,0.0
CUST102823,2025-09-02,32,Tier 1,Standard,Insurance,601,573.0,9.4,3413.0,0,0,12,13.0,0,,13.0,0.0
CUST102824,2026-05-15,36,Tier 3,Standard,Personal Loan,685,747.0,5.5,2653.0,0,0,4,4.5,0,,4.5,0.0
CUST102825,2026-02-02,25,Tier 3,Basic,BNPL,588,150.0,5.4,2130.0,1,0,54,7.9,0,,7.9,0.0
CUST102826,2025-11-12,36,Tier 3,Basic,Personal Loan,626,341.0,9.8,1806.0,1,0,15,10.6,0,,10.6,0.0
CUST102827,2025-12-10,39,Tier 1,Premium,Personal Loan,747,1956.0,12.1,3453.0,0,1,29,9.7,0,,9.7,0.0
CUST102828,2025-09-25,41,Tier 1,Standard,BNPL,734,586.0,8.3,2794.0,0,0,6,12.2,0,,12.2,0.0
CUST102829,2026-09-01,48,Tier 1,Premium,Credit Card,778,1035.0,6.7,1910.0,1,0,2,0.8,0,,0.8,0.0
CUST102830,2026-05-18,33,Tier 2,Standard,Insurance,709,629.0,8.8,1812.0,0,0,19,4.4,1,2026-06-12,0.8,11322.0
CUST102831,2026-04-09,34,Tier 2,Basic,Personal Loan,650,293.0,4.8,1283.0,2,1,87,5.7,1,2026-07-29,3.7,5274.0
CUST102832,2026-06-28,21,Tier 2,Premium,Credit Card,763,1520.0,7.9,3731.0,0,0,2,3.0,0,,3.0,0.0
CUST102833,2026-08-01,27,Tier 3,Standard,Insurance,734,641.0,3.1,2636.0,3,0,1,1.9,1,2026-08-20,0.6,11538.0
CUST102834,2026-08-13,30,Tier 1,Standard,Insurance,611,457.0,7.1,3526.0,0,1,68,1.5,1,2026-08-19,0.2,8226.0
CUST102835,2026-05-13,40,Tier 1,Basic,Personal Loan,695,280.0,10.5,4099.0,2,0,5,4.5,1,2026-05-22,0.3,5040.0
CUST102836,2026-03-06,27,Tier 1,Basic,Credit Card,592,276.0,6.9,3890.0,1,2,33,6.8,1,2026-07-27,4.8,4968.0
CUST102837,2026-09-07,38,Tier 1,Premium,Credit Card,775,1407.0,4.7,1839.0,1,0,2,0.6,0,,0.6,0.0
CUST102838,2024-05-01,31,Tier 1,Basic,Personal Loan,523,314.0,7.5,4818.0,1,3,6,29.3,0,,29.3,0.0
CUST102839,2025-07-19,30,Tier 2,Standard,Insurance,659,671.0,6.1,2897.0,0,0,3,14.5,0,,14.5,0.0
CUST102840,2025-08-29,33,Tier 1,Standard,Insurance,633,680.0,11.6,1161.0,1,0,25,13.1,0,,13.1,0.0
CUST102841,2026-08-01,28,Tier 1,Basic,Personal Loan,629,299.0,7.8,2434.0,5,0,50,1.9,0,,1.9,0.0
CUST102842,2025-12-23,28,Tier 3,Basic,Personal Loan,592,282.0,9.6,2306.0,1,0,4,9.2,1,2026-08-04,7.5,5076.0
CUST102843,2026-02-12,21,Tier 1,Basic,Personal Loan,541,262.0,5.2,2595.0,1,3,5,7.5,0,,7.5,0.0
CUST102844,2023-09-27,30,Tier 2,Standard,Insurance,765,589.0,9.3,2478.0,1,0,54,36.5,1,2025-06-13,20.8,10602.0
CUST102845,2025-08-09,28,Tier 1,Standard,Personal Loan,711,660.0,7.8,2771.0,0,1,18,13.8,0,,13.8,0.0
CUST102846,2026-01-12,27,Tier 2,Basic,Credit Card,637,255.0,0.0,1577.0,2,2,53,8.6,1,2026-05-26,4.5,4590.0
CUST102847,2025-03-05,35,Tier 3,Standard,Credit Card,822,808.0,9.9,2496.0,1,0,2,19.0,0,,19.0,0.0
CUST102848,2026-08-07,37,Tier 1,Standard,Credit Card,656,604.0,7.9,1827.0,1,0,1,1.7,0,,1.7,0.0
CUST102849,2026-09-21,33,Tier 2,Standard,Personal Loan,643,775.0,5.8,2387.0,2,0,10,0.2,1,2026-09-26,0.2,13950.0
CUST102850,2025-10-10,39,Tier 3,Basic,Personal Loan,607,425.0,6.2,2058.0,1,2,28,11.7,0,,11.7,0.0
CUST102851,2026-08-26,36,Tier 2,Standard,Insurance,672,781.0,6.4,1839.0,2,1,9,1.0,1,2026-08-31,0.2,14058.0
CUST102852,2026-08-21,29,Tier 1,Standard,Insurance,748,486.0,14.9,2888.0,1,0,25,1.2,0,,1.2,0.0
CUST102853,2025-08-13,28,Tier 1,Basic,BNPL,638,157.0,12.6,2665.0,3,1,39,13.6,0,,13.6,0.0
CUST102854,2026-06-24,34,Tier 2,Premium,Personal Loan,759,1912.0,12.2,2592.0,0,0,6,3.1,0,,3.1,0.0
CUST102855,2025-12-03,36,Tier 3,Standard,Credit Card,661,676.0,10.5,1812.0,3,2,2,9.9,0,,9.9,0.0
CUST102856,2024-09-08,43,Tier 1,Standard,Credit Card,686,886.0,13.0,2731.0,1,2,18,24.9,0,,24.9,0.0
CUST102857,2026-06-04,41,Tier 1,Premium,Personal Loan,695,1844.0,10.3,2177.0,1,0,3,3.8,0,,3.8,0.0
CUST102858,2026-07-15,27,Tier 1,Premium,Insurance,761,1326.0,8.9,1836.0,0,1,5,2.4,0,,2.4,0.0
CUST102859,2026-08-24,31,Tier 1,Standard,Credit Card,684,740.0,10.0,3110.0,2,2,0,1.1,1,2026-09-18,0.8,13320.0
CUST102860,2026-08-16,37,Tier 1,Basic,Personal Loan,566,384.0,7.1,2944.0,2,1,26,1.4,0,,1.4,0.0
CUST102861,2026-09-07,40,Tier 1,Standard,Insurance,681,707.0,4.6,100.0,0,0,24,0.6,0,,0.6,0.0
CUST102862,2026-08-30,39,Tier 1,Basic,Insurance,649,252.0,3.9,278.0,1,2,30,0.9,1,2026-09-14,0.5,4536.0
CUST102863,2026-04-10,31,Tier 1,Standard,Personal Loan,647,642.0,2.1,3615.0,1,2,28,5.6,0,,5.6,0.0
CUST102864,2026-06-02,21,Tier 3,Standard,Credit Card,673,587.0,12.4,1077.0,2,0,149,3.9,1,2026-07-04,1.1,10566.0
CUST102865,2025-09-24,24,Tier 1,Standard,Credit Card,670,757.0,5.0,1019.0,0,0,20,12.2,1,2025-11-07,1.5,13626.0
CUST102866,2025-01-22,34,Tier 1,Standard,Credit Card,679,683.0,11.8,2072.0,0,0,5,20.4,0,,20.4,0.0
CUST102867,2025-06-23,34,Tier 1,Basic,Personal Loan,540,366.0,4.7,2438.0,1,1,30,15.3,0,,15.3,0.0
CUST102868,2026-02-12,23,Tier 3,Standard,Credit Card,727,895.0,6.5,1764.0,1,2,6,7.5,0,,7.5,0.0
CUST102869,2026-08-25,32,Tier 3,Standard,Insurance,768,432.0,2.4,100.0,1,0,8,1.1,0,,1.1,0.0
CUST102870,2025-09-20,37,Tier 3,Basic,Credit Card,570,307.0,3.5,2340.0,1,2,15,12.4,0,,12.4,0.0
CUST102871,2026-05-14,22,Tier 1,Basic,Personal Loan,605,308.0,7.3,3822.0,0,1,26,4.5,0,,4.5,0.0
CUST102872,2026-08-31,40,Tier 3,Basic,Credit Card,724,297.0,10.1,962.0,3,0,26,0.9,1,2026-09-21,0.7,5346.0
CUST102873,2025-03-21,28,Tier 2,Standard,Credit Card,637,645.0,5.6,3684.0,1,0,22,18.5,0,,18.5,0.0
CUST102874,2026-05-26,42,Tier 1,Basic,BNPL,667,256.0,7.1,1949.0,3,0,20,4.1,1,2026-08-14,2.7,4608.0
CUST102875,2026-07-15,27,Tier 2,Standard,Credit Card,660,667.0,4.5,3806.0,2,2,4,2.4,1,2026-08-29,1.5,12006.0
CUST102876,2025-01-19,23,Tier 3,Standard,Personal Loan,638,762.0,7.7,2761.0,1,0,14,20.5,1,2025-09-27,8.4,13716.0
CUST102877,2024-10-29,28,Tier 3,Standard,Personal Loan,689,900.0,4.5,1709.0,0,1,32,23.2,1,2025-06-13,7.6,16200.0
CUST102878,2026-05-25,31,Tier 3,Standard,BNPL,653,432.0,8.4,2767.0,0,0,24,4.1,1,2026-06-23,1.0,7776.0
CUST102879,2026-05-18,28,Tier 3,Standard,Personal Loan,691,993.0,8.4,3381.0,1,1,2,4.4,0,,4.4,0.0
CUST102880,2026-01-10,30,Tier 1,Standard,BNPL,735,448.0,6.4,885.0,0,0,59,8.6,0,,8.6,0.0
CUST102881,2025-08-26,34,Tier 2,Basic,Personal Loan,684,449.0,13.2,2299.0,0,0,13,13.2,0,,13.2,0.0
CUST102882,2026-09-07,30,Tier 1,Standard,Credit Card,553,636.0,2.0,3132.0,0,2,18,0.6,0,,0.6,0.0
CUST102883,2025-12-31,31,Tier 3,Premium,Credit Card,762,1372.0,3.8,1891.0,1,0,0,9.0,0,,9.0,0.0
CUST102884,2024-03-24,21,Tier 1,Premium,Insurance,769,1091.0,2.7,1016.0,0,0,24,30.5,0,,30.5,0.0
CUST102885,2026-06-27,35,Tier 3,Basic,Insurance,705,229.0,6.8,4044.0,0,0,40,3.0,1,2026-08-25,2.0,4122.0
CUST102886,2024-10-08,31,Tier 1,Standard,Personal Loan,704,875.0,5.7,574.0,2,0,6,23.9,0,,23.9,0.0
CUST102887,2024-04-10,44,Tier 1,Standard,Credit Card,656,687.0,9.5,1917.0,0,0,23,30.0,1,2024-07-07,2.9,12366.0
CUST102888,2026-06-24,24,Tier 1,Basic,Personal Loan,836,328.0,6.4,2135.0,1,0,12,3.1,0,,3.1,0.0
CUST102889,2025-08-02,21,Tier 1,Basic,Credit Card,622,220.0,11.3,4085.0,1,1,11,14.0,0,,14.0,0.0
CUST102890,2026-07-07,36,Tier 3,Standard,Credit Card,703,535.0,2.2,197.0,0,0,12,2.7,1,2026-09-05,2.0,9630.0
CUST102891,2025-08-21,34,Tier 1,Basic,Insurance,705,206.0,3.6,2186.0,4,0,32,13.4,0,,13.4,0.0
CUST102892,2025-06-05,23,Tier 2,Basic,Insurance,680,282.0,4.8,1626.0,3,0,8,15.9,0,,15.9,0.0
CUST102893,2026-07-03,21,Tier 1,Basic,Credit Card,679,318.0,9.3,1621.0,2,0,48,2.8,0,,2.8,0.0
CUST102894,2025-09-14,44,Tier 1,Standard,Credit Card,635,640.0,11.3,3608.0,2,0,17,12.6,0,,12.6,0.0
CUST102895,2025-05-13,43,Tier 1,Basic,BNPL,726,103.0,6.8,1325.0,1,0,0,16.7,0,,16.7,0.0
CUST102896,2026-05-16,21,Tier 1,Standard,BNPL,739,379.0,12.2,1069.0,2,0,16,4.4,1,2026-07-29,2.5,6822.0
CUST102897,2026-08-02,28,Tier 3,Standard,Personal Loan,725,1117.0,13.6,1141.0,0,0,11,1.8,0,,1.8,0.0
CUST102898,2026-08-29,45,Tier 2,Standard,Credit Card,708,780.0,9.5,2348.0,0,0,22,0.9,0,,0.9,0.0
CUST102899,2026-01-13,28,Tier 1,Premium,Credit Card,736,1554.0,7.2,2177.0,0,0,23,8.5,0,,8.5,0.0
CUST102900,2023-09-27,28,Tier 2,Premium,Personal Loan,712,2090.0,13.3,1959.0,0,0,3,36.5,0,,36.5,0.0
CUST102901,2025-04-25,29,Tier 1,Basic,Personal Loan,594,402.0,6.2,1720.0,5,2,39,17.3,1,2025-09-20,4.9,7236.0
CUST102902,2026-04-08,23,Tier 1,Premium,Personal Loan,784,1497.0,7.5,3479.0,1,0,2,5.7,0,,5.7,0.0
CUST102903,2026-02-08,21,Tier 2,Standard,Credit Card,719,599.0,8.6,428.0,3,0,2,7.7,1,2026-08-26,6.6,10782.0
CUST102904,2026-06-20,40,Tier 1,Standard,Personal Loan,642,776.0,2.0,3289.0,0,0,54,3.3,0,,3.3,0.0
CUST102905,2026-08-04,21,Tier 2,Premium,Personal Loan,749,1984.0,6.0,941.0,0,1,20,1.8,0,,1.8,0.0
CUST102906,2026-03-13,33,Tier 2,Basic,Personal Loan,590,333.0,11.8,3167.0,2,2,24,6.6,0,,6.6,0.0
CUST102907,2026-03-24,39,Tier 3,Standard,BNPL,649,488.0,6.4,2929.0,1,1,3,6.2,1,2026-08-14,4.8,8784.0
CUST102908,2026-02-17,21,Tier 3,Standard,BNPL,717,324.0,5.4,2768.0,2,0,6,7.4,0,,7.4,0.0
CUST102909,2024-03-24,24,Tier 1,Standard,Credit Card,641,828.0,8.2,2118.0,2,1,17,30.5,1,2026-09-13,30.1,14904.0
CUST102910,2025-12-23,41,Tier 1,Standard,Credit Card,752,641.0,2.7,1814.0,1,0,21,9.2,0,,9.2,0.0
CUST102911,2025-12-21,36,Tier 1,Premium,Insurance,766,1454.0,8.0,2371.0,0,0,12,9.3,0,,9.3,0.0
CUST102912,2026-08-16,27,Tier 1,Basic,Personal Loan,639,385.0,11.3,3213.0,2,3,48,1.4,1,2026-09-12,0.9,6930.0
CUST102913,2023-09-27,41,Tier 3,Basic,Personal Loan,609,381.0,10.4,1914.0,3,1,8,36.5,0,,36.5,0.0
CUST102914,2025-07-09,41,Tier 3,Standard,Personal Loan,663,892.0,8.9,1739.0,2,0,7,14.8,0,,14.8,0.0
CUST102915,2025-01-05,34,Tier 2,Basic,Personal Loan,639,366.0,6.9,2161.0,2,0,0,21.0,0,,21.0,0.0
CUST102916,2026-04-19,24,Tier 2,Basic,Credit Card,713,337.0,4.4,1966.0,0,1,3,5.3,0,,5.3,0.0
CUST102917,2026-03-01,28,Tier 1,Basic,Insurance,591,251.0,8.1,2053.0,2,0,13,7.0,0,,7.0,0.0
CUST102918,2026-02-17,34,Tier 2,Standard,Credit Card,705,555.0,7.4,3690.0,0,1,4,7.4,0,,7.4,0.0
CUST102919,2026-07-24,30,Tier 3,Standard,Credit Card,784,726.0,5.8,1505.0,1,0,14,2.1,0,,2.1,0.0
CUST102920,2025-10-11,39,Tier 2,Standard,Insurance,644,580.0,3.4,3335.0,1,0,38,11.7,0,,11.7,0.0
CUST102921,2024-10-27,21,Tier 1,Basic,Personal Loan,601,208.0,13.4,3031.0,1,2,45,23.3,1,2025-06-26,8.1,3744.0
CUST102922,2026-08-04,21,Tier 2,Basic,Personal Loan,630,348.0,3.4,903.0,4,0,49,1.8,0,,1.8,0.0
CUST102923,2026-08-30,33,Tier 1,Standard,Credit Card,683,665.0,5.4,1558.0,0,0,18,0.9,1,2026-09-10,0.4,11970.0
CUST102924,2025-08-20,28,Tier 2,Standard,Credit Card,732,800.0,3.5,2155.0,0,0,24,13.4,0,,13.4,0.0
CUST102925,2026-06-23,26,Tier 2,Basic,Personal Loan,606,287.0,7.0,2146.0,2,1,7,3.2,0,,3.2,0.0
CUST102926,2025-12-07,21,Tier 1,Basic,Credit Card,505,175.0,6.3,1720.0,1,1,28,9.8,0,,9.8,0.0
CUST102927,2025-10-05,32,Tier 2,Basic,Credit Card,585,258.0,10.6,3112.0,1,1,30,11.9,0,,11.9,0.0
CUST102928,2026-06-02,31,Tier 3,Basic,BNPL,661,169.0,3.7,2382.0,2,3,35,3.9,1,2026-08-17,2.5,3042.0
CUST102929,2025-05-08,37,Tier 1,Standard,Credit Card,727,662.0,7.9,2265.0,1,0,30,16.9,0,,16.9,0.0
CUST102930,2026-01-30,32,Tier 3,Standard,Credit Card,663,653.0,9.0,3366.0,0,0,58,8.0,0,,8.0,0.0
CUST102931,2025-01-25,30,Tier 2,Basic,Personal Loan,706,272.0,13.9,1546.0,3,0,44,20.3,0,,20.3,0.0
CUST102932,2025-07-21,41,Tier 2,Premium,Credit Card,748,1361.0,13.2,1681.0,0,0,26,14.4,0,,14.4,0.0
CUST102933,2025-01-26,21,Tier 3,Standard,Personal Loan,654,800.0,11.7,1850.0,1,0,16,20.3,0,,20.3,0.0
CUST102934,2026-09-20,36,Tier 2,Basic,Insurance,550,279.0,6.6,943.0,1,1,12,0.2,1,2026-09-25,0.2,5022.0
CUST102935,2026-07-05,21,Tier 3,Standard,Credit Card,668,699.0,11.2,2180.0,1,0,21,2.8,1,2026-09-21,2.6,12582.0
CUST102936,2026-08-29,25,Tier 1,Basic,Credit Card,550,236.0,8.7,2762.0,5,2,139,0.9,1,2026-09-10,0.4,4248.0
CUST102937,2026-04-04,22,Tier 1,Standard,BNPL,752,614.0,7.4,1060.0,1,0,25,5.8,0,,5.8,0.0
CUST102938,2024-12-03,38,Tier 2,Basic,Credit Card,621,237.0,2.3,1256.0,2,3,122,22.1,1,2026-01-21,13.8,4266.0
CUST102939,2026-03-21,31,Tier 3,Premium,Credit Card,759,1556.0,8.0,2237.0,0,0,0,6.3,0,,6.3,0.0
CUST102940,2025-03-07,31,Tier 3,Standard,BNPL,666,368.0,8.5,2508.0,1,0,6,18.9,0,,18.9,0.0
CUST102941,2026-05-31,23,Tier 2,Basic,BNPL,495,232.0,4.4,1977.0,4,2,11,3.9,0,,3.9,0.0
CUST102942,2026-05-25,29,Tier 2,Standard,BNPL,683,401.0,8.7,1847.0,2,1,11,4.1,1,2026-07-20,1.9,7218.0
CUST102943,2024-11-18,25,Tier 1,Basic,Personal Loan,593,331.0,13.6,3414.0,1,2,1,22.6,1,2026-06-17,19.2,5958.0
CUST102944,2026-04-13,35,Tier 3,Basic,Credit Card,515,243.0,11.2,1676.0,2,2,86,5.5,1,2026-07-22,3.3,4374.0
CUST102945,2025-06-16,24,Tier 1,Premium,BNPL,742,895.0,9.0,3562.0,0,0,12,15.6,0,,15.6,0.0
CUST102946,2026-07-07,42,Tier 2,Standard,Personal Loan,658,1001.0,5.0,1692.0,0,0,2,2.7,1,2026-09-12,2.2,18018.0
CUST102947,2024-04-18,21,Tier 2,Standard,Personal Loan,715,955.0,2.2,2666.0,0,0,4,29.7,0,,29.7,0.0
CUST102948,2026-01-13,25,Tier 2,Standard,BNPL,687,394.0,8.6,1671.0,1,0,18,8.5,0,,8.5,0.0
CUST102949,2025-07-26,45,Tier 1,Basic,Personal Loan,702,410.0,10.1,1814.0,2,1,84,14.2,1,2026-02-04,6.4,7380.0
CUST102950,2026-08-29,28,Tier 3,Basic,BNPL,573,194.0,11.2,1629.0,1,2,3,0.9,1,2026-09-24,0.9,3492.0
CUST102951,2026-03-07,21,Tier 2,Basic,Credit Card,719,228.0,3.9,2856.0,6,0,20,6.8,1,2026-04-18,1.4,4104.0
CUST102952,2024-11-02,33,Tier 3,Basic,Credit Card,686,181.0,9.6,3667.0,2,0,8,23.1,0,,23.1,0.0
CUST102953,2025-01-06,28,Tier 1,Standard,Personal Loan,629,791.0,3.1,2293.0,1,0,4,20.9,0,,20.9,0.0
CUST102954,2026-09-12,25,Tier 2,Basic,BNPL,581,171.0,9.2,1257.0,3,1,46,0.5,1,2026-09-19,0.2,3078.0
CUST102955,2026-06-10,23,Tier 2,Basic,Credit Card,555,280.0,3.0,2765.0,0,0,61,3.6,0,,3.6,0.0
CUST102956,2026-04-04,54,Tier 2,Basic,Credit Card,608,318.0,17.8,3528.0,1,0,89,5.8,1,2026-04-16,0.4,5724.0
CUST102957,2026-08-01,29,Tier 3,Basic,BNPL,613,95.0,14.1,2984.0,4,0,40,1.9,1,2026-09-16,1.5,1710.0
CUST102958,2025-08-30,21,Tier 1,Standard,BNPL,631,333.0,5.3,955.0,0,1,1,13.1,1,2026-01-08,4.4,5994.0
CUST102959,2026-07-27,43,Tier 1,Basic,Insurance,640,166.0,5.2,1651.0,2,2,15,2.0,0,,2.0,0.0
CUST102960,2026-05-22,36,Tier 2,Standard,Credit Card,580,476.0,7.0,1467.0,2,1,12,4.2,1,2026-06-22,1.0,8568.0
CUST102961,2025-11-04,25,Tier 1,Standard,Credit Card,638,568.0,5.5,2253.0,0,0,6,10.9,0,,10.9,0.0
CUST102962,2026-03-13,24,Tier 3,Standard,Insurance,719,633.0,7.9,2717.0,0,0,16,6.6,0,,6.6,0.0
CUST102963,2025-08-20,37,Tier 1,Basic,Credit Card,573,289.0,8.0,3203.0,1,1,9,13.4,0,,13.4,0.0
CUST102964,2024-01-26,30,Tier 2,Basic,Personal Loan,664,278.0,3.0,2561.0,3,1,80,32.5,1,2026-08-20,31.2,5004.0
CUST102965,2026-08-20,21,Tier 1,Basic,Personal Loan,635,285.0,4.6,3563.0,1,1,5,1.2,1,2026-09-22,1.1,5130.0
CUST102966,2025-09-21,46,Tier 2,Basic,BNPL,599,61.0,7.6,3864.0,0,1,19,12.3,1,2026-03-31,6.4,1098.0
CUST102967,2026-07-10,28,Tier 1,Standard,Credit Card,746,678.0,10.4,3492.0,3,1,3,2.6,0,,2.6,0.0
CUST102968,2026-04-19,43,Tier 1,Basic,BNPL,577,113.0,12.3,1593.0,3,0,16,5.3,0,,5.3,0.0
CUST102969,2026-09-16,42,Tier 1,Standard,Credit Card,714,866.0,9.1,2828.0,2,1,13,0.3,1,2026-09-23,0.2,15588.0
CUST102970,2026-08-14,23,Tier 1,Standard,Personal Loan,707,898.0,9.9,2695.0,1,0,16,1.4,1,2026-09-11,0.9,16164.0
CUST102971,2026-06-03,40,Tier 3,Standard,Credit Card,673,628.0,13.5,3905.0,1,0,8,3.8,0,,3.8,0.0
CUST102972,2026-05-24,26,Tier 1,Basic,Personal Loan,608,293.0,11.0,5024.0,3,0,58,4.2,1,2026-07-15,1.7,5274.0
CUST102973,2024-11-06,21,Tier 2,Basic,Credit Card,570,175.0,11.0,1862.0,2,2,25,23.0,0,,23.0,0.0
CUST102974,2025-08-16,28,Tier 3,Standard,Credit Card,718,472.0,9.0,2414.0,1,0,98,13.5,1,2026-07-05,10.8,8496.0
CUST102975,2023-10-18,35,Tier 3,Premium,Credit Card,721,1226.0,3.4,2333.0,3,0,1,35.8,1,2024-09-08,10.9,22068.0
CUST102976,2025-12-26,28,Tier 3,Basic,BNPL,623,115.0,5.6,3323.0,1,2,7,9.1,0,,9.1,0.0
CUST102977,2026-07-05,29,Tier 3,Premium,BNPL,778,560.0,4.3,2136.0,0,0,16,2.8,0,,2.8,0.0
CUST102978,2026-05-30,41,Tier 2,Basic,BNPL,625,169.0,8.3,2873.0,2,1,28,4.0,1,2026-07-13,1.5,3042.0
CUST102979,2026-06-03,32,Tier 2,Basic,Personal Loan,635,351.0,6.3,2286.0,2,0,16,3.8,1,2026-09-26,3.8,6318.0
CUST102980,2026-05-31,25,Tier 1,Standard,Personal Loan,694,785.0,7.8,894.0,1,1,11,3.9,1,2026-06-20,0.7,14130.0
CUST102981,2025-10-26,37,Tier 2,Standard,Credit Card,770,902.0,9.4,2237.0,0,0,17,11.2,0,,11.2,0.0
CUST102982,2026-02-11,33,Tier 3,Basic,Insurance,725,138.0,6.8,2448.0,1,0,3,7.6,1,2026-06-08,3.9,2484.0
CUST102983,2026-05-03,21,Tier 2,Basic,BNPL,612,153.0,4.6,2506.0,0,1,51,4.9,1,2026-07-11,2.3,2754.0
CUST102984,2026-08-09,35,Tier 2,Standard,BNPL,675,362.0,1.2,3202.0,2,0,12,1.6,0,,1.6,0.0
CUST102985,2026-09-20,35,Tier 2,Basic,Credit Card,680,222.0,10.9,1901.0,1,1,19,0.2,1,2026-09-26,0.2,3996.0
CUST102986,2026-07-14,32,Tier 1,Premium,Credit Card,735,1205.0,6.3,1329.0,0,0,15,2.5,0,,2.5,0.0
CUST102987,2026-08-23,39,Tier 3,Standard,Credit Card,747,649.0,4.3,3561.0,2,0,17,1.1,0,,1.1,0.0
CUST102988,2025-06-22,26,Tier 2,Basic,Personal Loan,633,314.0,13.6,1870.0,2,0,49,15.4,1,2026-09-11,14.9,5652.0
CUST102989,2026-08-22,34,Tier 1,Basic,Personal Loan,605,305.0,13.1,2457.0,1,2,92,1.2,1,2026-08-29,0.2,5490.0
CUST102990,2025-09-05,21,Tier 3,Standard,Insurance,723,416.0,5.1,2345.0,0,0,58,12.9,1,2026-03-25,6.7,7488.0
CUST102991,2026-05-03,35,Tier 2,Basic,Personal Loan,612,244.0,4.0,916.0,2,0,20,4.9,1,2026-08-31,4.0,4392.0
CUST102992,2026-09-04,47,Tier 3,Standard,Personal Loan,716,807.0,14.7,3606.0,0,0,1,0.7,0,,0.7,0.0
CUST102993,2025-05-12,24,Tier 2,Standard,Personal Loan,579,793.0,5.9,2557.0,0,0,0,16.7,0,,16.7,0.0
CUST102994,2026-01-10,25,Tier 1,Premium,Insurance,766,1205.0,4.8,2848.0,0,0,12,8.6,0,,8.6,0.0
CUST102995,2026-07-08,26,Tier 3,Basic,Credit Card,616,245.0,9.2,3432.0,2,1,3,2.7,1,2026-09-22,2.5,4410.0
CUST102996,2024-11-20,33,Tier 2,Standard,BNPL,726,322.0,8.3,2174.0,0,0,10,22.5,1,2026-06-26,19.4,5796.0
CUST102997,2026-09-13,23,Tier 1,Standard,Insurance,673,557.0,8.5,2836.0,2,0,22,0.4,0,,0.4,0.0
CUST102998,2026-07-21,35,Tier 1,Standard,Credit Card,657,539.0,9.1,2457.0,2,1,129,2.2,1,2026-08-22,1.1,9702.0
CUST102999,2025-08-04,38,Tier 3,Basic,Credit Card,636,326.0,8.6,3017.0,0,0,9,13.9,0,,13.9,0.0
CUST103000,2025-09-21,36,Tier 1,Basic,Personal Loan,562,285.0,8.1,1974.0,2,0,0,12.3,0,,12.3,0.0
CUST103001,2026-06-16,21,Tier 3,Basic,Personal Loan,532,306.0,15.4,3725.0,4,1,1,3.4,1,2026-09-20,3.2,5508.0
CUST103002,2026-09-07,39,Tier 1,Standard,BNPL,605,296.0,6.2,1286.0,1,1,5,0.6,0,,0.6,0.0
CUST103003,2025-02-18,39,Tier 2,Basic,BNPL,659,113.0,10.4,3549.0,1,2,174,19.5,1,2026-05-09,14.8,2034.0
CUST103004,2026-06-06,38,Tier 3,Standard,Credit Card,679,653.0,1.8,3624.0,2,0,2,3.7,1,2026-06-16,0.3,11754.0
CUST103005,2026-07-23,34,Tier 1,Basic,Credit Card,673,245.0,4.9,2591.0,2,1,48,2.2,1,2026-07-31,0.3,4410.0
CUST103006,2026-02-21,33,Tier 2,Basic,Credit Card,664,227.0,5.4,2245.0,2,2,6,7.2,0,,7.2,0.0
CUST103007,2024-10-03,40,Tier 3,Premium,Personal Loan,776,1741.0,9.5,3542.0,0,0,2,24.1,0,,24.1,0.0
CUST103008,2026-09-13,47,Tier 3,Basic,Personal Loan,629,289.0,5.2,3154.0,4,0,3,0.4,0,,0.4,0.0
CUST103009,2025-07-18,24,Tier 2,Premium,Personal Loan,736,1932.0,6.0,1558.0,0,0,3,14.5,0,,14.5,0.0
CUST103010,2026-01-15,40,Tier 2,Standard,Personal Loan,681,1112.0,7.8,2804.0,1,1,2,8.5,1,2026-05-15,4.0,20016.0
CUST103011,2026-04-13,31,Tier 3,Standard,BNPL,614,276.0,5.5,2083.0,2,2,0,5.5,0,,5.5,0.0
CUST103012,2025-08-14,30,Tier 3,Standard,Personal Loan,606,896.0,2.7,2692.0,0,3,32,13.6,1,2025-11-27,3.5,16128.0
CUST103013,2023-12-19,21,Tier 3,Standard,Personal Loan,704,851.0,4.8,2847.0,0,0,4,33.7,0,,33.7,0.0
CUST103014,2026-07-10,29,Tier 1,Basic,Credit Card,666,283.0,9.8,1583.0,1,0,4,2.6,0,,2.6,0.0
CUST103015,2026-08-11,24,Tier 3,Standard,BNPL,723,481.0,8.9,1037.0,1,0,6,1.5,0,,1.5,0.0
CUST103016,2024-09-24,28,Tier 2,Basic,Personal Loan,662,335.0,13.4,1782.0,1,1,49,24.4,1,2026-05-31,20.5,6030.0
CUST103017,2025-10-30,23,Tier 1,Standard,Personal Loan,689,840.0,6.1,3428.0,2,1,5,11.0,1,2026-03-16,4.6,15120.0
CUST103018,2026-04-07,28,Tier 1,Premium,Credit Card,711,1278.0,10.3,2419.0,0,0,8,5.7,0,,5.7,0.0
CUST103019,2026-01-14,28,Tier 1,Basic,BNPL,667,112.0,7.1,3451.0,3,1,9,8.5,0,,8.5,0.0
CUST103020,2025-08-12,32,Tier 1,Standard,Credit Card,737,637.0,4.8,3892.0,1,1,10,13.7,1,2026-03-26,7.5,11466.0
CUST103021,2025-07-09,21,Tier 1,Standard,BNPL,675,223.0,3.5,2425.0,0,0,15,14.8,0,,14.8,0.0
CUST103022,2024-08-30,21,Tier 1,Basic,Insurance,568,195.0,13.1,2745.0,1,1,50,25.2,1,2025-02-19,5.8,3510.0
CUST103023,2026-04-13,34,Tier 2,Standard,BNPL,677,534.0,5.6,3064.0,0,0,7,5.5,0,,5.5,0.0
CUST103024,2026-06-14,25,Tier 1,Premium,Credit Card,857,1428.0,15.9,473.0,0,0,6,3.5,0,,3.5,0.0
CUST103025,2025-11-24,40,Tier 1,Standard,Credit Card,634,766.0,12.1,1725.0,1,0,21,10.2,0,,10.2,0.0
CUST103026,2026-04-18,33,Tier 1,Basic,Personal Loan,554,398.0,7.1,2265.0,2,1,11,5.4,0,,5.4,0.0
CUST103027,2025-12-30,36,Tier 1,Basic,Insurance,596,216.0,9.6,3289.0,0,0,9,9.0,0,,9.0,0.0
CUST103028,2026-04-16,43,Tier 1,Basic,Credit Card,618,260.0,8.3,994.0,2,0,29,5.4,0,,5.4,0.0
CUST103029,2026-08-08,29,Tier 2,Basic,Personal Loan,605,310.0,8.9,2983.0,0,0,107,1.6,0,,1.6,0.0
CUST103030,2026-03-20,27,Tier 3,Standard,BNPL,601,284.0,5.6,1832.0,2,2,48,6.3,0,,6.3,0.0
CUST103031,2025-10-09,38,Tier 3,Standard,Personal Loan,772,721.0,13.8,2795.0,2,0,18,11.7,0,,11.7,0.0
CUST103032,2025-06-02,36,Tier 3,Basic,Credit Card,507,292.0,13.2,1964.0,1,3,19,16.0,1,2026-06-09,12.4,5256.0
CUST103033,2026-03-07,30,Tier 1,Premium,Credit Card,738,1458.0,6.4,2067.0,0,0,8,6.8,0,,6.8,0.0
CUST103034,2026-08-03,43,Tier 1,Standard,Credit Card,736,890.0,12.8,1864.0,1,0,32,1.8,1,2026-08-18,0.5,16020.0
CUST103035,2026-04-19,30,Tier 1,Standard,BNPL,610,516.0,6.6,1969.0,2,0,2,5.3,0,,5.3,0.0
CUST103036,2025-06-21,32,Tier 3,Standard,Personal Loan,687,750.0,9.1,3400.0,1,0,30,15.4,0,,15.4,0.0
CUST103037,2026-04-20,32,Tier 1,Basic,Credit Card,723,292.0,5.6,1372.0,0,1,38,5.3,1,2026-05-25,1.2,5256.0
CUST103038,2025-10-04,24,Tier 2,Premium,Credit Card,784,1315.0,3.0,1050.0,0,0,3,11.9,0,,11.9,0.0
CUST103039,2026-02-26,32,Tier 1,Standard,BNPL,674,548.0,3.9,1233.0,0,0,42,7.1,0,,7.1,0.0
CUST103040,2026-07-06,43,Tier 1,Standard,BNPL,666,327.0,8.6,1827.0,2,1,2,2.7,0,,2.7,0.0
CUST103041,2025-06-06,35,Tier 3,Basic,Credit Card,603,197.0,5.2,2191.0,3,1,88,15.9,1,2026-07-10,13.3,3546.0
CUST103042,2026-08-31,32,Tier 3,Premium,Credit Card,837,1177.0,12.4,2455.0,0,0,5,0.9,0,,0.9,0.0
CUST103043,2026-02-15,30,Tier 3,Standard,Personal Loan,659,748.0,1.9,2195.0,1,0,33,7.4,0,,7.4,0.0
CUST103044,2026-07-18,34,Tier 2,Basic,Insurance,630,183.0,0.0,1731.0,1,1,6,2.3,0,,2.3,0.0
CUST103045,2026-09-06,37,Tier 3,Basic,Credit Card,694,221.0,2.9,4065.0,1,0,29,0.7,0,,0.7,0.0
CUST103046,2026-03-01,36,Tier 2,Standard,BNPL,699,501.0,8.7,2843.0,2,0,1,7.0,0,,7.0,0.0
CUST103047,2026-03-03,29,Tier 3,Standard,Personal Loan,720,1078.0,3.3,1610.0,1,0,7,6.9,0,,6.9,0.0
CUST103048,2025-09-23,34,Tier 1,Standard,Personal Loan,700,672.0,5.8,2290.0,0,0,35,12.3,0,,12.3,0.0
CUST103049,2025-08-13,35,Tier 2,Standard,Credit Card,673,814.0,0.0,3269.0,2,0,12,13.6,0,,13.6,0.0
CUST103050,2025-09-01,23,Tier 2,Standard,BNPL,672,328.0,5.9,1805.0,1,1,22,13.0,1,2025-11-08,2.3,5904.0
CUST103051,2026-04-21,33,Tier 1,Standard,Credit Card,726,695.0,16.5,2099.0,0,0,33,5.3,0,,5.3,0.0
CUST103052,2025-12-01,21,Tier 3,Standard,Insurance,703,370.0,6.9,1910.0,0,0,15,10.0,0,,10.0,0.0
CUST103053,2026-01-11,35,Tier 3,Standard,Credit Card,683,718.0,10.1,3327.0,1,1,18,8.6,0,,8.6,0.0
CUST103054,2026-04-15,37,Tier 2,Basic,Credit Card,479,150.0,6.1,2678.0,2,2,51,5.5,1,2026-05-25,1.3,2700.0
CUST103055,2025-12-28,37,Tier 1,Basic,Personal Loan,589,341.0,12.3,1709.0,3,1,4,9.1,1,2026-01-13,0.5,6138.0
CUST103056,2024-04-27,28,Tier 2,Basic,BNPL,596,163.0,7.7,4227.0,1,1,3,29.4,0,,29.4,0.0
CUST103057,2026-07-24,34,Tier 3,Premium,Personal Loan,791,1873.0,8.8,1405.0,0,0,10,2.1,0,,2.1,0.0
CUST103058,2024-10-18,43,Tier 2,Premium,BNPL,747,634.0,10.6,2282.0,0,0,37,23.6,0,,23.6,0.0
CUST103059,2026-09-10,43,Tier 1,Basic,Insurance,599,252.0,14.6,3383.0,2,0,36,0.5,1,2026-09-22,0.4,4536.0
CUST103060,2026-06-08,31,Tier 2,Standard,Insurance,678,636.0,12.3,2194.0,0,0,24,3.7,0,,3.7,0.0
CUST103061,2026-06-17,33,Tier 1,Premium,Credit Card,757,1341.0,7.7,2006.0,1,0,11,3.4,0,,3.4,0.0
CUST103062,2025-12-05,40,Tier 3,Standard,BNPL,697,477.0,10.4,2693.0,1,1,19,9.8,0,,9.8,0.0
CUST103063,2026-08-15,21,Tier 1,Basic,BNPL,609,145.0,7.9,2449.0,1,1,8,1.4,0,,1.4,0.0
CUST103064,2024-12-23,29,Tier 2,Basic,Personal Loan,706,351.0,10.5,1557.0,2,0,64,21.4,0,,21.4,0.0
CUST103065,2025-04-15,42,Tier 3,Standard,Credit Card,656,634.0,9.2,2938.0,0,1,17,17.6,0,,17.6,0.0
CUST103066,2025-11-14,39,Tier 1,Premium,Personal Loan,726,1881.0,8.3,1560.0,0,0,38,10.5,1,2026-02-09,2.9,33858.0
CUST103067,2026-03-27,34,Tier 1,Basic,Credit Card,660,279.0,13.1,1055.0,3,1,3,6.1,1,2026-08-07,4.4,5022.0
CUST103068,2024-07-08,21,Tier 1,Standard,Personal Loan,721,793.0,7.1,2490.0,2,1,7,27.0,0,,27.0,0.0
CUST103069,2025-04-12,31,Tier 1,Basic,Personal Loan,677,263.0,6.8,1534.0,2,0,4,17.7,0,,17.7,0.0
CUST103070,2026-03-03,27,Tier 1,Basic,Credit Card,622,264.0,11.4,2352.0,2,1,69,6.9,1,2026-03-13,0.3,4752.0
CUST103071,2025-09-28,34,Tier 3,Basic,Credit Card,536,309.0,8.5,2671.0,2,2,60,12.1,0,,12.1,0.0
CUST103072,2026-01-18,25,Tier 3,Standard,Credit Card,626,689.0,8.4,2495.0,1,0,30,8.4,1,2026-08-04,6.6,12402.0
CUST103073,2026-01-04,23,Tier 3,Standard,Personal Loan,659,886.0,5.5,5144.0,3,1,23,8.8,1,2026-01-28,0.8,15948.0
CUST103074,2026-05-29,21,Tier 3,Standard,Credit Card,710,645.0,2.7,3652.0,0,0,2,4.0,0,,4.0,0.0
CUST103075,2026-03-24,41,Tier 1,Basic,Personal Loan,495,362.0,13.0,2838.0,2,2,18,6.2,0,,6.2,0.0
CUST103076,2026-09-02,28,Tier 1,Basic,Credit Card,528,241.0,7.8,2787.0,1,2,43,0.8,1,2026-09-16,0.5,4338.0
CUST103077,2026-05-17,33,Tier 1,Premium,Credit Card,795,1273.0,10.0,3073.0,0,0,4,4.4,0,,4.4,0.0
CUST103078,2025-10-04,31,Tier 3,Standard,Credit Card,623,794.0,9.6,2345.0,1,1,25,11.9,1,2025-10-20,0.5,14292.0
CUST103079,2024-03-22,23,Tier 2,Basic,BNPL,641,123.0,4.3,2266.0,2,0,12,30.6,0,,30.6,0.0
CUST103080,2024-01-11,21,Tier 1,Basic,Credit Card,621,294.0,6.0,2302.0,0,0,27,33.0,1,2025-06-20,17.5,5292.0
CUST103081,2026-01-26,23,Tier 1,Basic,BNPL,607,205.0,10.7,1925.0,4,0,15,8.1,1,2026-03-19,1.7,3690.0
CUST103082,2025-12-21,26,Tier 2,Standard,Credit Card,601,724.0,5.3,4174.0,0,1,51,9.3,1,2026-01-02,0.4,13032.0
CUST103083,2026-07-27,34,Tier 2,Standard,Credit Card,683,488.0,8.3,1444.0,1,1,12,2.0,0,,2.0,0.0
CUST103084,2025-10-05,25,Tier 3,Basic,Credit Card,597,251.0,10.2,3222.0,3,1,12,11.9,0,,11.9,0.0
CUST103085,2026-09-05,45,Tier 1,Basic,Personal Loan,740,315.0,17.0,3087.0,3,1,2,0.7,0,,0.7,0.0
CUST103086,2026-06-18,40,Tier 3,Standard,BNPL,595,326.0,4.9,2982.0,3,0,3,3.3,0,,3.3,0.0
CUST103087,2025-10-30,38,Tier 2,Premium,Credit Card,782,1440.0,8.8,2412.0,1,0,8,11.0,0,,11.0,0.0
CUST103088,2026-06-07,31,Tier 2,Standard,Credit Card,615,750.0,7.0,1558.0,1,0,24,3.7,0,,3.7,0.0
CUST103089,2026-09-11,44,Tier 3,Standard,Personal Loan,717,785.0,6.9,2772.0,2,0,62,0.5,1,2026-09-17,0.2,14130.0
CUST103090,2025-04-10,30,Tier 3,Standard,Personal Loan,669,823.0,1.7,2771.0,1,0,18,17.8,1,2026-09-11,17.3,14814.0
CUST103091,2026-06-07,31,Tier 1,Basic,Insurance,570,213.0,5.5,4493.0,2,1,40,3.7,1,2026-07-30,1.8,3834.0
CUST103092,2026-09-07,33,Tier 1,Standard,BNPL,744,541.0,10.3,2958.0,1,0,19,0.6,0,,0.6,0.0
CUST103093,2026-09-03,37,Tier 2,Basic,Personal Loan,675,312.0,4.0,2634.0,0,1,81,0.8,1,2026-09-26,0.8,5616.0
CUST103094,2026-07-01,37,Tier 2,Standard,Credit Card,619,490.0,10.6,2391.0,0,1,7,2.9,0,,2.9,0.0
CUST103095,2026-07-30,28,Tier 2,Basic,Credit Card,620,171.0,6.7,2021.0,2,0,32,1.9,1,2026-08-23,0.8,3078.0
CUST103096,2025-07-07,27,Tier 3,Basic,BNPL,616,168.0,11.0,2612.0,3,0,112,14.9,1,2025-11-02,3.9,3024.0
CUST103097,2026-06-02,37,Tier 1,Premium,Personal Loan,739,1607.0,9.1,2933.0,1,1,0,3.9,0,,3.9,0.0
CUST103098,2025-05-25,37,Tier 2,Premium,Personal Loan,718,2007.0,14.9,1693.0,0,0,3,16.3,0,,16.3,0.0
CUST103099,2026-07-31,28,Tier 1,Standard,BNPL,675,217.0,6.4,1951.0,0,1,28,1.9,0,,1.9,0.0
CUST103100,2026-03-07,21,Tier 3,Premium,Personal Loan,707,1669.0,9.3,1581.0,0,0,6,6.8,0,,6.8,0.0
CUST103101,2025-10-12,30,Tier 3,Basic,Personal Loan,690,258.0,7.7,2810.0,1,0,6,11.6,0,,11.6,0.0
CUST103102,2025-11-14,36,Tier 2,Basic,Insurance,707,247.0,9.2,3383.0,0,0,30,10.5,0,,10.5,0.0
CUST103103,2025-12-25,46,Tier 1,Standard,Credit Card,699,734.0,10.3,100.0,1,0,14,9.2,0,,9.2,0.0
CUST103104,2024-08-11,22,Tier 3,Standard,Personal Loan,621,889.0,7.3,2079.0,0,1,12,25.9,0,,25.9,0.0
CUST103105,2026-07-11,28,Tier 2,Standard,Personal Loan,731,704.0,8.0,3986.0,0,0,8,2.6,0,,2.6,0.0
CUST103106,2026-03-06,28,Tier 1,Basic,Personal Loan,605,288.0,10.2,3042.0,1,3,2,6.8,1,2026-08-24,5.7,5184.0
CUST103107,2024-12-19,42,Tier 3,Premium,Personal Loan,799,1886.0,8.1,2722.0,1,0,9,21.5,0,,21.5,0.0
CUST103108,2026-09-02,31,Tier 3,Standard,BNPL,705,171.0,4.7,1297.0,0,1,15,0.8,1,2026-09-09,0.2,3078.0
CUST103109,2026-09-09,24,Tier 2,Basic,Credit Card,667,238.0,7.8,3160.0,1,0,31,0.6,0,,0.6,0.0
CUST103110,2026-07-09,36,Tier 2,Basic,BNPL,641,226.0,8.5,2310.0,3,0,0,2.6,1,2026-09-21,2.5,4068.0
CUST103111,2025-11-30,28,Tier 1,Standard,Insurance,599,562.0,8.9,3055.0,1,0,2,10.0,0,,10.0,0.0
CUST103112,2026-06-28,22,Tier 2,Basic,Credit Card,620,176.0,9.2,4393.0,0,1,6,3.0,0,,3.0,0.0
CUST103113,2026-07-25,24,Tier 2,Premium,Personal Loan,764,1650.0,6.7,1188.0,1,0,6,2.1,0,,2.1,0.0
CUST103114,2026-03-26,45,Tier 1,Standard,Credit Card,678,568.0,17.5,3671.0,3,0,33,6.1,1,2026-05-03,1.3,10224.0
CUST103115,2025-12-15,35,Tier 1,Basic,Insurance,632,332.0,9.9,2103.0,2,1,10,9.5,0,,9.5,0.0
CUST103116,2026-07-03,32,Tier 1,Basic,BNPL,578,233.0,4.0,3486.0,5,1,58,2.8,1,2026-07-25,0.7,4194.0
CUST103117,2026-06-11,30,Tier 1,Premium,Personal Loan,768,2025.0,11.2,1831.0,1,0,3,3.6,0,,3.6,0.0
CUST103118,2025-12-15,34,Tier 2,Standard,BNPL,699,345.0,9.9,1480.0,0,0,28,9.5,0,,9.5,0.0
CUST103119,2024-05-05,34,Tier 2,Standard,Credit Card,650,806.0,11.1,3040.0,1,1,41,29.1,0,,29.1,0.0
CUST103120,2025-10-25,34,Tier 2,Standard,Insurance,606,438.0,9.7,865.0,1,0,34,11.2,0,,11.2,0.0
CUST103121,2025-06-25,32,Tier 1,Standard,Personal Loan,693,985.0,11.1,1670.0,3,0,27,15.3,0,,15.3,0.0
CUST103122,2026-05-12,38,Tier 2,Premium,Credit Card,727,1660.0,8.6,1671.0,2,0,0,4.6,0,,4.6,0.0
CUST103123,2026-06-23,32,Tier 3,Standard,BNPL,790,370.0,14.8,1749.0,1,0,8,3.2,0,,3.2,0.0
CUST103124,2026-03-29,24,Tier 2,Basic,Credit Card,601,307.0,12.7,2917.0,1,1,8,6.0,1,2026-08-30,5.1,5526.0
CUST103125,2025-05-21,27,Tier 3,Basic,Credit Card,585,228.0,9.4,2830.0,1,1,23,16.4,1,2025-07-16,1.9,4104.0
CUST103126,2026-03-28,21,Tier 2,Basic,Personal Loan,674,262.0,9.7,2256.0,1,0,15,6.1,1,2026-04-12,0.5,4716.0
CUST103127,2025-03-13,48,Tier 2,Premium,Personal Loan,701,2094.0,6.7,1657.0,0,0,10,18.7,0,,18.7,0.0
CUST103128,2023-09-27,38,Tier 1,Basic,Credit Card,614,246.0,16.3,2199.0,4,0,29,36.5,1,2025-09-06,23.7,4428.0
CUST103129,2026-09-04,25,Tier 2,Basic,Insurance,542,255.0,10.3,1190.0,1,1,20,0.7,0,,0.7,0.0
CUST103130,2026-09-13,29,Tier 3,Basic,Personal Loan,576,416.0,6.6,1184.0,3,2,51,0.4,1,2026-09-25,0.4,7488.0
CUST103131,2026-08-09,26,Tier 3,Basic,Credit Card,428,214.0,9.7,1682.0,2,2,1,1.6,0,,1.6,0.0
CUST103132,2026-05-04,44,Tier 3,Basic,BNPL,590,143.0,7.3,1016.0,3,2,70,4.8,1,2026-05-15,0.4,2574.0
CUST103133,2026-08-15,21,Tier 1,Standard,Personal Loan,660,1049.0,7.3,2443.0,1,0,0,1.4,0,,1.4,0.0
CUST103134,2025-01-21,32,Tier 2,Standard,Credit Card,758,737.0,6.5,2851.0,0,0,12,20.4,0,,20.4,0.0
CUST103135,2026-09-19,31,Tier 2,Basic,BNPL,622,115.0,5.6,2327.0,3,2,75,0.2,0,,0.2,0.0
CUST103136,2026-06-05,38,Tier 2,Basic,BNPL,611,102.0,3.7,1317.0,3,1,19,3.8,0,,3.8,0.0
CUST103137,2026-07-27,31,Tier 1,Basic,Credit Card,738,224.0,7.4,1902.0,5,0,49,2.0,1,2026-09-24,2.0,4032.0
CUST103138,2024-07-14,21,Tier 3,Standard,BNPL,642,294.0,10.0,3144.0,0,2,10,26.8,0,,26.8,0.0
CUST103139,2025-10-29,29,Tier 3,Premium,Personal Loan,798,1886.0,6.9,3370.0,0,0,19,11.1,0,,11.1,0.0
CUST103140,2024-09-27,24,Tier 2,Standard,Insurance,690,595.0,6.1,1227.0,0,0,143,24.3,1,2024-12-11,2.5,10710.0
CUST103141,2023-10-16,32,Tier 1,Basic,Personal Loan,654,339.0,8.5,2714.0,2,0,80,35.9,1,2025-05-06,18.9,6102.0
CUST103142,2026-03-04,43,Tier 1,Standard,BNPL,718,281.0,8.8,1574.0,0,0,1,6.9,0,,6.9,0.0
CUST103143,2026-07-08,21,Tier 2,Standard,Personal Loan,679,836.0,13.4,3380.0,1,0,3,2.7,0,,2.7,0.0
CUST103144,2026-07-24,25,Tier 1,Standard,Insurance,665,318.0,7.4,3430.0,0,0,16,2.1,0,,2.1,0.0
CUST103145,2026-07-13,27,Tier 3,Standard,BNPL,716,409.0,4.8,100.0,0,1,65,2.5,1,2026-08-18,1.2,7362.0
CUST103146,2025-09-22,28,Tier 2,Basic,BNPL,651,209.0,4.9,1467.0,1,2,18,12.3,1,2025-11-17,1.9,3762.0
CUST103147,2026-09-14,37,Tier 2,Basic,Personal Loan,521,254.0,8.0,2690.0,2,0,11,0.4,0,,0.4,0.0
CUST103148,2026-09-11,30,Tier 2,Basic,Credit Card,598,274.0,7.1,308.0,1,1,117,0.5,1,2026-09-20,0.3,4932.0
CUST103149,2025-12-19,35,Tier 1,Standard,Credit Card,774,571.0,5.0,3637.0,1,0,25,9.4,0,,9.4,0.0
CUST103150,2025-11-22,26,Tier 3,Basic,BNPL,590,190.0,8.4,2667.0,0,0,52,10.3,0,,10.3,0.0
CUST103151,2025-11-02,33,Tier 2,Standard,Personal Loan,695,866.0,4.0,908.0,2,0,2,10.9,0,,10.9,0.0
CUST103152,2026-05-10,38,Tier 3,Basic,Insurance,572,245.0,7.2,3200.0,3,1,11,4.6,0,,4.6,0.0
CUST103153,2025-05-23,26,Tier 2,Standard,BNPL,654,398.0,11.8,3207.0,3,0,14,16.4,0,,16.4,0.0
CUST103154,2026-02-10,38,Tier 2,Standard,Personal Loan,670,1018.0,4.4,2822.0,2,1,27,7.6,0,,7.6,0.0
CUST103155,2026-08-24,32,Tier 1,Basic,BNPL,572,167.0,7.4,2691.0,2,2,15,1.1,0,,1.1,0.0
CUST103156,2025-06-05,40,Tier 2,Basic,Credit Card,511,215.0,0.0,3061.0,1,2,8,15.9,0,,15.9,0.0
CUST103157,2024-03-23,30,Tier 3,Premium,Credit Card,761,1428.0,6.4,1292.0,0,0,6,30.6,0,,30.6,0.0
CUST103158,2026-09-08,35,Tier 3,Basic,Credit Card,543,232.0,6.0,2443.0,1,2,19,0.6,1,2026-09-13,0.2,4176.0
CUST103159,2026-05-01,31,Tier 3,Standard,Credit Card,805,671.0,6.7,1544.0,1,0,41,4.9,0,,4.9,0.0
CUST103160,2026-03-10,31,Tier 1,Standard,BNPL,686,335.0,4.6,3275.0,2,0,54,6.7,0,,6.7,0.0
CUST103161,2026-08-10,34,Tier 3,Premium,Credit Card,796,1210.0,10.6,2232.0,0,0,2,1.6,1,2026-09-15,1.2,21780.0
CUST103162,2025-01-28,36,Tier 3,Standard,Credit Card,650,676.0,10.3,217.0,1,1,7,20.2,0,,20.2,0.0
CUST103163,2026-06-18,22,Tier 1,Standard,BNPL,622,397.0,6.1,876.0,1,1,31,3.3,0,,3.3,0.0
CUST103164,2025-06-25,43,Tier 3,Premium,BNPL,744,1138.0,8.7,2185.0,0,0,3,15.3,0,,15.3,0.0
CUST103165,2025-10-28,21,Tier 1,Standard,Personal Loan,588,791.0,8.4,1712.0,3,0,6,11.1,0,,11.1,0.0
CUST103166,2025-12-27,26,Tier 2,Basic,BNPL,672,51.0,3.2,1748.0,0,0,40,9.1,1,2026-08-24,8.0,918.0
CUST103167,2026-07-24,31,Tier 1,Premium,Credit Card,750,1298.0,12.2,1523.0,1,0,7,2.1,0,,2.1,0.0
CUST103168,2026-07-14,35,Tier 3,Basic,Personal Loan,611,244.0,5.1,1451.0,1,0,43,2.5,1,2026-09-07,1.8,4392.0
CUST103169,2026-09-12,44,Tier 1,Standard,Personal Loan,698,899.0,10.1,2535.0,1,1,2,0.5,0,,0.5,0.0
CUST103170,2026-07-06,21,Tier 2,Basic,Credit Card,589,166.0,8.0,2876.0,4,2,25,2.7,1,2026-08-26,1.7,2988.0
CUST103171,2026-05-22,27,Tier 2,Standard,BNPL,712,262.0,11.1,2437.0,1,0,22,4.2,0,,4.2,0.0
CUST103172,2025-04-07,21,Tier 1,Standard,Credit Card,660,603.0,9.3,2798.0,1,0,13,17.9,1,2025-08-08,4.1,10854.0
CUST103173,2026-05-13,32,Tier 2,Standard,BNPL,679,591.0,6.2,2257.0,0,0,3,4.5,0,,4.5,0.0
CUST103174,2025-08-01,34,Tier 1,Premium,Personal Loan,788,1520.0,6.1,809.0,0,1,1,14.0,0,,14.0,0.0
CUST103175,2026-04-06,44,Tier 2,Standard,Credit Card,621,652.0,9.3,3547.0,1,0,18,5.8,0,,5.8,0.0
CUST103176,2025-06-23,32,Tier 3,Basic,Insurance,619,254.0,5.2,3489.0,1,0,5,15.3,0,,15.3,0.0
CUST103177,2023-09-27,40,Tier 3,Basic,BNPL,690,224.0,14.4,2761.0,1,0,13,36.5,0,,36.5,0.0
CUST103178,2026-07-06,36,Tier 3,Basic,Personal Loan,620,364.0,5.4,1091.0,3,1,20,2.7,1,2026-08-17,1.4,6552.0
CUST103179,2025-02-09,28,Tier 1,Basic,Credit Card,652,305.0,3.2,874.0,2,0,31,19.8,1,2025-07-27,5.6,5490.0
CUST103180,2025-12-09,21,Tier 1,Premium,Personal Loan,789,2062.0,9.3,1538.0,1,0,3,9.7,0,,9.7,0.0
CUST103181,2025-05-05,34,Tier 2,Standard,Credit Card,686,493.0,10.5,4136.0,0,0,10,17.0,0,,17.0,0.0
CUST103182,2025-11-14,21,Tier 1,Standard,BNPL,704,437.0,0.0,2536.0,0,0,9,10.5,0,,10.5,0.0
CUST103183,2026-04-14,42,Tier 3,Standard,BNPL,653,500.0,6.9,2219.0,0,1,2,5.5,0,,5.5,0.0
CUST103184,2026-07-11,30,Tier 1,Standard,Personal Loan,764,721.0,9.4,2313.0,0,0,33,2.6,0,,2.6,0.0
CUST103185,2026-09-05,41,Tier 3,Standard,Insurance,638,510.0,1.6,1851.0,1,0,27,0.7,0,,0.7,0.0
CUST103186,2026-02-08,28,Tier 1,Standard,Credit Card,694,546.0,7.8,2146.0,0,1,31,7.7,0,,7.7,0.0
CUST103187,2023-09-27,34,Tier 3,Standard,Credit Card,722,750.0,0.9,2286.0,3,0,3,36.5,0,,36.5,0.0
CUST103188,2025-08-21,33,Tier 1,Basic,Credit Card,569,247.0,4.5,1681.0,1,0,26,13.4,0,,13.4,0.0
CUST103189,2026-05-31,31,Tier 1,Basic,Credit Card,582,234.0,14.2,1110.0,1,3,14,3.9,0,,3.9,0.0
CUST103190,2025-04-18,28,Tier 2,Standard,Credit Card,676,483.0,10.9,2298.0,2,0,9,17.5,1,2026-07-04,14.7,8694.0
CUST103191,2025-07-14,35,Tier 1,Basic,Credit Card,641,247.0,7.6,1509.0,5,1,2,14.6,1,2026-06-19,11.3,4446.0
CUST103192,2026-06-19,24,Tier 2,Basic,Credit Card,733,222.0,6.6,3173.0,3,0,102,3.3,0,,3.3,0.0
CUST103193,2026-09-21,22,Tier 2,Standard,Personal Loan,670,877.0,0.9,2642.0,2,0,56,0.2,0,,0.2,0.0
CUST103194,2026-08-20,41,Tier 1,Standard,BNPL,608,241.0,2.6,2105.0,1,0,10,1.2,0,,1.2,0.0
CUST103195,2025-01-05,37,Tier 3,Standard,Credit Card,747,673.0,6.7,1555.0,1,0,39,21.0,0,,21.0,0.0
CUST103196,2025-04-01,32,Tier 2,Basic,Personal Loan,705,303.0,7.4,2813.0,2,0,14,18.1,0,,18.1,0.0
CUST103197,2026-06-14,45,Tier 2,Basic,BNPL,654,88.0,6.3,2850.0,1,1,29,3.5,0,,3.5,0.0
CUST103198,2026-06-18,29,Tier 2,Premium,Insurance,791,888.0,6.4,1789.0,1,0,14,3.3,0,,3.3,0.0
CUST103199,2025-06-11,42,Tier 2,Standard,Insurance,671,432.0,6.5,2522.0,0,0,15,15.7,0,,15.7,0.0
CUST103200,2024-06-16,33,Tier 1,Standard,Credit Card,706,623.0,8.2,1428.0,0,0,4,27.7,0,,27.7,0.0
CUST103201,2025-06-30,23,Tier 1,Standard,Personal Loan,713,861.0,6.1,2348.0,1,0,10,15.1,0,,15.1,0.0
CUST103202,2025-12-21,46,Tier 2,Standard,Credit Card,648,685.0,9.8,1464.0,1,0,29,9.3,0,,9.3,0.0
CUST103203,2026-07-05,39,Tier 2,Basic,Personal Loan,629,340.0,8.2,1760.0,1,1,53,2.8,0,,2.8,0.0
CUST103204,2026-02-15,31,Tier 1,Basic,Insurance,704,187.0,6.4,2977.0,3,0,14,7.4,0,,7.4,0.0
CUST103205,2026-07-09,37,Tier 2,Basic,Personal Loan,667,378.0,10.4,3263.0,3,0,27,2.6,1,2026-08-07,1.0,6804.0
CUST103206,2025-05-19,28,Tier 2,Basic,Personal Loan,482,303.0,3.6,948.0,0,2,8,16.5,0,,16.5,0.0
CUST103207,2026-05-03,38,Tier 1,Basic,Credit Card,556,273.0,9.8,2062.0,0,3,10,4.9,1,2026-07-16,2.5,4914.0
CUST103208,2025-04-06,21,Tier 1,Standard,Credit Card,670,629.0,11.5,2810.0,1,1,3,17.9,0,,17.9,0.0
CUST103209,2026-05-05,23,Tier 2,Basic,BNPL,640,169.0,6.0,1261.0,4,0,20,4.8,0,,4.8,0.0
CUST103210,2025-04-23,39,Tier 1,Standard,Credit Card,746,622.0,6.1,1843.0,0,0,25,17.4,1,2025-05-26,1.1,11196.0
CUST103211,2026-05-28,30,Tier 1,Basic,Personal Loan,512,345.0,10.3,2691.0,1,2,74,4.0,1,2026-09-03,3.3,6210.0
CUST103212,2026-04-05,33,Tier 1,Standard,Personal Loan,624,844.0,6.9,1715.0,1,0,16,5.8,0,,5.8,0.0
CUST103213,2025-12-14,21,Tier 3,Basic,Credit Card,566,291.0,4.3,1003.0,2,1,37,9.5,0,,9.5,0.0
CUST103214,2026-09-05,46,Tier 2,Standard,Personal Loan,786,739.0,6.2,1899.0,0,0,6,0.7,1,2026-09-13,0.3,13302.0
CUST103215,2024-04-21,41,Tier 1,Premium,Credit Card,748,904.0,5.3,2010.0,1,0,2,29.6,0,,29.6,0.0
CUST103216,2026-01-14,30,Tier 1,Standard,Credit Card,642,523.0,14.4,3601.0,0,1,10,8.5,0,,8.5,0.0
CUST103217,2026-02-26,28,Tier 2,Premium,BNPL,784,1139.0,7.0,4319.0,0,0,8,7.1,0,,7.1,0.0
CUST103218,2025-03-27,40,Tier 2,Basic,Insurance,578,217.0,2.3,2502.0,2,2,1,18.3,1,2025-04-27,1.0,3906.0
CUST103219,2025-02-01,47,Tier 3,Basic,Insurance,604,230.0,7.9,2285.0,2,1,3,20.1,0,,20.1,0.0
CUST103220,2026-02-17,39,Tier 3,Standard,Insurance,621,448.0,7.6,1200.0,1,1,20,7.4,0,,7.4,0.0
CUST103221,2024-08-01,49,Tier 2,Standard,Personal Loan,686,854.0,10.1,943.0,0,0,4,26.2,0,,26.2,0.0
CUST103222,2026-09-06,24,Tier 1,Premium,Personal Loan,804,1534.0,1.6,3246.0,0,0,6,0.7,0,,0.7,0.0
CUST103223,2026-08-21,25,Tier 3,Premium,Credit Card,755,1155.0,10.6,875.0,0,0,28,1.2,0,,1.2,0.0
CUST103224,2025-12-28,22,Tier 3,Standard,BNPL,790,338.0,4.1,2794.0,2,0,40,9.1,1,2026-01-03,0.2,6084.0
CUST103225,2026-05-18,35,Tier 2,Basic,Insurance,602,247.0,9.8,4348.0,1,0,2,4.4,0,,4.4,0.0
CUST103226,2026-03-23,33,Tier 2,Standard,BNPL,584,462.0,2.0,1280.0,2,1,1,6.2,0,,6.2,0.0
CUST103227,2026-05-30,30,Tier 1,Standard,Personal Loan,672,920.0,8.3,475.0,1,1,3,4.0,0,,4.0,0.0
CUST103228,2026-04-24,38,Tier 1,Premium,Insurance,739,815.0,8.4,2632.0,0,0,1,5.2,0,,5.2,0.0
CUST103229,2025-04-26,41,Tier 2,Standard,Credit Card,703,649.0,9.3,3357.0,0,1,6,17.3,0,,17.3,0.0
CUST103230,2025-12-30,21,Tier 3,Standard,Personal Loan,681,819.0,7.7,1309.0,1,0,9,9.0,0,,9.0,0.0
CUST103231,2023-09-27,27,Tier 2,Basic,Credit Card,602,173.0,6.4,3063.0,1,0,3,36.5,0,,36.5,0.0
CUST103232,2025-06-20,38,Tier 3,Standard,Personal Loan,699,847.0,5.5,3323.0,0,1,12,15.4,1,2025-07-03,0.4,15246.0
CUST103233,2026-06-23,28,Tier 1,Premium,Credit Card,813,1330.0,3.8,2544.0,0,0,8,3.2,0,,3.2,0.0
CUST103234,2026-06-26,25,Tier 1,Standard,Credit Card,644,716.0,15.6,1842.0,0,1,22,3.1,0,,3.1,0.0
CUST103235,2026-05-27,40,Tier 2,Standard,Credit Card,650,661.0,7.0,2927.0,1,1,10,4.1,0,,4.1,0.0
CUST103236,2025-03-20,21,Tier 1,Standard,Credit Card,672,579.0,15.5,1730.0,1,0,7,18.5,0,,18.5,0.0
CUST103237,2026-09-18,29,Tier 2,Basic,BNPL,669,196.0,5.1,2159.0,2,1,36,0.3,1,2026-09-25,0.2,3528.0
CUST103238,2026-07-10,34,Tier 1,Basic,BNPL,604,50.0,10.5,1872.0,3,2,85,2.6,1,2026-08-11,1.1,900.0
CUST103239,2024-10-21,27,Tier 3,Standard,Credit Card,623,642.0,2.8,2453.0,2,1,10,23.5,1,2026-07-10,20.9,11556.0
CUST103240,2025-11-24,38,Tier 3,Standard,BNPL,677,161.0,5.8,2359.0,2,0,7,10.2,0,,10.2,0.0
CUST103241,2026-07-11,27,Tier 2,Standard,Insurance,660,466.0,3.3,2177.0,0,1,25,2.6,0,,2.6,0.0
CUST103242,2026-07-14,43,Tier 1,Standard,Personal Loan,656,913.0,10.3,1982.0,0,0,42,2.5,0,,2.5,0.0
CUST103243,2025-02-08,30,Tier 2,Basic,Credit Card,596,186.0,12.1,2735.0,1,1,112,19.8,0,,19.8,0.0
CUST103244,2024-11-23,37,Tier 3,Basic,Personal Loan,539,254.0,5.5,1544.0,0,2,9,22.4,0,,22.4,0.0
CUST103245,2026-06-30,37,Tier 2,Standard,Personal Loan,696,1155.0,3.5,1470.0,0,1,7,2.9,1,2026-08-19,1.7,20790.0
CUST103246,2026-04-16,26,Tier 1,Standard,BNPL,588,213.0,10.8,3222.0,1,1,47,5.4,1,2026-09-14,5.0,3834.0
CUST103247,2025-04-05,21,Tier 1,Standard,BNPL,668,605.0,3.5,3037.0,2,0,6,18.0,0,,18.0,0.0
CUST103248,2025-07-11,34,Tier 1,Basic,Personal Loan,681,316.0,7.8,1577.0,1,1,15,14.7,1,2026-04-12,9.2,5688.0
CUST103249,2025-05-10,32,Tier 1,Basic,BNPL,579,124.0,12.0,1521.0,3,2,36,16.8,0,,16.8,0.0
CUST103250,2026-02-19,36,Tier 3,Standard,BNPL,795,464.0,12.1,1571.0,0,0,17,7.3,0,,7.3,0.0
CUST103251,2024-09-29,30,Tier 3,Premium,Insurance,733,1634.0,3.4,539.0,2,0,21,24.2,0,,24.2,0.0
CUST103252,2026-05-31,28,Tier 1,Basic,Personal Loan,554,268.0,14.9,3050.0,1,4,33,3.9,1,2026-06-06,0.2,4824.0
CUST103253,2026-08-06,48,Tier 1,Premium,Insurance,785,1117.0,8.3,2525.0,0,0,7,1.7,0,,1.7,0.0
CUST103254,2025-09-21,21,Tier 1,Standard,Credit Card,625,760.0,11.0,1392.0,1,0,2,12.3,0,,12.3,0.0
CUST103255,2026-02-06,37,Tier 3,Premium,Credit Card,757,1481.0,6.7,2837.0,0,0,37,7.7,1,2026-03-31,1.8,26658.0
CUST103256,2025-02-25,27,Tier 2,Basic,Personal Loan,632,380.0,8.4,2996.0,2,0,19,19.3,0,,19.3,0.0
CUST103257,2026-09-01,29,Tier 2,Standard,Personal Loan,744,912.0,3.5,2155.0,0,0,17,0.8,0,,0.8,0.0
CUST103258,2025-03-19,29,Tier 2,Standard,BNPL,682,625.0,0.0,2607.0,0,0,14,18.5,0,,18.5,0.0
CUST103259,2026-06-14,25,Tier 2,Basic,Credit Card,573,259.0,12.4,2588.0,0,1,47,3.5,0,,3.5,0.0
CUST103260,2025-11-11,36,Tier 1,Standard,Personal Loan,649,874.0,11.9,2187.0,0,4,21,10.6,1,2026-04-10,5.0,15732.0
CUST103261,2026-09-14,43,Tier 1,Standard,Personal Loan,613,887.0,5.6,2226.0,1,1,8,0.4,0,,0.4,0.0
CUST103262,2025-12-18,35,Tier 2,Standard,BNPL,686,371.0,9.5,2529.0,0,0,15,9.4,0,,9.4,0.0
CUST103263,2025-09-13,32,Tier 2,Premium,Personal Loan,686,2057.0,8.9,2386.0,0,1,17,12.6,0,,12.6,0.0
CUST103264,2026-05-11,24,Tier 1,Basic,BNPL,588,162.0,4.6,1803.0,5,1,35,4.6,1,2026-07-28,2.6,2916.0
CUST103265,2026-07-16,36,Tier 1,Premium,Personal Loan,805,2041.0,9.4,1704.0,0,0,31,2.4,0,,2.4,0.0
CUST103266,2026-02-07,49,Tier 1,Standard,Personal Loan,752,968.0,7.8,3637.0,1,1,28,7.7,0,,7.7,0.0
CUST103267,2025-04-07,28,Tier 2,Standard,Credit Card,660,706.0,9.6,1862.0,0,0,13,17.9,0,,17.9,0.0
CUST103268,2026-06-01,28,Tier 2,Basic,Credit Card,635,275.0,8.5,1047.0,2,1,58,3.9,0,,3.9,0.0
CUST103269,2026-07-01,27,Tier 3,Basic,Credit Card,600,199.0,3.1,3261.0,5,0,20,2.9,0,,2.9,0.0
CUST103270,2026-06-20,28,Tier 1,Standard,Credit Card,675,578.0,3.0,2162.0,1,0,5,3.3,0,,3.3,0.0
CUST103271,2024-04-16,21,Tier 1,Premium,Insurance,649,1496.0,3.3,2133.0,0,0,10,29.8,0,,29.8,0.0
CUST103272,2026-05-16,35,Tier 1,Basic,Credit Card,758,321.0,12.3,2149.0,1,1,15,4.4,0,,4.4,0.0
CUST103273,2026-09-21,25,Tier 2,Standard,Personal Loan,730,593.0,5.7,3330.0,0,0,1,0.2,1,2026-09-26,0.2,10674.0
CUST103274,2025-06-27,21,Tier 2,Basic,Credit Card,615,222.0,3.3,1324.0,1,0,8,15.2,0,,15.2,0.0
CUST103275,2025-10-01,38,Tier 2,Basic,BNPL,657,151.0,9.7,3188.0,7,0,6,12.0,1,2026-06-24,8.9,2718.0
CUST103276,2026-08-16,23,Tier 1,Basic,Credit Card,503,206.0,18.0,2499.0,2,3,55,1.4,0,,1.4,0.0
CUST103277,2023-09-27,29,Tier 2,Standard,Personal Loan,697,738.0,7.4,3027.0,0,0,26,36.5,0,,36.5,0.0
CUST103278,2025-12-20,43,Tier 3,Standard,BNPL,601,452.0,9.5,1791.0,1,0,19,9.3,1,2026-01-14,0.8,8136.0
CUST103279,2026-03-02,21,Tier 3,Basic,Credit Card,568,329.0,3.7,4615.0,2,0,95,6.9,1,2026-03-29,0.9,5922.0
CUST103280,2026-05-05,21,Tier 3,Standard,Credit Card,684,386.0,9.8,2100.0,1,0,4,4.8,0,,4.8,0.0
CUST103281,2024-11-09,34,Tier 3,Standard,Personal Loan,755,823.0,6.5,2144.0,2,0,4,22.9,1,2026-05-18,18.5,14814.0
CUST103282,2026-07-05,41,Tier 3,Basic,Personal Loan,554,348.0,7.5,1381.0,3,1,84,2.8,1,2026-09-10,2.2,6264.0
CUST103283,2026-06-18,21,Tier 1,Basic,Credit Card,562,289.0,5.2,2085.0,4,2,36,3.3,1,2026-08-11,1.8,5202.0
CUST103284,2026-08-18,35,Tier 1,Standard,Personal Loan,678,886.0,3.3,1426.0,1,1,16,1.3,1,2026-09-25,1.3,15948.0
CUST103285,2025-07-26,36,Tier 1,Premium,Credit Card,680,1893.0,10.2,4148.0,2,1,13,14.2,0,,14.2,0.0
CUST103286,2025-12-29,21,Tier 2,Standard,Credit Card,542,654.0,12.0,582.0,1,1,7,9.0,1,2026-07-20,6.8,11772.0
CUST103287,2025-12-19,38,Tier 3,Basic,Personal Loan,644,391.0,8.1,111.0,2,1,32,9.4,1,2025-12-29,0.3,7038.0
CUST103288,2026-07-15,39,Tier 1,Basic,Insurance,682,193.0,6.4,1697.0,3,2,19,2.4,0,,2.4,0.0
CUST103289,2025-11-15,29,Tier 2,Standard,BNPL,699,398.0,9.0,2530.0,1,0,7,10.5,0,,10.5,0.0
CUST103290,2025-07-18,42,Tier 2,Premium,BNPL,781,500.0,8.3,3421.0,0,1,21,14.5,0,,14.5,0.0
CUST103291,2026-05-17,41,Tier 3,Basic,Personal Loan,640,370.0,8.5,2322.0,3,2,6,4.4,1,2026-07-25,2.3,6660.0
CUST103292,2025-05-30,32,Tier 2,Standard,Personal Loan,670,829.0,10.4,1901.0,1,2,0,16.1,0,,16.1,0.0
CUST103293,2026-05-21,28,Tier 3,Standard,Credit Card,588,697.0,5.3,2206.0,1,1,9,4.3,0,,4.3,0.0
CUST103294,2025-07-28,24,Tier 1,Basic,Personal Loan,606,309.0,9.0,2895.0,3,2,8,14.2,1,2025-12-25,5.0,5562.0
CUST103295,2026-09-16,31,Tier 1,Premium,Insurance,781,1424.0,1.9,1147.0,0,0,17,0.3,0,,0.3,0.0
CUST103296,2026-01-29,36,Tier 2,Basic,Personal Loan,582,345.0,9.6,3087.0,1,0,5,8.0,0,,8.0,0.0
CUST103297,2023-11-14,29,Tier 1,Premium,Credit Card,734,1121.0,6.7,523.0,0,0,28,34.9,0,,34.9,0.0
CUST103298,2023-09-27,21,Tier 1,Standard,Credit Card,596,528.0,8.9,1980.0,2,1,4,36.5,0,,36.5,0.0
CUST103299,2026-06-19,42,Tier 2,Basic,Credit Card,686,249.0,9.5,2111.0,0,0,77,3.3,1,2026-07-28,1.3,4482.0
CUST103300,2026-04-05,33,Tier 3,Standard,Personal Loan,728,931.0,11.7,916.0,3,0,4,5.8,1,2026-07-25,3.7,16758.0
CUST103301,2026-09-07,28,Tier 2,Basic,Credit Card,744,343.0,4.3,2231.0,2,0,2,0.6,0,,0.6,0.0
CUST103302,2025-01-15,38,Tier 1,Standard,Personal Loan,643,884.0,9.4,1806.0,2,0,13,20.6,0,,20.6,0.0
CUST103303,2026-01-17,44,Tier 2,Standard,BNPL,634,521.0,10.9,2418.0,1,1,9,8.4,0,,8.4,0.0
CUST103304,2026-05-04,21,Tier 1,Standard,Personal Loan,678,635.0,8.2,2459.0,0,0,18,4.8,0,,4.8,0.0
CUST103305,2026-08-22,35,Tier 1,Standard,Insurance,647,847.0,5.9,2535.0,0,0,20,1.2,0,,1.2,0.0
CUST103306,2024-04-30,21,Tier 2,Standard,BNPL,685,469.0,10.7,1743.0,1,0,54,29.3,0,,29.3,0.0
CUST103307,2026-02-12,35,Tier 1,Premium,Personal Loan,765,1806.0,10.4,2337.0,0,0,31,7.5,0,,7.5,0.0
CUST103308,2026-06-19,33,Tier 1,Standard,BNPL,669,369.0,14.4,3290.0,0,1,14,3.3,1,2026-08-09,1.7,6642.0
CUST103309,2026-05-20,37,Tier 3,Standard,Personal Loan,620,701.0,6.6,2917.0,1,0,5,4.3,0,,4.3,0.0
CUST103310,2026-06-24,28,Tier 1,Basic,Insurance,628,184.0,14.4,2473.0,1,0,10,3.1,1,2026-09-03,2.4,3312.0
CUST103311,2025-12-24,21,Tier 3,Basic,Credit Card,676,346.0,11.3,1330.0,2,0,4,9.2,0,,9.2,0.0
CUST103312,2024-07-21,28,Tier 2,Basic,Credit Card,640,201.0,8.2,100.0,1,0,11,26.6,0,,26.6,0.0
CUST103313,2025-02-21,35,Tier 3,Premium,Credit Card,658,1118.0,2.3,411.0,1,0,24,19.4,1,2026-09-25,19.4,20124.0
CUST103314,2026-03-25,40,Tier 1,Standard,Personal Loan,654,754.0,7.5,2776.0,0,0,9,6.2,0,,6.2,0.0
CUST103315,2025-04-19,22,Tier 2,Basic,Insurance,665,165.0,7.5,1478.0,0,1,35,17.5,0,,17.5,0.0
CUST103316,2026-04-14,40,Tier 1,Standard,Personal Loan,702,847.0,7.8,1048.0,0,0,80,5.5,1,2026-08-27,4.5,15246.0
CUST103317,2026-07-01,26,Tier 3,Premium,BNPL,788,1145.0,5.3,1611.0,0,0,1,2.9,0,,2.9,0.0
CUST103318,2023-09-27,34,Tier 1,Basic,Credit Card,550,219.0,5.3,2077.0,1,3,52,36.5,0,,36.5,0.0
CUST103319,2026-06-10,27,Tier 1,Basic,Insurance,590,156.0,9.0,2276.0,1,0,42,3.6,1,2026-09-04,2.9,2808.0
CUST103320,2026-06-01,33,Tier 3,Standard,Personal Loan,682,883.0,7.1,1540.0,1,0,34,3.9,0,,3.9,0.0
CUST103321,2023-09-27,39,Tier 1,Premium,Credit Card,769,1384.0,4.1,3023.0,1,0,1,36.5,0,,36.5,0.0
CUST103322,2026-08-14,22,Tier 1,Basic,Credit Card,643,300.0,13.8,2003.0,0,0,24,1.4,1,2026-09-02,0.6,5400.0
CUST103323,2025-07-25,26,Tier 1,Standard,BNPL,675,331.0,1.4,1973.0,1,0,20,14.3,0,,14.3,0.0
CUST103324,2024-06-25,33,Tier 2,Basic,Personal Loan,692,312.0,2.8,1368.0,5,0,50,27.4,1,2025-07-13,12.8,5616.0
CUST103325,2026-02-23,51,Tier 1,Basic,Personal Loan,570,318.0,9.3,3954.0,5,0,44,7.2,1,2026-07-19,4.9,5724.0
CUST103326,2026-09-21,25,Tier 2,Basic,Personal Loan,498,329.0,11.7,2052.0,0,1,30,0.2,0,,0.2,0.0
CUST103327,2026-05-08,48,Tier 1,Standard,BNPL,776,339.0,3.8,2689.0,0,0,13,4.7,0,,4.7,0.0
CUST103328,2026-08-22,48,Tier 2,Premium,Personal Loan,758,1665.0,8.6,2356.0,1,0,28,1.2,0,,1.2,0.0
CUST103329,2026-04-18,31,Tier 3,Basic,Credit Card,590,157.0,9.3,3319.0,2,2,7,5.4,1,2026-05-29,1.4,2826.0
CUST103330,2025-06-15,29,Tier 2,Basic,Personal Loan,680,297.0,11.3,1437.0,2,0,8,15.6,0,,15.6,0.0
CUST103331,2026-04-06,26,Tier 2,Basic,BNPL,524,186.0,5.4,2673.0,2,2,4,5.8,1,2026-04-27,0.7,3348.0
CUST103332,2026-04-10,31,Tier 1,Standard,Insurance,716,696.0,1.0,1916.0,3,1,2,5.6,0,,5.6,0.0
CUST103333,2026-01-25,21,Tier 1,Standard,Credit Card,722,589.0,11.1,2370.0,3,0,41,8.1,0,,8.1,0.0
CUST103334,2026-01-08,31,Tier 1,Basic,Credit Card,549,315.0,7.4,1889.0,1,2,33,8.7,1,2026-05-07,4.0,5670.0
CUST103335,2025-02-21,43,Tier 2,Basic,Personal Loan,629,324.0,5.2,3923.0,0,2,96,19.4,1,2025-11-24,9.2,5832.0
CUST103336,2026-06-08,27,Tier 2,Basic,Personal Loan,613,258.0,12.2,2099.0,2,2,76,3.7,1,2026-07-11,1.1,4644.0
CUST103337,2025-04-27,30,Tier 3,Basic,Personal Loan,655,242.0,7.8,800.0,1,1,13,17.2,1,2025-12-03,7.3,4356.0
CUST103338,2026-01-19,21,Tier 1,Standard,BNPL,671,548.0,12.9,2084.0,1,1,21,8.3,0,,8.3,0.0
CUST103339,2026-06-11,34,Tier 2,Basic,Credit Card,546,231.0,7.9,2320.0,2,0,17,3.6,1,2026-07-05,0.8,4158.0
CUST103340,2026-06-14,34,Tier 2,Basic,Insurance,600,164.0,5.6,2318.0,4,1,73,3.5,1,2026-09-18,3.2,2952.0
CUST103341,2026-05-15,32,Tier 2,Standard,Credit Card,691,356.0,1.0,1055.0,1,1,27,4.5,0,,4.5,0.0
CUST103342,2025-12-08,30,Tier 3,Basic,BNPL,691,130.0,12.4,1134.0,3,0,5,9.7,0,,9.7,0.0
CUST103343,2026-07-10,29,Tier 1,Standard,Credit Card,658,703.0,15.0,3873.0,2,0,6,2.6,0,,2.6,0.0
CUST103344,2024-08-29,36,Tier 1,Standard,Credit Card,718,559.0,4.6,1997.0,1,0,21,25.3,0,,25.3,0.0
CUST103345,2026-01-13,31,Tier 2,Basic,Personal Loan,548,272.0,14.3,2090.0,1,3,10,8.5,1,2026-06-15,5.1,4896.0
CUST103346,2024-08-30,34,Tier 1,Standard,Credit Card,674,579.0,8.8,4080.0,1,1,15,25.2,0,,25.2,0.0
CUST103347,2026-09-12,33,Tier 1,Standard,Credit Card,691,812.0,5.8,2922.0,2,0,6,0.5,0,,0.5,0.0
CUST103348,2026-05-24,40,Tier 1,Standard,BNPL,688,209.0,7.3,2169.0,1,0,23,4.2,0,,4.2,0.0
CUST103349,2026-09-20,37,Tier 1,Standard,Insurance,679,502.0,7.4,2412.0,1,1,2,0.2,0,,0.2,0.0
CUST103350,2026-06-23,33,Tier 2,Standard,Credit Card,826,807.0,7.7,3996.0,1,0,26,3.2,0,,3.2,0.0
CUST103351,2025-02-09,44,Tier 1,Standard,Personal Loan,646,909.0,10.4,1630.0,1,0,8,19.8,0,,19.8,0.0
CUST103352,2026-09-15,35,Tier 2,Basic,Credit Card,708,259.0,14.0,2951.0,2,2,21,0.4,0,,0.4,0.0
CUST103353,2026-04-08,42,Tier 2,Standard,Credit Card,646,566.0,13.6,2813.0,2,0,13,5.7,1,2026-09-10,5.2,10188.0
CUST103354,2026-08-20,36,Tier 2,Standard,Personal Loan,714,849.0,9.2,2254.0,0,0,4,1.2,1,2026-08-30,0.3,15282.0
CUST103355,2026-04-18,21,Tier 3,Premium,BNPL,760,689.0,7.5,1709.0,1,0,29,5.4,0,,5.4,0.0
CUST103356,2025-03-28,42,Tier 1,Basic,Insurance,555,182.0,12.7,2563.0,2,0,0,18.2,0,,18.2,0.0
CUST103357,2025-12-08,33,Tier 3,Standard,Insurance,650,445.0,8.1,2198.0,1,0,9,9.7,0,,9.7,0.0
CUST103358,2025-08-22,31,Tier 2,Basic,Personal Loan,670,364.0,13.2,2847.0,2,0,5,13.3,0,,13.3,0.0
CUST103359,2026-05-21,34,Tier 3,Basic,BNPL,597,147.0,7.7,725.0,3,0,16,4.3,1,2026-09-18,4.0,2646.0
CUST103360,2024-05-13,29,Tier 2,Basic,BNPL,551,166.0,7.3,5065.0,3,1,4,28.9,0,,28.9,0.0
CUST103361,2025-09-21,33,Tier 2,Standard,Credit Card,665,670.0,1.7,2735.0,1,0,10,12.3,0,,12.3,0.0
CUST103362,2026-04-15,27,Tier 3,Basic,Credit Card,590,272.0,8.6,2636.0,3,1,8,5.5,1,2026-08-24,4.4,4896.0
CUST103363,2026-04-13,42,Tier 3,Standard,BNPL,625,357.0,8.9,4050.0,1,1,16,5.5,0,,5.5,0.0
CUST103364,2024-09-04,31,Tier 1,Basic,Credit Card,652,226.0,6.7,1638.0,1,2,0,25.1,1,2024-12-28,3.8,4068.0
CUST103365,2026-01-12,28,Tier 1,Basic,Credit Card,619,209.0,5.7,1575.0,2,1,25,8.6,0,,8.6,0.0
CUST103366,2025-09-24,24,Tier 2,Standard,Credit Card,704,466.0,9.2,1906.0,3,4,7,12.2,0,,12.2,0.0
CUST103367,2026-04-18,34,Tier 3,Standard,Credit Card,705,504.0,12.3,4155.0,3,0,8,5.4,1,2026-09-08,4.8,9072.0
CUST103368,2026-07-13,33,Tier 1,Standard,Personal Loan,664,797.0,10.5,2117.0,2,0,9,2.5,1,2026-09-10,2.0,14346.0
CUST103369,2025-09-06,35,Tier 2,Basic,Insurance,687,145.0,11.2,4682.0,1,0,37,12.8,0,,12.8,0.0
CUST103370,2025-12-20,23,Tier 2,Standard,BNPL,715,210.0,5.6,1721.0,1,1,28,9.3,0,,9.3,0.0
CUST103371,2026-03-02,21,Tier 3,Standard,Credit Card,587,785.0,4.2,100.0,1,1,8,6.9,0,,6.9,0.0
CUST103372,2025-12-07,37,Tier 2,Standard,Personal Loan,644,874.0,6.7,686.0,2,1,52,9.8,1,2026-06-18,6.4,15732.0
CUST103373,2026-07-18,43,Tier 2,Basic,Credit Card,706,227.0,7.9,2731.0,2,0,48,2.3,0,,2.3,0.0
CUST103374,2025-06-10,23,Tier 3,Basic,Personal Loan,549,439.0,6.9,2783.0,0,0,18,15.8,1,2025-07-21,1.4,7902.0
CUST103375,2024-04-22,44,Tier 2,Basic,Personal Loan,544,243.0,12.8,2526.0,2,3,4,29.6,1,2025-05-25,13.3,4374.0
CUST103376,2024-11-30,34,Tier 2,Basic,Credit Card,541,299.0,6.7,1274.0,2,1,29,22.2,1,2025-09-03,9.2,5382.0
CUST103377,2026-06-02,31,Tier 1,Standard,Credit Card,671,636.0,4.1,1126.0,2,0,19,3.9,1,2026-09-16,3.5,11448.0
CUST103378,2026-04-23,28,Tier 2,Premium,Credit Card,779,1620.0,5.1,899.0,1,1,1,5.2,0,,5.2,0.0
CUST103379,2025-05-19,21,Tier 1,Basic,Personal Loan,566,330.0,9.6,1917.0,2,2,67,16.5,1,2026-03-18,10.1,5940.0
CUST103380,2025-12-29,39,Tier 1,Standard,Credit Card,621,407.0,10.1,2514.0,0,1,10,9.0,1,2026-06-03,5.2,7326.0
CUST103381,2026-01-31,25,Tier 2,Standard,Personal Loan,592,857.0,7.6,3356.0,1,3,3,7.9,0,,7.9,0.0
CUST103382,2024-08-04,25,Tier 2,Premium,Insurance,758,1354.0,6.9,3049.0,0,0,7,26.1,0,,26.1,0.0
CUST103383,2026-02-08,39,Tier 2,Standard,Credit Card,664,365.0,3.6,2363.0,2,0,11,7.7,1,2026-08-25,6.6,6570.0
CUST103384,2026-02-21,21,Tier 1,Premium,BNPL,685,1384.0,4.5,4616.0,0,2,10,7.2,0,,7.2,0.0
CUST103385,2026-09-14,21,Tier 2,Basic,Credit Card,686,266.0,16.2,2247.0,2,0,7,0.4,1,2026-09-20,0.2,4788.0
CUST103386,2026-09-05,31,Tier 2,Standard,Personal Loan,714,932.0,10.9,167.0,1,0,0,0.7,1,2026-09-26,0.7,16776.0
CUST103387,2026-09-21,34,Tier 2,Standard,Insurance,744,433.0,14.0,1002.0,1,0,13,0.2,1,2026-09-26,0.2,7794.0
CUST103388,2024-09-23,35,Tier 1,Premium,Personal Loan,847,2013.0,6.6,2300.0,1,0,2,24.4,0,,24.4,0.0
CUST103389,2026-04-22,29,Tier 2,Basic,Credit Card,653,304.0,4.5,999.0,2,1,6,5.2,1,2026-07-23,3.1,5472.0
CUST103390,2026-03-21,52,Tier 3,Standard,Credit Card,652,683.0,10.8,3386.0,0,0,23,6.3,0,,6.3,0.0
CUST103391,2025-03-15,30,Tier 1,Basic,Personal Loan,587,325.0,4.7,2410.0,1,0,10,18.7,1,2025-11-15,8.2,5850.0
CUST103392,2025-12-19,30,Tier 1,Basic,BNPL,619,105.0,7.1,3413.0,1,0,64,9.4,0,,9.4,0.0
CUST103393,2025-12-18,25,Tier 2,Standard,Credit Card,716,622.0,10.7,2450.0,1,0,14,9.4,1,2026-09-04,8.7,11196.0
CUST103394,2026-06-13,32,Tier 2,Basic,Personal Loan,704,299.0,6.4,100.0,1,0,33,3.5,0,,3.5,0.0
CUST103395,2025-04-06,36,Tier 2,Basic,Personal Loan,734,354.0,9.7,3564.0,2,0,14,17.9,0,,17.9,0.0
CUST103396,2026-08-03,41,Tier 2,Basic,Personal Loan,635,283.0,7.9,2150.0,1,1,9,1.8,0,,1.8,0.0
CUST103397,2026-09-10,21,Tier 1,Basic,BNPL,460,178.0,7.6,2196.0,1,1,6,0.5,1,2026-09-24,0.5,3204.0
CUST103398,2026-07-25,30,Tier 1,Standard,BNPL,711,281.0,10.5,2630.0,1,1,25,2.1,0,,2.1,0.0
CUST103399,2026-06-25,35,Tier 1,Standard,Personal Loan,740,811.0,10.5,2077.0,1,0,23,3.1,1,2026-09-23,3.0,14598.0
CUST103400,2026-06-19,36,Tier 1,Premium,Personal Loan,808,1992.0,10.1,2712.0,0,0,7,3.3,0,,3.3,0.0
CUST103401,2025-10-28,32,Tier 2,Premium,BNPL,708,643.0,16.5,2415.0,1,0,15,11.1,0,,11.1,0.0
CUST103402,2026-07-15,36,Tier 1,Basic,Credit Card,637,283.0,10.0,2162.0,4,1,57,2.4,0,,2.4,0.0
CUST103403,2025-10-23,25,Tier 3,Standard,Credit Card,662,722.0,4.8,914.0,2,2,12,11.3,0,,11.3,0.0
CUST103404,2026-08-29,44,Tier 3,Basic,Credit Card,676,236.0,5.3,2240.0,1,1,37,0.9,1,2026-09-22,0.8,4248.0
CUST103405,2026-08-10,39,Tier 3,Basic,Personal Loan,633,383.0,8.5,2095.0,3,0,85,1.6,1,2026-09-03,0.8,6894.0
CUST103406,2026-02-25,21,Tier 3,Basic,BNPL,663,154.0,6.9,2829.0,1,2,3,7.1,1,2026-03-17,0.7,2772.0
CUST103407,2024-08-23,23,Tier 2,Basic,Insurance,641,280.0,12.6,2921.0,2,0,0,25.5,0,,25.5,0.0
CUST103408,2025-02-15,23,Tier 3,Standard,Personal Loan,590,1078.0,10.7,2032.0,0,1,13,19.6,0,,19.6,0.0
CUST103409,2023-11-22,37,Tier 1,Premium,Credit Card,746,1332.0,5.3,1925.0,0,0,4,34.6,0,,34.6,0.0
CUST103410,2025-11-15,21,Tier 1,Standard,Credit Card,683,734.0,9.0,3294.0,2,0,2,10.5,0,,10.5,0.0
CUST103411,2025-10-24,29,Tier 3,Premium,Credit Card,750,1221.0,13.1,2858.0,0,0,2,11.2,0,,11.2,0.0
CUST103412,2025-12-06,35,Tier 1,Premium,Personal Loan,803,1531.0,8.6,1616.0,0,0,3,9.8,0,,9.8,0.0
CUST103413,2025-12-08,31,Tier 3,Standard,BNPL,629,365.0,12.0,794.0,0,0,2,9.7,0,,9.7,0.0
CUST103414,2026-08-10,34,Tier 2,Basic,Credit Card,545,182.0,6.8,3833.0,2,3,13,1.6,1,2026-08-30,0.7,3276.0
CUST103415,2026-02-03,23,Tier 3,Standard,Credit Card,643,528.0,10.0,2939.0,1,0,3,7.8,0,,7.8,0.0
CUST103416,2026-05-03,36,Tier 1,Standard,Credit Card,664,727.0,4.5,3049.0,0,0,20,4.9,0,,4.9,0.0
CUST103417,2026-04-04,27,Tier 2,Basic,Personal Loan,566,299.0,8.8,1189.0,0,2,42,5.8,1,2026-08-16,4.5,5382.0
CUST103418,2026-02-16,29,Tier 1,Standard,Personal Loan,663,937.0,3.1,2930.0,1,1,30,7.4,0,,7.4,0.0
CUST103419,2026-08-16,33,Tier 3,Premium,BNPL,673,924.0,5.9,1329.0,0,1,20,1.4,0,,1.4,0.0
CUST103420,2026-05-16,32,Tier 1,Basic,Personal Loan,600,418.0,11.9,3162.0,2,1,0,4.4,0,,4.4,0.0
CUST103421,2026-09-07,32,Tier 2,Basic,BNPL,683,176.0,8.8,2089.0,0,1,7,0.6,0,,0.6,0.0
CUST103422,2023-09-27,25,Tier 1,Basic,Credit Card,574,306.0,7.4,1003.0,3,2,59,36.5,1,2023-10-05,0.3,5508.0
CUST103423,2026-08-20,29,Tier 1,Premium,Credit Card,740,1513.0,2.8,2370.0,0,0,0,1.2,0,,1.2,0.0
CUST103424,2026-06-29,32,Tier 2,Basic,Credit Card,647,266.0,12.4,2673.0,2,1,38,3.0,1,2026-07-13,0.5,4788.0
CUST103425,2024-11-30,21,Tier 1,Basic,Credit Card,638,308.0,6.9,2749.0,4,1,7,22.2,1,2026-08-23,21.0,5544.0
CUST103426,2026-03-13,28,Tier 2,Standard,Personal Loan,687,932.0,8.2,2248.0,0,0,14,6.6,1,2026-04-09,0.9,16776.0
CUST103427,2026-08-14,35,Tier 1,Basic,Credit Card,715,261.0,7.6,380.0,1,0,115,1.4,1,2026-09-01,0.6,4698.0
CUST103428,2026-05-04,21,Tier 1,Basic,BNPL,617,160.0,8.0,3523.0,2,1,37,4.8,1,2026-07-21,2.6,2880.0
CUST103429,2026-08-21,41,Tier 2,Standard,BNPL,715,460.0,10.9,2760.0,0,0,9,1.2,0,,1.2,0.0
CUST103430,2026-07-21,42,Tier 1,Standard,Personal Loan,661,758.0,8.0,2256.0,1,0,23,2.2,0,,2.2,0.0
CUST103431,2026-09-10,22,Tier 1,Basic,Credit Card,514,214.0,9.8,3358.0,1,2,0,0.5,0,,0.5,0.0
CUST103432,2026-04-07,42,Tier 3,Basic,Personal Loan,658,396.0,6.5,1023.0,2,1,105,5.7,1,2026-06-10,2.1,7128.0
CUST103433,2025-05-22,30,Tier 1,Standard,Personal Loan,699,1087.0,4.3,1874.0,1,0,8,16.4,0,,16.4,0.0
CUST103434,2026-01-05,35,Tier 1,Basic,Personal Loan,748,279.0,7.0,3109.0,2,0,137,8.8,1,2026-04-11,3.2,5022.0
CUST103435,2025-12-21,28,Tier 1,Standard,BNPL,680,303.0,11.6,4159.0,1,0,23,9.3,0,,9.3,0.0
CUST103436,2026-07-21,39,Tier 2,Standard,Personal Loan,726,994.0,8.1,1788.0,0,0,7,2.2,0,,2.2,0.0
CUST103437,2026-05-23,35,Tier 2,Standard,Personal Loan,670,914.0,6.9,602.0,0,0,19,4.2,1,2026-08-20,3.0,16452.0
CUST103438,2025-03-16,25,Tier 1,Basic,Personal Loan,662,359.0,3.7,2859.0,2,0,17,18.6,0,,18.6,0.0
CUST103439,2026-08-30,22,Tier 3,Basic,Personal Loan,572,370.0,8.6,3444.0,1,1,36,0.9,1,2026-09-17,0.6,6660.0
CUST103440,2025-02-18,21,Tier 1,Standard,Credit Card,676,619.0,6.3,612.0,1,0,31,19.5,0,,19.5,0.0
CUST103441,2026-03-12,33,Tier 2,Standard,Personal Loan,661,888.0,6.8,2073.0,1,1,13,6.6,1,2026-03-23,0.4,15984.0
CUST103442,2025-03-31,36,Tier 1,Standard,Personal Loan,671,878.0,10.9,3212.0,2,2,5,18.1,0,,18.1,0.0
CUST103443,2026-06-04,37,Tier 2,Basic,Credit Card,555,207.0,11.4,3531.0,3,1,140,3.8,1,2026-07-17,1.4,3726.0
CUST103444,2026-05-25,31,Tier 3,Basic,Credit Card,562,266.0,1.1,783.0,1,1,19,4.1,0,,4.1,0.0
CUST103445,2025-08-05,22,Tier 2,Basic,BNPL,740,212.0,5.3,1974.0,2,0,7,13.9,0,,13.9,0.0
CUST103446,2025-06-22,26,Tier 3,Basic,Credit Card,600,233.0,6.4,1748.0,0,2,47,15.4,1,2026-01-10,6.7,4194.0
CUST103447,2026-07-10,41,Tier 1,Basic,Personal Loan,580,333.0,8.5,1285.0,2,2,37,2.6,1,2026-08-18,1.3,5994.0
CUST103448,2023-10-10,28,Tier 1,Standard,BNPL,640,417.0,7.4,2386.0,1,1,34,36.1,0,,36.1,0.0
CUST103449,2026-08-31,33,Tier 1,Premium,Personal Loan,689,1740.0,9.3,2500.0,0,0,0,0.9,0,,0.9,0.0
CUST103450,2026-09-05,23,Tier 1,Standard,Credit Card,635,738.0,5.7,3817.0,1,0,9,0.7,0,,0.7,0.0
CUST103451,2025-12-29,34,Tier 1,Basic,Credit Card,610,216.0,7.5,100.0,0,0,13,9.0,0,,9.0,0.0
CUST103452,2025-09-07,28,Tier 1,Basic,Personal Loan,600,392.0,6.0,2679.0,1,3,90,12.8,1,2026-02-12,5.3,7056.0
CUST103453,2024-01-28,40,Tier 2,Standard,Credit Card,718,731.0,12.2,1483.0,0,0,9,32.4,0,,32.4,0.0
CUST103454,2026-04-24,38,Tier 1,Basic,BNPL,714,103.0,7.7,1142.0,2,0,26,5.2,0,,5.2,0.0
CUST103455,2026-09-19,28,Tier 1,Standard,Insurance,625,806.0,11.0,1956.0,0,1,0,0.2,0,,0.2,0.0
CUST103456,2025-12-23,30,Tier 1,Standard,Credit Card,664,672.0,8.4,2456.0,2,0,33,9.2,1,2026-05-14,4.7,12096.0
CUST103457,2026-06-16,27,Tier 3,Basic,Credit Card,559,214.0,5.0,1672.0,2,1,4,3.4,0,,3.4,0.0
CUST103458,2026-04-09,21,Tier 1,Basic,Personal Loan,690,380.0,5.8,1962.0,0,1,75,5.7,1,2026-07-27,3.6,6840.0
CUST103459,2026-03-09,25,Tier 2,Basic,Personal Loan,627,350.0,9.2,2191.0,2,1,46,6.7,0,,6.7,0.0
CUST103460,2026-09-06,33,Tier 2,Standard,Credit Card,730,420.0,8.7,2578.0,0,0,16,0.7,0,,0.7,0.0
CUST103461,2026-03-11,34,Tier 2,Standard,Credit Card,662,582.0,10.0,3226.0,0,0,28,6.6,1,2026-08-16,5.3,10476.0
CUST103462,2026-04-13,33,Tier 1,Basic,Insurance,692,239.0,9.4,2022.0,2,0,55,5.5,1,2026-04-30,0.6,4302.0
CUST103463,2025-09-17,29,Tier 1,Standard,Credit Card,721,369.0,8.2,2290.0,2,0,28,12.5,0,,12.5,0.0
CUST103464,2025-11-19,39,Tier 2,Standard,Credit Card,650,661.0,7.1,2232.0,2,2,22,10.4,1,2026-09-18,10.1,11898.0
CUST103465,2026-07-27,32,Tier 1,Basic,Credit Card,714,258.0,4.9,3758.0,1,0,74,2.0,1,2026-09-22,1.9,4644.0
CUST103466,2026-07-19,37,Tier 1,Standard,BNPL,627,236.0,8.1,2637.0,1,1,11,2.3,0,,2.3,0.0
CUST103467,2026-07-02,21,Tier 1,Basic,BNPL,625,164.0,5.8,2548.0,3,1,29,2.9,1,2026-09-16,2.5,2952.0
CUST103468,2026-07-29,21,Tier 3,Basic,Credit Card,601,250.0,5.6,2164.0,1,1,122,2.0,1,2026-08-29,1.0,4500.0
CUST103469,2025-11-09,34,Tier 2,Standard,Credit Card,600,495.0,15.1,2223.0,3,0,9,10.7,0,,10.7,0.0
CUST103470,2023-09-27,21,Tier 2,Premium,BNPL,748,1097.0,6.1,449.0,0,1,14,36.5,0,,36.5,0.0
CUST103471,2025-11-14,30,Tier 2,Basic,Personal Loan,623,367.0,5.0,1817.0,1,2,17,10.5,0,,10.5,0.0
CUST103472,2025-12-21,29,Tier 3,Basic,BNPL,614,136.0,5.1,2678.0,0,2,22,9.3,1,2026-01-06,0.5,2448.0
CUST103473,2026-04-21,44,Tier 2,Basic,Credit Card,520,240.0,10.9,2209.0,3,1,14,5.3,0,,5.3,0.0
CUST103474,2026-06-06,35,Tier 2,Basic,Credit Card,713,286.0,12.5,2051.0,2,0,6,3.7,1,2026-08-08,2.1,5148.0
CUST103475,2024-10-01,33,Tier 3,Basic,Credit Card,634,240.0,4.8,3483.0,4,2,125,24.2,1,2026-08-18,22.9,4320.0
CUST103476,2023-11-19,38,Tier 2,Basic,BNPL,550,53.0,5.9,2557.0,2,0,21,34.7,0,,34.7,0.0
CUST103477,2026-03-04,34,Tier 1,Standard,Personal Loan,745,908.0,6.7,1139.0,2,0,7,6.9,0,,6.9,0.0
CUST103478,2026-06-16,28,Tier 1,Standard,BNPL,623,284.0,11.7,780.0,1,0,21,3.4,0,,3.4,0.0
CUST103479,2025-07-12,40,Tier 3,Standard,Credit Card,717,599.0,2.4,3054.0,2,0,2,14.7,0,,14.7,0.0
CUST103480,2026-08-15,23,Tier 3,Standard,Credit Card,630,840.0,14.0,1391.0,1,2,16,1.4,0,,1.4,0.0
CUST103481,2025-07-18,34,Tier 2,Standard,Personal Loan,745,828.0,9.8,2447.0,2,0,17,14.5,0,,14.5,0.0
CUST103482,2025-05-02,21,Tier 2,Standard,Credit Card,790,650.0,9.9,2918.0,0,0,4,17.1,0,,17.1,0.0
CUST103483,2026-08-17,33,Tier 2,Basic,Credit Card,495,275.0,5.7,2443.0,3,2,112,1.3,0,,1.3,0.0
CUST103484,2023-09-27,33,Tier 2,Standard,Credit Card,595,716.0,9.3,3622.0,0,0,18,36.5,0,,36.5,0.0
CUST103485,2023-09-27,45,Tier 2,Standard,BNPL,625,271.0,7.7,2050.0,3,0,5,36.5,0,,36.5,0.0
CUST103486,2024-06-20,21,Tier 1,Standard,Credit Card,718,642.0,8.4,2475.0,0,1,36,27.6,0,,27.6,0.0
CUST103487,2026-03-05,27,Tier 3,Premium,Insurance,741,1270.0,3.0,1822.0,0,0,4,6.8,0,,6.8,0.0
CUST103488,2026-07-04,38,Tier 3,Premium,Credit Card,763,1476.0,8.9,1948.0,0,0,13,2.8,0,,2.8,0.0
CUST103489,2026-01-08,34,Tier 2,Standard,BNPL,705,428.0,13.1,2922.0,0,0,20,8.7,0,,8.7,0.0
CUST103490,2026-04-16,33,Tier 1,Premium,Personal Loan,735,2544.0,4.5,3033.0,1,1,2,5.4,0,,5.4,0.0
CUST103491,2026-07-19,24,Tier 1,Basic,Credit Card,480,191.0,8.6,801.0,0,0,3,2.3,0,,2.3,0.0
CUST103492,2026-04-14,27,Tier 2,Basic,Credit Card,666,299.0,18.8,1504.0,4,0,33,5.5,1,2026-09-25,5.5,5382.0
CUST103493,2025-11-03,41,Tier 2,Basic,Credit Card,582,309.0,11.0,2389.0,5,2,39,10.9,0,,10.9,0.0
CUST103494,2026-09-04,31,Tier 2,Basic,BNPL,592,175.0,7.2,2728.0,4,0,5,0.7,1,2026-09-24,0.7,3150.0
CUST103495,2026-05-28,35,Tier 1,Standard,Personal Loan,718,760.0,9.3,1099.0,1,0,4,4.0,0,,4.0,0.0
CUST103496,2026-09-21,31,Tier 2,Basic,Personal Loan,649,408.0,7.4,1702.0,5,0,2,0.2,0,,0.2,0.0
CUST103497,2025-08-07,22,Tier 3,Basic,BNPL,589,50.0,14.9,2687.0,4,2,5,13.8,0,,13.8,0.0
CUST103498,2025-11-23,39,Tier 1,Standard,Personal Loan,651,756.0,8.1,2851.0,0,0,18,10.2,0,,10.2,0.0
CUST103499,2026-09-07,36,Tier 2,Basic,BNPL,652,209.0,7.6,2555.0,1,0,8,0.6,0,,0.6,0.0
CUST103500,2023-12-28,50,Tier 3,Standard,Credit Card,779,602.0,10.1,2057.0,2,0,7,33.4,0,,33.4,0.0
CUST103501,2026-09-20,23,Tier 2,Basic,BNPL,625,230.0,10.4,1300.0,2,0,28,0.2,1,2026-09-26,0.2,4140.0
CUST103502,2026-01-02,38,Tier 2,Basic,Personal Loan,614,249.0,4.1,1864.0,4,1,19,8.9,1,2026-06-18,5.6,4482.0
CUST103503,2025-07-04,21,Tier 2,Premium,Personal Loan,729,1509.0,10.3,3111.0,0,0,19,15.0,0,,15.0,0.0
CUST103504,2025-06-18,33,Tier 3,Basic,Credit Card,525,223.0,15.1,3025.0,0,2,30,15.5,1,2025-10-23,4.2,4014.0
CUST103505,2026-09-16,39,Tier 1,Basic,Insurance,570,246.0,7.9,1426.0,0,1,5,0.3,0,,0.3,0.0
CUST103506,2024-10-16,21,Tier 2,Basic,Credit Card,656,239.0,5.8,3634.0,0,0,17,23.7,0,,23.7,0.0
CUST103507,2024-09-05,30,Tier 1,Standard,Credit Card,685,586.0,7.8,1510.0,1,0,6,25.0,0,,25.0,0.0
CUST103508,2026-01-22,27,Tier 1,Basic,Credit Card,579,321.0,10.0,2335.0,1,0,10,8.2,0,,8.2,0.0
CUST103509,2026-03-13,26,Tier 1,Premium,Insurance,784,1684.0,10.8,1255.0,1,0,3,6.6,0,,6.6,0.0
CUST103510,2026-09-13,35,Tier 1,Standard,BNPL,619,336.0,4.6,3724.0,0,1,11,0.4,0,,0.4,0.0
CUST103511,2026-01-22,40,Tier 3,Premium,Insurance,778,781.0,7.4,2965.0,0,0,1,8.2,0,,8.2,0.0
CUST103512,2026-04-22,30,Tier 3,Basic,Personal Loan,692,217.0,7.1,2368.0,1,0,10,5.2,0,,5.2,0.0
CUST103513,2025-07-09,33,Tier 1,Basic,Personal Loan,760,337.0,9.5,1819.0,1,0,42,14.8,0,,14.8,0.0
CUST103514,2026-04-24,32,Tier 2,Basic,Credit Card,659,283.0,7.9,4158.0,0,1,61,5.2,1,2026-09-25,5.1,5094.0
CUST103515,2025-10-16,32,Tier 2,Basic,BNPL,709,153.0,9.7,2668.0,2,1,0,11.5,0,,11.5,0.0
CUST103516,2026-08-25,23,Tier 3,Premium,Personal Loan,782,1800.0,13.2,4035.0,0,0,1,1.1,0,,1.1,0.0
CUST103517,2026-08-15,40,Tier 2,Standard,Personal Loan,667,740.0,8.6,2335.0,1,1,39,1.4,0,,1.4,0.0
CUST103518,2026-08-12,34,Tier 1,Premium,BNPL,752,1023.0,7.2,2362.0,1,0,2,1.5,0,,1.5,0.0
CUST103519,2026-09-13,35,Tier 3,Standard,Personal Loan,619,1063.0,3.4,2953.0,2,2,7,0.4,0,,0.4,0.0
CUST103520,2026-02-05,25,Tier 2,Standard,Credit Card,759,362.0,4.6,2372.0,1,0,8,7.8,0,,7.8,0.0
CUST103521,2025-06-10,28,Tier 2,Standard,Credit Card,646,640.0,11.5,2442.0,0,2,40,15.8,1,2026-09-12,15.3,11520.0
CUST103522,2025-12-18,30,Tier 3,Standard,Credit Card,704,524.0,9.1,2544.0,0,1,4,9.4,1,2026-03-23,3.2,9432.0
CUST103523,2026-01-13,21,Tier 3,Premium,BNPL,737,423.0,8.7,2987.0,1,0,17,8.5,0,,8.5,0.0
CUST103524,2025-10-19,21,Tier 2,Standard,Credit Card,656,503.0,13.6,1506.0,2,3,13,11.4,0,,11.4,0.0
CUST103525,2026-05-25,27,Tier 2,Premium,Credit Card,755,1506.0,4.4,2230.0,0,0,15,4.1,0,,4.1,0.0
CUST103526,2026-05-15,36,Tier 3,Basic,Credit Card,663,270.0,5.0,1750.0,1,0,41,4.5,0,,4.5,0.0
CUST103527,2026-06-05,26,Tier 1,Basic,Credit Card,587,323.0,7.5,2784.0,1,2,46,3.8,0,,3.8,0.0
CUST103528,2025-09-18,23,Tier 1,Basic,Credit Card,632,250.0,6.2,2220.0,1,0,4,12.4,0,,12.4,0.0
CUST103529,2026-08-05,25,Tier 1,Standard,Personal Loan,649,616.0,4.8,1706.0,0,1,7,1.7,1,2026-08-27,0.7,11088.0
CUST103530,2026-09-21,28,Tier 3,Standard,Personal Loan,584,814.0,13.4,3500.0,0,1,5,0.2,0,,0.2,0.0
CUST103531,2025-12-28,29,Tier 2,Basic,Personal Loan,740,256.0,5.8,3265.0,3,0,5,9.1,0,,9.1,0.0
CUST103532,2024-05-23,49,Tier 1,Standard,Personal Loan,709,688.0,3.7,3268.0,1,0,20,28.5,0,,28.5,0.0
CUST103533,2025-12-18,40,Tier 3,Standard,Credit Card,744,725.0,2.0,3379.0,2,0,24,9.4,1,2026-06-09,5.8,13050.0
CUST103534,2025-06-25,40,Tier 2,Standard,BNPL,634,415.0,10.9,2730.0,0,0,3,15.3,0,,15.3,0.0
CUST103535,2025-10-26,41,Tier 3,Premium,BNPL,780,1005.0,3.3,2806.0,1,0,15,11.2,0,,11.2,0.0
CUST103536,2026-03-04,24,Tier 1,Standard,BNPL,602,344.0,10.8,2046.0,0,1,7,6.9,0,,6.9,0.0
CUST103537,2025-09-11,22,Tier 2,Standard,Credit Card,720,753.0,6.4,3412.0,0,0,9,12.7,0,,12.7,0.0
CUST103538,2025-04-23,23,Tier 2,Basic,Credit Card,588,229.0,5.7,2360.0,0,3,175,17.4,1,2025-12-29,8.3,4122.0
CUST103539,2026-07-12,42,Tier 2,Premium,Credit Card,672,1713.0,11.2,1698.0,0,1,2,2.5,0,,2.5,0.0
CUST103540,2026-05-27,27,Tier 2,Standard,Personal Loan,597,890.0,12.8,2595.0,2,1,3,4.1,0,,4.1,0.0
CUST103541,2026-07-13,21,Tier 3,Basic,Personal Loan,557,315.0,8.3,1881.0,0,0,11,2.5,0,,2.5,0.0
CUST103542,2026-03-30,28,Tier 1,Premium,Credit Card,775,1459.0,6.1,3038.0,0,0,27,6.0,1,2026-05-20,1.7,26262.0
CUST103543,2024-12-16,30,Tier 3,Standard,Insurance,740,583.0,12.4,2899.0,1,0,3,21.6,0,,21.6,0.0
CUST103544,2026-05-22,34,Tier 1,Basic,Personal Loan,551,405.0,4.2,2989.0,3,1,33,4.2,1,2026-06-06,0.5,7290.0
CUST103545,2026-05-09,34,Tier 1,Standard,Personal Loan,634,877.0,5.6,934.0,2,2,32,4.7,1,2026-09-10,4.1,15786.0
CUST103546,2025-02-13,25,Tier 1,Premium,BNPL,772,840.0,6.3,640.0,0,0,26,19.7,0,,19.7,0.0
CUST103547,2026-02-21,37,Tier 1,Standard,Personal Loan,624,814.0,5.1,2389.0,2,0,13,7.2,0,,7.2,0.0
CUST103548,2026-02-08,26,Tier 1,Standard,BNPL,692,500.0,10.4,2393.0,1,1,12,7.7,0,,7.7,0.0
CUST103549,2025-02-12,30,Tier 3,Standard,BNPL,628,482.0,8.3,3403.0,0,1,35,19.7,0,,19.7,0.0
CUST103550,2026-03-08,37,Tier 2,Basic,Insurance,606,211.0,7.6,1663.0,0,2,8,6.7,0,,6.7,0.0
CUST103551,2025-10-18,26,Tier 2,Premium,Credit Card,762,1076.0,5.3,1347.0,1,0,6,11.4,0,,11.4,0.0
CUST103552,2026-08-31,27,Tier 2,Standard,BNPL,644,273.0,10.3,1545.0,2,1,20,0.9,0,,0.9,0.0
CUST103553,2026-07-29,36,Tier 1,Standard,Credit Card,697,626.0,12.8,1248.0,3,0,24,2.0,1,2026-09-22,1.8,11268.0
CUST103554,2026-04-24,25,Tier 1,Premium,Credit Card,754,1778.0,11.2,1769.0,2,0,1,5.2,0,,5.2,0.0
CUST103555,2026-03-06,28,Tier 2,Basic,Credit Card,559,237.0,6.4,1157.0,2,0,71,6.8,1,2026-06-21,3.6,4266.0
CUST103556,2023-12-19,36,Tier 2,Standard,Personal Loan,558,768.0,7.9,2288.0,2,1,34,33.7,0,,33.7,0.0
CUST103557,2023-11-03,48,Tier 3,Standard,Credit Card,762,421.0,9.6,2237.0,1,0,8,35.3,0,,35.3,0.0
CUST103558,2025-03-04,36,Tier 2,Premium,Credit Card,657,1824.0,5.5,1593.0,0,0,6,19.0,0,,19.0,0.0
CUST103559,2026-06-05,35,Tier 2,Standard,BNPL,682,464.0,6.1,1323.0,1,1,10,3.8,1,2026-06-16,0.4,8352.0
CUST103560,2024-01-03,36,Tier 2,Standard,BNPL,615,493.0,6.9,1199.0,0,0,79,33.2,1,2025-08-04,19.3,8874.0
CUST103561,2025-10-11,23,Tier 3,Basic,BNPL,720,198.0,3.7,100.0,1,1,31,11.7,1,2026-02-20,4.4,3564.0
CUST103562,2026-04-30,32,Tier 1,Premium,Personal Loan,742,1774.0,7.0,1577.0,1,0,3,5.0,0,,5.0,0.0
CUST103563,2025-09-29,31,Tier 2,Standard,BNPL,629,401.0,9.1,1784.0,0,0,27,12.1,0,,12.1,0.0
CUST103564,2026-09-21,34,Tier 2,Standard,Credit Card,729,844.0,0.0,384.0,0,2,34,0.2,0,,0.2,0.0
CUST103565,2026-08-10,32,Tier 3,Basic,BNPL,632,159.0,3.7,3461.0,2,5,45,1.6,1,2026-08-18,0.3,2862.0
CUST103566,2025-04-13,35,Tier 1,Standard,Insurance,710,661.0,8.8,3027.0,1,0,2,17.7,0,,17.7,0.0
CUST103567,2025-11-19,29,Tier 2,Basic,Personal Loan,678,369.0,11.9,2046.0,3,0,12,10.4,1,2026-08-23,9.2,6642.0
CUST103568,2026-05-14,32,Tier 1,Basic,BNPL,602,182.0,8.9,356.0,1,0,16,4.5,0,,4.5,0.0
CUST103569,2026-03-02,22,Tier 2,Basic,Personal Loan,551,319.0,6.8,3215.0,1,1,9,6.9,0,,6.9,0.0
CUST103570,2024-10-20,29,Tier 1,Standard,Credit Card,749,646.0,7.4,1790.0,0,0,13,23.5,1,2025-06-23,8.2,11628.0
CUST103571,2025-12-01,43,Tier 1,Standard,Credit Card,645,751.0,3.7,787.0,0,0,8,10.0,0,,10.0,0.0
CUST103572,2026-04-27,34,Tier 2,Basic,Personal Loan,541,364.0,11.5,1076.0,0,2,1,5.1,0,,5.1,0.0
CUST103573,2026-08-19,31,Tier 1,Basic,BNPL,565,208.0,9.5,1726.0,1,2,37,1.3,1,2026-09-17,1.0,3744.0
CUST103574,2026-06-14,47,Tier 1,Basic,Personal Loan,640,353.0,5.8,1344.0,3,2,20,3.5,0,,3.5,0.0
CUST103575,2023-09-27,21,Tier 1,Standard,Personal Loan,694,923.0,6.0,1614.0,0,0,1,36.5,0,,36.5,0.0
CUST103576,2026-04-07,23,Tier 1,Standard,Credit Card,701,592.0,8.7,417.0,0,0,54,5.7,1,2026-08-11,4.2,10656.0
CUST103577,2026-03-19,45,Tier 3,Standard,BNPL,714,314.0,3.5,3485.0,1,0,21,6.4,1,2026-05-21,2.1,5652.0
CUST103578,2026-03-03,32,Tier 2,Basic,Insurance,651,264.0,3.8,3068.0,1,2,3,6.9,0,,6.9,0.0
CUST103579,2024-12-19,30,Tier 3,Standard,BNPL,736,315.0,7.1,1510.0,2,0,44,21.5,1,2025-01-29,1.4,5670.0
CUST103580,2025-12-23,22,Tier 2,Standard,BNPL,644,387.0,5.8,2975.0,0,2,11,9.2,0,,9.2,0.0
CUST103581,2025-10-07,35,Tier 3,Basic,Credit Card,656,319.0,7.1,1778.0,1,0,10,11.8,0,,11.8,0.0
CUST103582,2026-05-01,36,Tier 2,Standard,Personal Loan,674,1004.0,9.3,2226.0,0,0,1,4.9,0,,4.9,0.0
CUST103583,2026-09-18,23,Tier 2,Basic,Personal Loan,530,340.0,1.7,1122.0,1,1,48,0.3,1,2026-09-24,0.2,6120.0
CUST103584,2024-07-17,30,Tier 2,Standard,Credit Card,649,612.0,7.6,2674.0,1,2,70,26.7,1,2026-06-15,23.3,11016.0
CUST103585,2024-04-16,29,Tier 2,Standard,BNPL,677,374.0,2.1,2928.0,1,0,4,29.8,0,,29.8,0.0
CUST103586,2024-04-16,34,Tier 2,Standard,Credit Card,714,763.0,7.0,2400.0,2,0,11,29.8,1,2025-08-17,16.3,13734.0
CUST103587,2024-05-16,23,Tier 1,Basic,BNPL,619,148.0,3.3,1725.0,1,1,9,28.8,0,,28.8,0.0
CUST103588,2025-05-08,42,Tier 1,Premium,Credit Card,831,1244.0,9.8,406.0,1,1,8,16.9,0,,16.9,0.0
CUST103589,2025-10-15,39,Tier 2,Standard,Personal Loan,597,1003.0,8.5,2976.0,1,0,41,11.5,0,,11.5,0.0
CUST103590,2025-03-17,29,Tier 2,Basic,Personal Loan,558,334.0,15.6,2018.0,1,1,5,18.6,0,,18.6,0.0
CUST103591,2025-12-25,30,Tier 1,Standard,BNPL,735,315.0,4.2,1500.0,0,1,7,9.2,0,,9.2,0.0
CUST103592,2026-08-14,30,Tier 1,Standard,BNPL,623,452.0,6.3,1642.0,0,2,4,1.4,0,,1.4,0.0
CUST103593,2026-05-01,25,Tier 2,Standard,BNPL,664,516.0,7.1,2450.0,1,2,5,4.9,0,,4.9,0.0
CUST103594,2023-10-27,28,Tier 3,Standard,Personal Loan,742,714.0,4.5,1101.0,1,1,3,35.5,0,,35.5,0.0
CUST103595,2026-05-20,29,Tier 1,Basic,Insurance,644,215.0,7.4,2583.0,0,0,35,4.3,0,,4.3,0.0
CUST103596,2025-01-27,44,Tier 1,Standard,Personal Loan,696,813.0,5.0,1972.0,1,0,1,20.2,0,,20.2,0.0
CUST103597,2026-08-28,39,Tier 3,Standard,Personal Loan,696,904.0,9.3,1558.0,5,1,26,1.0,1,2026-09-13,0.5,16272.0
CUST103598,2026-05-27,39,Tier 2,Standard,Insurance,620,667.0,10.7,1485.0,1,1,3,4.1,0,,4.1,0.0
CUST103599,2026-05-20,34,Tier 1,Basic,Personal Loan,648,297.0,12.5,2515.0,2,0,11,4.3,1,2026-09-12,3.8,5346.0
CUST103600,2026-09-11,23,Tier 3,Premium,BNPL,760,422.0,10.3,100.0,1,0,4,0.5,0,,0.5,0.0
CUST103601,2026-08-19,31,Tier 2,Standard,Personal Loan,627,979.0,13.9,1622.0,1,0,10,1.3,0,,1.3,0.0
CUST103602,2026-07-24,39,Tier 2,Standard,Credit Card,727,504.0,9.0,2781.0,2,0,4,2.1,0,,2.1,0.0
CUST103603,2025-03-30,21,Tier 3,Standard,Insurance,650,620.0,6.1,2105.0,0,0,13,18.2,0,,18.2,0.0
CUST103604,2026-09-07,37,Tier 3,Standard,Credit Card,655,633.0,5.0,3291.0,1,1,45,0.6,1,2026-09-21,0.5,11394.0
CUST103605,2026-06-12,50,Tier 1,Standard,BNPL,728,411.0,9.0,2322.0,1,1,12,3.5,0,,3.5,0.0
CUST103606,2026-09-21,40,Tier 1,Basic,Personal Loan,549,408.0,8.2,1605.0,4,2,1,0.2,0,,0.2,0.0
CUST103607,2025-10-05,43,Tier 1,Standard,Credit Card,627,1045.0,7.9,1984.0,3,1,9,11.9,1,2025-10-21,0.5,18810.0
CUST103608,2025-12-10,33,Tier 1,Basic,Credit Card,678,168.0,16.2,2330.0,3,0,18,9.7,1,2026-09-05,9.0,3024.0
CUST103609,2025-11-20,39,Tier 1,Basic,Personal Loan,760,374.0,2.2,1471.0,1,0,12,10.3,1,2026-09-08,9.7,6732.0
CUST103610,2026-05-09,26,Tier 1,Standard,Credit Card,693,630.0,7.2,2747.0,2,1,7,4.7,0,,4.7,0.0
CUST103611,2026-07-18,38,Tier 3,Premium,Personal Loan,747,2113.0,0.5,3837.0,0,0,2,2.3,0,,2.3,0.0
CUST103612,2025-09-09,37,Tier 3,Standard,Insurance,682,709.0,11.6,1150.0,0,0,63,12.7,1,2026-05-10,8.1,12762.0
CUST103613,2025-05-15,34,Tier 2,Basic,Credit Card,670,320.0,7.8,2762.0,1,2,26,16.6,0,,16.6,0.0
CUST103614,2026-08-13,42,Tier 2,Standard,Personal Loan,679,882.0,1.2,1501.0,0,0,15,1.5,0,,1.5,0.0
CUST103615,2026-03-10,27,Tier 1,Premium,Credit Card,760,1151.0,4.9,1582.0,0,0,6,6.7,0,,6.7,0.0
CUST103616,2026-07-03,30,Tier 1,Standard,Credit Card,654,771.0,5.8,1862.0,1,0,19,2.8,1,2026-09-02,2.0,13878.0
CUST103617,2026-08-02,32,Tier 1,Basic,BNPL,610,156.0,6.3,1663.0,3,2,19,1.8,0,,1.8,0.0
CUST103618,2025-08-25,23,Tier 3,Basic,Insurance,601,213.0,8.7,2778.0,1,2,41,13.2,1,2026-09-25,13.2,3834.0
CUST103619,2026-02-07,33,Tier 1,Standard,Credit Card,651,588.0,5.0,2244.0,3,1,2,7.7,0,,7.7,0.0
CUST103620,2026-07-15,21,Tier 3,Basic,BNPL,607,200.0,1.6,2027.0,4,0,1,2.4,1,2026-08-21,1.2,3600.0
CUST103621,2026-06-07,40,Tier 2,Standard,Credit Card,626,858.0,3.4,2520.0,0,0,17,3.7,1,2026-06-23,0.5,15444.0
CUST103622,2023-12-11,32,Tier 1,Standard,Personal Loan,704,690.0,6.7,2573.0,2,0,26,34.0,0,,34.0,0.0
CUST103623,2025-03-09,27,Tier 1,Basic,BNPL,574,181.0,10.3,2182.0,1,0,39,18.9,1,2025-08-22,5.5,3258.0
CUST103624,2024-12-30,25,Tier 2,Standard,Credit Card,646,602.0,12.2,3101.0,0,0,10,21.2,0,,21.2,0.0
CUST103625,2026-03-26,30,Tier 3,Standard,BNPL,728,199.0,4.1,2288.0,1,0,0,6.1,0,,6.1,0.0
CUST103626,2025-12-07,37,Tier 2,Premium,BNPL,774,881.0,13.9,4101.0,0,0,1,9.8,0,,9.8,0.0
CUST103627,2026-05-08,36,Tier 1,Basic,Credit Card,635,208.0,6.3,1378.0,1,2,17,4.7,0,,4.7,0.0
CUST103628,2026-09-02,26,Tier 2,Basic,Insurance,551,146.0,10.0,850.0,1,2,38,0.8,1,2026-09-09,0.2,2628.0
CUST103629,2026-04-26,25,Tier 1,Basic,BNPL,506,111.0,7.5,2372.0,2,0,13,5.1,0,,5.1,0.0
CUST103630,2025-12-30,37,Tier 3,Basic,Credit Card,633,199.0,9.2,3021.0,2,1,27,9.0,0,,9.0,0.0
CUST103631,2026-06-17,26,Tier 2,Standard,Credit Card,668,566.0,4.4,1895.0,2,0,4,3.4,0,,3.4,0.0
CUST103632,2025-03-10,32,Tier 2,Standard,Credit Card,627,478.0,11.8,1461.0,0,3,4,18.8,0,,18.8,0.0
CUST103633,2026-08-08,32,Tier 2,Standard,Insurance,668,534.0,12.1,2205.0,0,0,27,1.6,0,,1.6,0.0
CUST103634,2026-05-12,34,Tier 2,Premium,BNPL,786,640.0,7.0,1973.0,0,0,6,4.6,0,,4.6,0.0
CUST103635,2026-08-17,38,Tier 1,Standard,Personal Loan,659,894.0,9.0,2030.0,0,0,60,1.3,1,2026-08-22,0.2,16092.0
CUST103636,2026-04-24,21,Tier 1,Basic,Credit Card,621,280.0,7.4,1499.0,2,1,8,5.2,0,,5.2,0.0
CUST103637,2026-09-14,21,Tier 1,Premium,Credit Card,750,1473.0,10.2,1734.0,1,0,6,0.4,0,,0.4,0.0
CUST103638,2026-06-23,27,Tier 3,Standard,Personal Loan,730,814.0,5.8,3062.0,1,0,4,3.2,0,,3.2,0.0
CUST103639,2026-04-26,46,Tier 2,Standard,Personal Loan,661,811.0,5.6,3345.0,0,0,6,5.1,0,,5.1,0.0
CUST103640,2026-03-15,48,Tier 1,Standard,Credit Card,666,541.0,11.8,2052.0,1,0,20,6.5,0,,6.5,0.0
CUST103641,2026-02-03,46,Tier 3,Basic,Credit Card,585,209.0,5.6,1219.0,0,1,84,7.8,1,2026-07-14,5.4,3762.0
CUST103642,2026-06-22,30,Tier 1,Standard,Credit Card,750,741.0,5.5,1296.0,2,0,3,3.2,0,,3.2,0.0
CUST103643,2026-02-16,21,Tier 1,Standard,Personal Loan,705,616.0,4.3,1066.0,0,0,3,7.4,0,,7.4,0.0
CUST103644,2026-02-25,21,Tier 1,Basic,Personal Loan,543,321.0,18.4,3008.0,1,1,107,7.1,0,,7.1,0.0
CUST103645,2026-06-04,27,Tier 2,Standard,BNPL,763,348.0,7.7,2354.0,0,0,27,3.8,0,,3.8,0.0
CUST103646,2025-04-13,30,Tier 2,Standard,Credit Card,742,728.0,4.7,2025.0,0,0,8,17.7,1,2025-08-28,4.6,13104.0
CUST103647,2026-02-02,42,Tier 2,Standard,Personal Loan,635,660.0,5.0,2999.0,0,2,10,7.9,0,,7.9,0.0
CUST103648,2026-05-28,38,Tier 2,Standard,Credit Card,729,652.0,10.5,2569.0,0,0,31,4.0,0,,4.0,0.0
CUST103649,2024-04-26,33,Tier 1,Basic,Credit Card,637,267.0,6.3,100.0,0,2,42,29.4,0,,29.4,0.0
CUST103650,2025-03-16,24,Tier 3,Basic,Personal Loan,560,230.0,7.3,1552.0,1,2,33,18.6,1,2026-09-21,18.5,4140.0
CUST103651,2023-09-27,24,Tier 1,Standard,Personal Loan,756,705.0,7.5,2162.0,0,0,40,36.5,0,,36.5,0.0
CUST103652,2025-10-08,34,Tier 3,Basic,Personal Loan,611,320.0,6.1,3795.0,2,1,13,11.8,0,,11.8,0.0
CUST103653,2026-05-07,37,Tier 2,Standard,BNPL,756,457.0,10.1,3683.0,1,0,5,4.7,0,,4.7,0.0
CUST103654,2026-06-20,35,Tier 2,Premium,BNPL,776,891.0,8.5,218.0,1,0,5,3.3,0,,3.3,0.0
CUST103655,2025-11-04,23,Tier 2,Standard,BNPL,729,463.0,12.5,1056.0,0,0,0,10.9,1,2025-11-29,0.8,8334.0
CUST103656,2023-09-27,37,Tier 2,Standard,BNPL,728,250.0,7.5,2330.0,3,0,14,36.5,1,2026-09-18,36.2,4500.0
CUST103657,2025-12-05,35,Tier 1,Standard,BNPL,664,183.0,11.0,2767.0,0,1,9,9.8,0,,9.8,0.0
CUST103658,2024-12-25,23,Tier 3,Basic,Credit Card,725,254.0,9.5,1607.0,1,0,5,21.3,0,,21.3,0.0
CUST103659,2026-05-30,25,Tier 1,Basic,Credit Card,659,189.0,7.2,2666.0,1,0,73,4.0,1,2026-09-09,3.4,3402.0
CUST103660,2026-04-23,37,Tier 1,Standard,Personal Loan,638,733.0,1.5,1602.0,0,1,4,5.2,0,,5.2,0.0
CUST103661,2024-10-16,30,Tier 2,Standard,Credit Card,662,771.0,8.5,1667.0,2,0,24,23.7,0,,23.7,0.0
CUST103662,2025-07-29,44,Tier 2,Premium,BNPL,827,893.0,6.6,1196.0,0,0,12,14.1,0,,14.1,0.0
CUST103663,2023-09-27,36,Tier 1,Premium,Credit Card,800,1241.0,7.2,969.0,0,0,0,36.5,0,,36.5,0.0
CUST103664,2025-07-06,28,Tier 3,Standard,Credit Card,596,559.0,3.6,1745.0,3,2,11,14.9,0,,14.9,0.0
CUST103665,2026-04-01,31,Tier 3,Standard,Personal Loan,747,926.0,7.0,3217.0,0,0,13,5.9,0,,5.9,0.0
CUST103666,2026-02-11,32,Tier 2,Basic,Credit Card,537,261.0,13.9,2633.0,4,1,60,7.6,1,2026-06-15,4.1,4698.0
CUST103667,2024-11-03,26,Tier 2,Standard,BNPL,665,232.0,4.5,2444.0,0,0,20,23.1,1,2026-07-06,20.3,4176.0
CUST103668,2026-01-29,24,Tier 2,Premium,BNPL,853,295.0,11.3,1944.0,1,0,1,8.0,0,,8.0,0.0
CUST103669,2026-06-30,37,Tier 1,Standard,Credit Card,744,895.0,11.6,2580.0,1,0,12,2.9,0,,2.9,0.0
CUST103670,2026-04-08,38,Tier 2,Standard,BNPL,618,231.0,5.1,1774.0,2,1,7,5.7,0,,5.7,0.0
CUST103671,2026-02-21,36,Tier 3,Premium,Credit Card,733,1548.0,7.4,1478.0,1,0,2,7.2,0,,7.2,0.0
CUST103672,2026-08-27,44,Tier 3,Basic,BNPL,543,226.0,7.6,2678.0,2,1,11,1.0,1,2026-09-20,0.8,4068.0
CUST103673,2025-08-14,27,Tier 3,Premium,Credit Card,827,1441.0,7.5,1689.0,0,1,18,13.6,0,,13.6,0.0
CUST103674,2026-08-23,45,Tier 1,Basic,Credit Card,629,220.0,4.3,1239.0,2,0,34,1.1,1,2026-09-20,0.9,3960.0
CUST103675,2026-04-24,24,Tier 1,Standard,Credit Card,734,465.0,7.8,2589.0,0,0,11,5.2,0,,5.2,0.0
CUST103676,2025-05-25,23,Tier 1,Standard,BNPL,655,203.0,3.2,978.0,0,2,25,16.3,1,2025-07-11,1.6,3654.0
CUST103677,2026-03-21,21,Tier 2,Standard,Insurance,615,634.0,3.8,2550.0,0,0,69,6.3,0,,6.3,0.0
CUST103678,2025-03-22,28,Tier 1,Basic,Personal Loan,537,398.0,8.7,2566.0,2,1,92,18.4,1,2025-11-13,7.9,7164.0
CUST103679,2026-05-24,27,Tier 1,Standard,Personal Loan,761,794.0,10.6,1042.0,3,0,2,4.2,0,,4.2,0.0
CUST103680,2024-02-21,36,Tier 2,Basic,Insurance,499,197.0,7.3,1103.0,0,0,14,31.6,0,,31.6,0.0
CUST103681,2026-07-18,33,Tier 3,Premium,Credit Card,728,1595.0,7.1,3374.0,2,1,4,2.3,0,,2.3,0.0
CUST103682,2026-09-15,22,Tier 2,Basic,Credit Card,651,216.0,14.5,2760.0,2,0,28,0.4,0,,0.4,0.0
CUST103683,2025-01-17,28,Tier 3,Standard,Credit Card,735,686.0,7.3,2637.0,0,0,2,20.6,1,2025-12-05,10.7,12348.0
CUST103684,2025-08-04,29,Tier 1,Basic,Personal Loan,639,327.0,5.7,2395.0,2,2,89,13.9,1,2026-04-23,8.7,5886.0
CUST103685,2026-07-09,21,Tier 1,Standard,BNPL,690,337.0,2.6,2843.0,0,0,31,2.6,0,,2.6,0.0
CUST103686,2023-09-27,24,Tier 3,Basic,BNPL,647,149.0,6.9,2843.0,1,1,5,36.5,0,,36.5,0.0
CUST103687,2026-03-01,25,Tier 2,Standard,Credit Card,681,879.0,9.4,1476.0,1,1,6,7.0,1,2026-09-12,6.5,15822.0
CUST103688,2024-04-04,43,Tier 2,Premium,Credit Card,774,1569.0,7.3,2029.0,0,0,2,30.2,0,,30.2,0.0
CUST103689,2026-02-28,33,Tier 1,Premium,BNPL,789,1146.0,7.7,1805.0,0,0,6,7.0,0,,7.0,0.0
CUST103690,2026-03-19,37,Tier 1,Basic,Personal Loan,635,279.0,7.3,2716.0,3,0,77,6.4,0,,6.4,0.0
CUST103691,2026-04-01,21,Tier 2,Standard,BNPL,701,532.0,7.1,2352.0,1,0,21,5.9,0,,5.9,0.0
CUST103692,2026-05-27,41,Tier 3,Basic,Personal Loan,616,357.0,13.0,3339.0,4,3,33,4.1,1,2026-08-13,2.6,6426.0
CUST103693,2026-02-10,42,Tier 3,Standard,Credit Card,689,455.0,7.8,2451.0,1,0,2,7.6,0,,7.6,0.0
CUST103694,2026-03-30,21,Tier 2,Standard,Insurance,640,655.0,9.5,2233.0,2,0,47,6.0,1,2026-05-16,1.6,11790.0
CUST103695,2026-09-15,26,Tier 2,Premium,BNPL,739,696.0,9.9,2934.0,0,0,3,0.4,0,,0.4,0.0
CUST103696,2026-06-28,35,Tier 3,Basic,Credit Card,580,173.0,13.9,2943.0,1,3,81,3.0,1,2026-08-01,1.1,3114.0
CUST103697,2026-07-17,37,Tier 2,Basic,BNPL,650,156.0,10.7,3300.0,3,0,21,2.4,1,2026-08-29,1.4,2808.0
CUST103698,2025-01-28,26,Tier 2,Basic,Credit Card,711,277.0,9.2,2384.0,1,1,26,20.2,1,2025-08-14,6.6,4986.0
CUST103699,2025-12-26,29,Tier 3,Standard,Personal Loan,659,865.0,7.5,4049.0,1,1,19,9.1,0,,9.1,0.0
CUST103700,2025-07-21,27,Tier 3,Basic,Insurance,589,220.0,10.0,3032.0,1,0,12,14.4,0,,14.4,0.0
CUST103701,2024-02-27,32,Tier 3,Basic,BNPL,558,133.0,6.1,4086.0,4,2,63,31.4,1,2025-07-30,17.3,2394.0
CUST103702,2025-11-21,41,Tier 1,Standard,Credit Card,778,971.0,7.5,2277.0,2,1,64,10.3,0,,10.3,0.0
CUST103703,2023-09-27,25,Tier 2,Basic,Credit Card,551,191.0,7.8,4242.0,2,1,12,36.5,0,,36.5,0.0
CUST103704,2026-06-06,40,Tier 3,Basic,Personal Loan,567,369.0,5.6,2844.0,2,1,0,3.7,0,,3.7,0.0
CUST103705,2026-07-27,25,Tier 1,Basic,Personal Loan,632,326.0,0.7,1278.0,2,1,26,2.0,1,2026-08-12,0.5,5868.0
CUST103706,2026-04-25,25,Tier 3,Basic,Credit Card,491,207.0,7.9,1343.0,3,0,31,5.1,1,2026-08-06,3.4,3726.0
CUST103707,2026-03-20,38,Tier 1,Standard,BNPL,813,384.0,9.6,1933.0,0,1,1,6.3,0,,6.3,0.0
CUST103708,2024-11-18,39,Tier 3,Standard,Credit Card,758,469.0,4.7,1922.0,2,0,22,22.6,0,,22.6,0.0
CUST103709,2026-01-23,38,Tier 2,Basic,BNPL,646,120.0,6.1,2506.0,2,0,12,8.2,1,2026-06-05,4.4,2160.0
CUST103710,2026-06-15,21,Tier 1,Premium,Personal Loan,763,1807.0,5.6,3783.0,0,0,32,3.4,0,,3.4,0.0
CUST103711,2025-08-15,28,Tier 2,Basic,Credit Card,658,172.0,9.7,2491.0,3,0,53,13.6,1,2025-12-26,4.4,3096.0
CUST103712,2026-02-27,38,Tier 2,Basic,Personal Loan,512,350.0,5.4,1294.0,1,0,3,7.0,0,,7.0,0.0
CUST103713,2026-08-04,32,Tier 2,Basic,Credit Card,561,202.0,6.4,2595.0,0,1,108,1.8,1,2026-09-06,1.1,3636.0
CUST103714,2026-01-12,23,Tier 2,Basic,Personal Loan,624,252.0,9.7,1838.0,3,1,9,8.6,0,,8.6,0.0
CUST103715,2024-09-29,35,Tier 3,Standard,Insurance,703,445.0,6.8,1885.0,2,2,32,24.2,0,,24.2,0.0
CUST103716,2025-03-21,26,Tier 2,Standard,Personal Loan,663,1128.0,11.5,2032.0,0,0,21,18.5,0,,18.5,0.0
CUST103717,2026-01-04,46,Tier 2,Premium,Insurance,796,706.0,11.1,1870.0,2,0,8,8.8,0,,8.8,0.0
CUST103718,2026-05-07,44,Tier 1,Standard,Credit Card,640,707.0,11.5,1034.0,1,3,54,4.7,1,2026-05-20,0.4,12726.0
CUST103719,2026-08-30,36,Tier 3,Standard,Insurance,643,487.0,7.6,2286.0,1,0,19,0.9,0,,0.9,0.0
CUST103720,2026-03-20,42,Tier 1,Standard,Credit Card,652,604.0,6.0,3767.0,3,1,39,6.3,0,,6.3,0.0
CUST103721,2025-08-04,32,Tier 2,Basic,Insurance,611,255.0,13.0,2921.0,3,0,62,13.9,1,2026-08-16,12.6,4590.0
CUST103722,2026-05-15,38,Tier 3,Basic,Personal Loan,651,353.0,9.3,1130.0,0,2,39,4.5,0,,4.5,0.0
CUST103723,2026-07-08,43,Tier 1,Standard,BNPL,787,302.0,10.9,100.0,1,0,13,2.7,0,,2.7,0.0
CUST103724,2024-07-15,33,Tier 2,Standard,Insurance,770,408.0,12.1,2497.0,0,0,2,26.8,0,,26.8,0.0
CUST103725,2025-04-27,29,Tier 1,Basic,Personal Loan,611,356.0,8.9,2720.0,2,2,6,17.2,0,,17.2,0.0
CUST103726,2025-11-25,21,Tier 3,Premium,Personal Loan,731,1975.0,3.1,2718.0,0,0,8,10.2,0,,10.2,0.0
CUST103727,2026-08-13,31,Tier 2,Premium,Credit Card,826,1320.0,10.5,2302.0,1,0,4,1.5,0,,1.5,0.0
CUST103728,2026-08-11,38,Tier 3,Standard,Insurance,717,642.0,14.2,1268.0,1,1,5,1.5,0,,1.5,0.0
CUST103729,2026-08-25,39,Tier 3,Standard,Credit Card,631,592.0,4.5,3696.0,0,1,68,1.1,0,,1.1,0.0
CUST103730,2025-12-13,36,Tier 2,Standard,Credit Card,724,542.0,8.2,2087.0,1,0,39,9.6,0,,9.6,0.0
CUST103731,2026-08-21,27,Tier 2,Basic,Personal Loan,695,325.0,4.5,1733.0,2,0,20,1.2,1,2026-09-06,0.5,5850.0
CUST103732,2025-03-21,21,Tier 2,Standard,Personal Loan,668,912.0,2.8,2645.0,0,0,41,18.5,0,,18.5,0.0
CUST103733,2023-09-27,28,Tier 1,Standard,BNPL,572,430.0,4.5,1746.0,3,1,1,36.5,1,2024-09-28,12.2,7740.0
CUST103734,2026-05-13,29,Tier 2,Standard,Personal Loan,694,911.0,0.8,1181.0,1,0,2,4.5,0,,4.5,0.0
CUST103735,2026-03-29,29,Tier 3,Standard,Credit Card,637,551.0,12.8,1762.0,0,2,59,6.0,1,2026-07-27,4.0,9918.0
CUST103736,2025-09-18,36,Tier 2,Basic,Insurance,600,304.0,2.8,2418.0,1,0,41,12.4,0,,12.4,0.0
CUST103737,2024-06-18,47,Tier 1,Basic,Personal Loan,561,308.0,13.7,3378.0,1,2,51,27.7,0,,27.7,0.0
CUST103738,2024-11-22,32,Tier 1,Basic,BNPL,556,144.0,5.5,576.0,1,0,63,22.4,1,2026-08-10,20.9,2592.0
CUST103739,2026-09-09,30,Tier 2,Standard,Personal Loan,639,674.0,8.1,2582.0,1,0,1,0.6,0,,0.6,0.0
CUST103740,2026-08-02,29,Tier 1,Basic,Credit Card,664,240.0,5.6,2957.0,1,1,44,1.8,1,2026-09-22,1.7,4320.0
CUST103741,2025-08-01,32,Tier 2,Basic,Personal Loan,621,352.0,1.1,2566.0,2,1,15,14.0,0,,14.0,0.0
CUST103742,2025-10-11,25,Tier 2,Basic,BNPL,658,188.0,8.8,2772.0,3,0,60,11.7,1,2026-09-26,11.7,3384.0
CUST103743,2026-08-15,32,Tier 2,Premium,Credit Card,704,1837.0,3.5,3472.0,0,0,5,1.4,0,,1.4,0.0
CUST103744,2026-03-01,35,Tier 1,Premium,Credit Card,837,1546.0,12.9,3048.0,1,0,15,7.0,0,,7.0,0.0
CUST103745,2025-06-28,33,Tier 2,Standard,Credit Card,667,686.0,9.8,1843.0,3,1,46,15.2,0,,15.2,0.0
CUST103746,2026-07-14,35,Tier 3,Basic,Personal Loan,656,303.0,12.9,3061.0,3,1,15,2.5,1,2026-09-18,2.2,5454.0
CUST103747,2025-01-19,35,Tier 3,Standard,BNPL,655,304.0,9.2,2346.0,1,1,13,20.5,1,2026-09-06,19.8,5472.0
CUST103748,2026-09-10,21,Tier 2,Standard,Credit Card,678,776.0,11.6,2906.0,1,2,15,0.5,0,,0.5,0.0
CUST103749,2025-06-26,37,Tier 1,Basic,BNPL,498,198.0,11.1,1076.0,1,2,41,15.2,1,2026-05-10,10.6,3564.0
CUST103750,2025-12-14,26,Tier 3,Basic,Personal Loan,551,271.0,6.5,2043.0,3,0,65,9.5,1,2026-02-14,2.1,4878.0
CUST103751,2026-06-05,23,Tier 2,Basic,BNPL,558,186.0,6.3,2743.0,1,3,8,3.8,0,,3.8,0.0
CUST103752,2025-09-09,23,Tier 1,Standard,Personal Loan,675,930.0,11.2,2086.0,1,0,58,12.7,1,2026-02-28,5.7,16740.0
CUST103753,2025-06-26,35,Tier 1,Basic,Credit Card,571,194.0,5.6,2679.0,2,0,54,15.2,1,2025-08-13,1.6,3492.0
CUST103754,2024-07-04,30,Tier 1,Standard,Personal Loan,586,915.0,8.7,3408.0,1,0,3,27.1,1,2025-07-23,12.8,16470.0
CUST103755,2026-05-12,21,Tier 1,Standard,BNPL,756,254.0,13.6,1954.0,0,0,8,4.6,0,,4.6,0.0
CUST103756,2025-10-14,35,Tier 1,Standard,Personal Loan,630,529.0,7.5,2996.0,1,0,6,11.6,0,,11.6,0.0
CUST103757,2025-12-24,21,Tier 3,Standard,BNPL,632,369.0,13.0,1275.0,1,1,3,9.2,0,,9.2,0.0
CUST103758,2026-02-15,33,Tier 2,Standard,BNPL,663,424.0,8.5,2883.0,0,1,21,7.4,0,,7.4,0.0
CUST103759,2024-12-02,33,Tier 2,Basic,Personal Loan,594,319.0,15.6,731.0,2,1,2,22.1,0,,22.1,0.0
CUST103760,2026-09-21,39,Tier 3,Premium,Credit Card,800,2203.0,2.6,2377.0,0,0,9,0.2,0,,0.2,0.0
CUST103761,2026-06-19,46,Tier 3,Basic,Personal Loan,679,344.0,11.2,2348.0,5,1,62,3.3,1,2026-09-15,2.9,6192.0
CUST103762,2026-02-07,21,Tier 3,Standard,Credit Card,674,669.0,9.1,3749.0,0,0,9,7.7,0,,7.7,0.0
CUST103763,2026-07-30,31,Tier 3,Standard,BNPL,752,446.0,8.0,1763.0,0,0,13,1.9,0,,1.9,0.0
CUST103764,2024-10-11,29,Tier 2,Standard,BNPL,693,333.0,7.5,404.0,2,0,3,23.8,0,,23.8,0.0
CUST103765,2025-11-18,35,Tier 3,Standard,Credit Card,708,771.0,2.1,2672.0,0,0,25,10.4,0,,10.4,0.0
CUST103766,2026-03-16,33,Tier 2,Standard,Personal Loan,693,892.0,3.7,1289.0,1,1,48,6.5,1,2026-05-22,2.2,16056.0
CUST103767,2025-05-09,29,Tier 1,Standard,Credit Card,691,691.0,5.2,2255.0,1,0,26,16.8,0,,16.8,0.0
CUST103768,2026-03-31,28,Tier 2,Standard,Personal Loan,695,764.0,8.1,1606.0,2,1,3,6.0,0,,6.0,0.0
CUST103769,2026-01-24,23,Tier 2,Premium,BNPL,756,402.0,10.5,2014.0,0,0,4,8.2,0,,8.2,0.0
CUST103770,2026-09-21,39,Tier 3,Standard,Credit Card,583,585.0,5.7,268.0,3,3,4,0.2,0,,0.2,0.0
CUST103771,2026-05-13,35,Tier 1,Basic,BNPL,691,164.0,12.6,643.0,0,1,31,4.5,1,2026-06-07,0.8,2952.0
CUST103772,2026-08-13,39,Tier 2,Standard,Personal Loan,667,787.0,8.5,2544.0,2,2,26,1.5,1,2026-09-02,0.7,14166.0
CUST103773,2025-10-10,29,Tier 1,Basic,Credit Card,602,265.0,6.4,2069.0,2,0,130,11.7,1,2025-12-21,2.4,4770.0
CUST103774,2026-03-15,26,Tier 1,Basic,Credit Card,604,238.0,8.3,1170.0,2,1,24,6.5,0,,6.5,0.0
CUST103775,2026-06-11,23,Tier 1,Basic,Personal Loan,577,347.0,9.9,1703.0,3,2,35,3.6,1,2026-06-23,0.4,6246.0
CUST103776,2026-03-21,34,Tier 2,Basic,Credit Card,625,201.0,7.2,2642.0,1,3,4,6.3,0,,6.3,0.0
CUST103777,2026-07-18,23,Tier 3,Standard,BNPL,738,415.0,5.3,1950.0,1,0,3,2.3,0,,2.3,0.0
CUST103778,2024-08-10,46,Tier 1,Basic,BNPL,632,118.0,10.6,2591.0,1,0,9,25.9,1,2025-06-12,10.2,2124.0
CUST103779,2026-09-10,21,Tier 2,Basic,Credit Card,668,173.0,7.1,1412.0,1,1,2,0.5,1,2026-09-16,0.2,3114.0
CUST103780,2025-02-02,34,Tier 1,Standard,Credit Card,877,629.0,3.1,2694.0,0,0,10,20.0,0,,20.0,0.0
CUST103781,2026-02-24,44,Tier 1,Standard,Personal Loan,619,1045.0,11.4,1985.0,0,0,60,7.1,0,,7.1,0.0
CUST103782,2025-12-11,36,Tier 2,Premium,BNPL,743,432.0,7.9,2544.0,0,0,11,9.6,0,,9.6,0.0
CUST103783,2026-06-10,33,Tier 1,Basic,Personal Loan,667,331.0,12.1,2463.0,1,0,20,3.6,0,,3.6,0.0
CUST103784,2023-12-11,24,Tier 2,Basic,Insurance,481,265.0,7.6,1836.0,0,2,24,34.0,0,,34.0,0.0
CUST103785,2026-06-19,21,Tier 1,Premium,Credit Card,739,2044.0,10.7,1880.0,0,0,2,3.3,0,,3.3,0.0
CUST103786,2026-01-03,38,Tier 1,Standard,Credit Card,701,586.0,10.8,2064.0,1,0,2,8.9,1,2026-02-13,1.4,10548.0
CUST103787,2023-09-27,44,Tier 2,Standard,Insurance,651,503.0,2.6,2815.0,0,0,6,36.5,0,,36.5,0.0
CUST103788,2024-12-27,28,Tier 2,Premium,Personal Loan,754,1493.0,1.9,3755.0,0,0,4,21.3,0,,21.3,0.0
CUST103789,2026-02-08,22,Tier 1,Basic,Credit Card,610,307.0,6.3,1490.0,0,0,5,7.7,0,,7.7,0.0
CUST103790,2023-09-27,21,Tier 2,Standard,Credit Card,782,537.0,3.0,3070.0,0,0,24,36.5,0,,36.5,0.0
CUST103791,2025-09-29,24,Tier 3,Premium,Personal Loan,758,1716.0,8.6,1962.0,0,0,26,12.1,0,,12.1,0.0
CUST103792,2026-07-18,31,Tier 2,Standard,Credit Card,612,410.0,16.2,2107.0,0,1,4,2.3,0,,2.3,0.0
CUST103793,2026-04-23,44,Tier 1,Basic,BNPL,703,194.0,3.9,2456.0,1,0,64,5.2,0,,5.2,0.0
CUST103794,2026-05-27,37,Tier 2,Premium,BNPL,810,1164.0,11.7,1793.0,0,0,4,4.1,0,,4.1,0.0
CUST103795,2026-05-23,34,Tier 2,Basic,Personal Loan,593,367.0,2.1,1877.0,3,1,33,4.2,1,2026-07-30,2.3,6606.0
CUST103796,2025-07-25,28,Tier 1,Standard,Insurance,711,376.0,7.5,3884.0,1,0,2,14.3,0,,14.3,0.0
CUST103797,2026-01-06,27,Tier 3,Premium,Personal Loan,838,1990.0,8.5,2276.0,1,0,3,8.8,0,,8.8,0.0
CUST103798,2026-09-15,43,Tier 3,Standard,Personal Loan,609,628.0,2.5,2646.0,0,0,3,0.4,0,,0.4,0.0
CUST103799,2025-01-05,33,Tier 3,Standard,Personal Loan,664,853.0,5.5,3838.0,0,2,4,21.0,0,,21.0,0.0
CUST103800,2026-06-13,21,Tier 3,Standard,Personal Loan,678,872.0,7.7,3810.0,0,0,54,3.5,0,,3.5,0.0
CUST103801,2023-09-27,26,Tier 2,Basic,Personal Loan,688,341.0,9.8,2041.0,1,0,16,36.5,1,2023-12-20,2.8,6138.0
CUST103802,2024-03-16,25,Tier 2,Basic,Insurance,601,252.0,7.3,1502.0,1,0,8,30.8,1,2026-03-20,24.5,4536.0
CUST103803,2024-06-02,27,Tier 2,Basic,Credit Card,630,250.0,7.3,1233.0,1,1,7,28.2,0,,28.2,0.0
CUST103804,2025-05-14,36,Tier 3,Standard,Personal Loan,733,590.0,9.8,1141.0,2,0,22,16.7,0,,16.7,0.0
CUST103805,2026-07-14,31,Tier 2,Basic,Personal Loan,551,352.0,7.9,1815.0,2,3,44,2.5,1,2026-09-07,1.8,6336.0
CUST103806,2026-02-10,31,Tier 1,Standard,BNPL,626,403.0,7.4,1208.0,2,1,78,7.6,1,2026-03-21,1.3,7254.0
CUST103807,2026-07-12,42,Tier 1,Standard,BNPL,713,273.0,5.5,2142.0,1,0,20,2.5,0,,2.5,0.0
CUST103808,2026-06-28,26,Tier 3,Premium,Personal Loan,767,1381.0,3.5,1555.0,1,0,6,3.0,1,2026-07-22,0.8,24858.0
CUST103809,2025-12-17,46,Tier 1,Premium,Personal Loan,726,2251.0,10.2,1897.0,0,0,3,9.4,0,,9.4,0.0
CUST103810,2026-09-14,26,Tier 2,Basic,Personal Loan,554,387.0,9.5,2110.0,0,3,1,0.4,0,,0.4,0.0
CUST103811,2023-11-15,32,Tier 3,Standard,Personal Loan,680,937.0,6.5,1912.0,0,0,43,34.9,1,2024-03-21,4.2,16866.0
CUST103812,2024-09-04,29,Tier 2,Standard,Personal Loan,693,757.0,8.6,1253.0,1,1,31,25.1,1,2024-11-22,2.6,13626.0
CUST103813,2026-05-06,32,Tier 3,Basic,Credit Card,663,124.0,9.7,2520.0,2,0,56,4.8,1,2026-07-12,2.2,2232.0
CUST103814,2026-02-21,35,Tier 2,Standard,Personal Loan,727,944.0,10.9,3308.0,0,0,8,7.2,0,,7.2,0.0
CUST103815,2026-03-22,35,Tier 1,Standard,Credit Card,615,698.0,3.5,3286.0,0,1,9,6.3,0,,6.3,0.0
CUST103816,2024-12-24,25,Tier 3,Standard,Personal Loan,720,796.0,7.2,2972.0,1,1,31,21.4,0,,21.4,0.0
CUST103817,2025-10-11,23,Tier 1,Basic,Insurance,672,281.0,2.2,1955.0,2,0,41,11.7,0,,11.7,0.0
CUST103818,2026-06-21,52,Tier 2,Basic,Insurance,621,267.0,3.4,1631.0,0,0,37,3.2,1,2026-09-10,2.7,4806.0
CUST103819,2026-04-02,28,Tier 1,Standard,Credit Card,651,673.0,6.4,2835.0,0,0,16,5.9,0,,5.9,0.0
CUST103820,2026-04-11,37,Tier 1,Standard,Credit Card,734,655.0,17.8,2494.0,1,0,9,5.6,0,,5.6,0.0
CUST103821,2024-02-09,21,Tier 2,Standard,Credit Card,696,657.0,11.9,2835.0,0,0,27,32.0,0,,32.0,0.0
CUST103822,2026-07-31,29,Tier 1,Basic,Credit Card,546,284.0,6.5,3862.0,0,0,16,1.9,0,,1.9,0.0
CUST103823,2026-08-29,30,Tier 2,Standard,BNPL,669,279.0,11.4,2180.0,0,1,27,0.9,1,2026-09-04,0.2,5022.0
CUST103824,2024-12-28,35,Tier 3,Standard,Credit Card,650,705.0,6.2,1519.0,2,1,4,21.2,0,,21.2,0.0
CUST103825,2024-11-15,21,Tier 1,Premium,BNPL,738,582.0,1.7,1724.0,1,0,9,22.7,0,,22.7,0.0
CUST103826,2025-01-18,33,Tier 1,Standard,Insurance,721,759.0,14.7,2326.0,0,0,9,20.5,0,,20.5,0.0
CUST103827,2026-02-24,22,Tier 2,Standard,Credit Card,743,719.0,7.7,1686.0,1,0,35,7.1,0,,7.1,0.0
CUST103828,2025-11-07,34,Tier 2,Basic,Credit Card,622,216.0,9.9,2872.0,1,1,26,10.8,0,,10.8,0.0
CUST103829,2026-01-21,23,Tier 3,Standard,Personal Loan,653,855.0,9.8,2831.0,1,0,20,8.3,1,2026-02-07,0.6,15390.0
CUST103830,2026-09-05,25,Tier 1,Standard,Personal Loan,623,734.0,8.2,3360.0,2,0,2,0.7,1,2026-09-16,0.4,13212.0
CUST103831,2025-12-29,29,Tier 3,Basic,Credit Card,695,325.0,12.8,3367.0,2,0,24,9.0,0,,9.0,0.0
CUST103832,2026-09-21,23,Tier 2,Basic,Personal Loan,724,406.0,12.6,100.0,1,1,53,0.2,1,2026-09-26,0.2,7308.0
CUST103833,2026-06-01,28,Tier 2,Standard,BNPL,714,481.0,4.1,1494.0,0,0,39,3.9,0,,3.9,0.0
CUST103834,2024-07-11,22,Tier 1,Standard,Personal Loan,607,1047.0,2.4,2298.0,2,0,26,26.9,0,,26.9,0.0
CUST103835,2026-06-10,21,Tier 2,Standard,Credit Card,614,670.0,10.9,1192.0,4,0,11,3.6,1,2026-09-19,3.4,12060.0
CUST103836,2024-06-05,40,Tier 1,Basic,Credit Card,600,288.0,7.0,2148.0,0,2,10,28.1,1,2024-09-03,3.0,5184.0
CUST103837,2026-07-02,21,Tier 1,Premium,BNPL,752,1183.0,6.4,1504.0,0,0,5,2.9,0,,2.9,0.0
CUST103838,2026-06-05,30,Tier 2,Basic,Credit Card,520,250.0,11.4,1827.0,1,3,29,3.8,1,2026-07-06,1.0,4500.0
CUST103839,2025-12-04,38,Tier 3,Basic,BNPL,670,154.0,8.5,3706.0,3,0,0,9.9,0,,9.9,0.0
CUST103840,2025-07-23,27,Tier 2,Standard,Credit Card,626,771.0,10.0,3308.0,1,0,49,14.3,0,,14.3,0.0
CUST103841,2026-03-02,25,Tier 2,Premium,Credit Card,718,1581.0,7.1,2227.0,0,0,4,6.9,0,,6.9,0.0
CUST103842,2024-12-24,33,Tier 2,Standard,Personal Loan,659,747.0,1.3,1410.0,1,1,32,21.4,0,,21.4,0.0
CUST103843,2026-09-14,40,Tier 2,Standard,Credit Card,613,366.0,7.7,2511.0,1,0,15,0.4,1,2026-09-25,0.4,6588.0
CUST103844,2024-08-21,22,Tier 3,Standard,BNPL,583,367.0,9.8,275.0,1,1,22,25.5,1,2025-10-23,14.3,6606.0
CUST103845,2026-07-23,30,Tier 2,Basic,Credit Card,603,145.0,7.4,2810.0,3,0,50,2.2,0,,2.2,0.0
CUST103846,2024-12-19,21,Tier 1,Basic,BNPL,676,100.0,6.8,2726.0,3,0,12,21.5,0,,21.5,0.0
CUST103847,2026-04-26,28,Tier 1,Standard,Credit Card,623,536.0,7.2,1158.0,0,0,19,5.1,0,,5.1,0.0
CUST103848,2025-04-08,32,Tier 2,Basic,Personal Loan,636,297.0,6.3,3421.0,3,0,49,17.9,1,2026-05-30,13.9,5346.0
CUST103849,2025-10-27,25,Tier 2,Premium,Personal Loan,712,2050.0,9.7,1681.0,0,0,15,11.1,0,,11.1,0.0
CUST103850,2026-07-30,28,Tier 1,Standard,Credit Card,712,785.0,9.7,1393.0,0,0,11,1.9,1,2026-09-02,1.1,14130.0
CUST103851,2024-09-06,21,Tier 3,Premium,BNPL,843,982.0,10.2,2376.0,0,0,13,25.0,0,,25.0,0.0
CUST103852,2026-07-04,32,Tier 2,Basic,BNPL,566,182.0,9.1,1032.0,1,1,13,2.8,0,,2.8,0.0
CUST103853,2026-07-05,40,Tier 2,Basic,Personal Loan,623,358.0,5.6,1440.0,4,0,5,2.8,0,,2.8,0.0
CUST103854,2025-05-10,23,Tier 1,Basic,Credit Card,698,125.0,8.1,2533.0,1,0,4,16.8,0,,16.8,0.0
CUST103855,2026-08-24,27,Tier 1,Premium,Credit Card,772,1403.0,8.1,1811.0,1,0,7,1.1,0,,1.1,0.0
CUST103856,2026-07-13,36,Tier 3,Standard,Credit Card,616,416.0,5.5,3489.0,0,0,10,2.5,1,2026-08-21,1.3,7488.0
CUST103857,2026-02-28,41,Tier 3,Standard,Personal Loan,662,911.0,2.0,818.0,2,1,5,7.0,0,,7.0,0.0
CUST103858,2025-04-12,21,Tier 1,Standard,Personal Loan,777,573.0,9.7,2303.0,0,0,10,17.7,0,,17.7,0.0
CUST103859,2026-08-10,30,Tier 1,Basic,Personal Loan,611,316.0,10.8,3117.0,5,0,19,1.6,1,2026-09-15,1.2,5688.0
CUST103860,2026-01-31,34,Tier 2,Basic,Personal Loan,557,352.0,13.4,2931.0,3,1,28,7.9,1,2026-08-06,6.2,6336.0
CUST103861,2025-09-19,31,Tier 1,Basic,Personal Loan,524,269.0,9.7,1592.0,3,2,2,12.4,0,,12.4,0.0
CUST103862,2025-02-12,21,Tier 2,Standard,Personal Loan,677,970.0,4.2,3858.0,2,0,48,19.7,0,,19.7,0.0
CUST103863,2024-06-26,36,Tier 3,Standard,Credit Card,697,716.0,9.7,531.0,3,0,9,27.4,0,,27.4,0.0
CUST103864,2025-06-23,44,Tier 1,Premium,Credit Card,726,1507.0,11.6,2178.0,0,1,10,15.3,0,,15.3,0.0
CUST103865,2025-11-13,32,Tier 1,Standard,Insurance,632,676.0,7.6,3039.0,2,1,7,10.6,0,,10.6,0.0
CUST103866,2026-04-09,23,Tier 3,Standard,Personal Loan,788,798.0,8.5,3305.0,0,0,29,5.7,1,2026-06-21,2.4,14364.0
CUST103867,2026-08-22,27,Tier 1,Basic,Credit Card,573,258.0,10.4,1397.0,4,0,21,1.2,1,2026-08-29,0.2,4644.0
CUST103868,2025-09-20,46,Tier 3,Basic,Credit Card,595,251.0,4.4,2338.0,1,1,14,12.4,1,2026-03-13,5.8,4518.0
CUST103869,2023-09-27,39,Tier 2,Premium,Personal Loan,792,1816.0,7.1,2923.0,0,0,33,36.5,0,,36.5,0.0
CUST103870,2025-08-22,37,Tier 3,Standard,BNPL,652,303.0,11.7,2052.0,0,0,40,13.3,0,,13.3,0.0
CUST103871,2026-09-21,34,Tier 1,Standard,Personal Loan,668,683.0,7.2,1131.0,0,0,4,0.2,0,,0.2,0.0
CUST103872,2026-03-05,26,Tier 1,Standard,Insurance,745,541.0,4.5,658.0,1,0,24,6.8,0,,6.8,0.0
CUST103873,2025-12-14,30,Tier 2,Basic,BNPL,669,130.0,14.4,1613.0,1,0,49,9.5,1,2026-07-13,7.0,2340.0
CUST103874,2025-10-10,31,Tier 2,Premium,Credit Card,712,1194.0,11.3,1705.0,1,0,0,11.7,0,,11.7,0.0
CUST103875,2025-09-10,36,Tier 1,Standard,Credit Card,670,761.0,4.1,1519.0,0,0,65,12.7,1,2026-03-27,6.6,13698.0
CUST103876,2026-01-24,44,Tier 3,Standard,BNPL,682,238.0,8.9,3879.0,0,0,5,8.2,0,,8.2,0.0
CUST103877,2026-07-13,40,Tier 3,Basic,Credit Card,552,241.0,12.4,2702.0,2,1,84,2.5,1,2026-09-10,2.0,4338.0
CUST103878,2024-05-24,21,Tier 2,Standard,Credit Card,665,802.0,4.4,1943.0,0,0,21,28.5,0,,28.5,0.0
CUST103879,2025-10-04,33,Tier 1,Standard,Personal Loan,666,963.0,7.4,2002.0,1,0,14,11.9,0,,11.9,0.0
CUST103880,2026-07-07,37,Tier 2,Standard,Personal Loan,698,1003.0,6.1,2056.0,1,0,31,2.7,0,,2.7,0.0
CUST103881,2026-06-02,36,Tier 2,Basic,Credit Card,713,220.0,3.9,2736.0,2,0,39,3.9,0,,3.9,0.0
CUST103882,2024-08-22,26,Tier 2,Basic,Credit Card,539,289.0,5.0,1230.0,0,2,47,25.5,1,2024-09-26,1.2,5202.0
CUST103883,2024-12-10,55,Tier 3,Standard,BNPL,707,252.0,15.1,1340.0,1,0,39,21.8,0,,21.8,0.0
CUST103884,2026-04-24,21,Tier 1,Basic,Personal Loan,759,311.0,5.5,2177.0,1,0,22,5.2,1,2026-09-17,4.9,5598.0
CUST103885,2026-09-15,23,Tier 1,Basic,BNPL,723,141.0,5.3,100.0,1,0,19,0.4,1,2026-09-24,0.3,2538.0
CUST103886,2026-09-12,33,Tier 1,Basic,Personal Loan,628,296.0,4.3,1473.0,2,0,81,0.5,1,2026-09-18,0.2,5328.0
CUST103887,2026-06-18,48,Tier 3,Basic,Credit Card,521,232.0,12.0,3008.0,4,2,56,3.3,1,2026-08-10,1.8,4176.0
CUST103888,2025-12-03,25,Tier 2,Basic,Credit Card,616,225.0,9.6,2909.0,1,1,1,9.9,0,,9.9,0.0
CUST103889,2026-01-06,29,Tier 1,Standard,Credit Card,647,522.0,7.4,752.0,2,0,21,8.8,1,2026-02-08,1.1,9396.0
CUST103890,2025-11-29,40,Tier 1,Basic,Personal Loan,596,368.0,6.8,2100.0,2,3,82,10.0,1,2025-12-11,0.4,6624.0
CUST103891,2025-09-13,31,Tier 1,Standard,Credit Card,641,626.0,6.7,1009.0,0,2,23,12.6,0,,12.6,0.0
CUST103892,2026-09-21,29,Tier 1,Basic,BNPL,543,160.0,8.1,1513.0,2,1,28,0.2,1,2026-09-26,0.2,2880.0
CUST103893,2026-08-24,36,Tier 2,Standard,Credit Card,649,671.0,10.5,1633.0,0,1,4,1.1,0,,1.1,0.0
CUST103894,2026-05-16,34,Tier 1,Basic,Credit Card,637,253.0,8.1,2789.0,2,1,105,4.4,1,2026-08-05,2.7,4554.0
CUST103895,2026-08-07,40,Tier 1,Basic,BNPL,570,155.0,8.6,3041.0,4,0,34,1.7,1,2026-08-27,0.7,2790.0
CUST103896,2026-09-03,42,Tier 3,Premium,BNPL,716,754.0,2.3,1738.0,0,0,1,0.8,0,,0.8,0.0
CUST103897,2025-11-23,34,Tier 2,Basic,Credit Card,577,321.0,13.4,838.0,1,3,92,10.2,1,2026-02-24,3.1,5778.0
CUST103898,2025-05-08,34,Tier 2,Standard,Personal Loan,609,944.0,8.5,574.0,1,3,15,16.9,1,2026-09-15,16.5,16992.0
CUST103899,2025-08-03,33,Tier 1,Basic,BNPL,607,151.0,11.2,3215.0,3,0,6,14.0,0,,14.0,0.0
CUST103900,2025-05-05,35,Tier 1,Standard,Credit Card,600,592.0,5.8,1941.0,2,0,5,17.0,0,,17.0,0.0
CUST103901,2025-11-02,32,Tier 2,Standard,Personal Loan,694,830.0,8.5,2003.0,2,0,69,10.9,1,2026-04-23,5.7,14940.0
CUST103902,2025-08-24,31,Tier 1,Basic,Personal Loan,585,346.0,5.3,1159.0,1,1,20,13.3,0,,13.3,0.0
CUST103903,2026-06-23,41,Tier 1,Standard,BNPL,726,585.0,7.9,3020.0,1,0,11,3.2,0,,3.2,0.0
CUST103904,2023-09-27,44,Tier 3,Basic,Personal Loan,744,256.0,7.7,2742.0,2,0,23,36.5,0,,36.5,0.0
CUST103905,2026-07-28,21,Tier 3,Standard,Insurance,723,671.0,11.3,1805.0,0,0,24,2.0,1,2026-09-03,1.2,12078.0
CUST103906,2026-07-16,32,Tier 1,Standard,Personal Loan,560,991.0,7.5,1356.0,4,1,9,2.4,0,,2.4,0.0
CUST103907,2026-06-16,26,Tier 1,Standard,BNPL,667,197.0,0.5,2356.0,2,0,11,3.4,1,2026-06-23,0.2,3546.0
CUST103908,2023-09-27,29,Tier 3,Standard,Credit Card,624,626.0,7.2,523.0,2,1,27,36.5,0,,36.5,0.0
CUST103909,2023-09-27,35,Tier 1,Standard,Credit Card,687,512.0,5.8,2632.0,1,0,12,36.5,0,,36.5,0.0
CUST103910,2025-06-08,37,Tier 2,Premium,BNPL,727,961.0,7.1,1918.0,2,0,13,15.8,1,2025-06-25,0.6,17298.0
CUST103911,2025-12-03,31,Tier 3,Standard,Credit Card,659,603.0,13.5,2358.0,0,0,66,9.9,1,2026-07-25,7.8,10854.0
CUST103912,2026-02-18,21,Tier 3,Premium,Credit Card,826,1364.0,10.3,2160.0,1,0,33,7.3,0,,7.3,0.0
CUST103913,2023-11-03,24,Tier 2,Basic,Personal Loan,587,304.0,7.4,2958.0,3,1,21,35.3,1,2023-12-03,1.0,5472.0
CUST103914,2025-10-05,39,Tier 1,Basic,Personal Loan,646,361.0,7.4,3016.0,2,0,9,11.9,0,,11.9,0.0
CUST103915,2024-05-11,21,Tier 1,Standard,Personal Loan,709,875.0,6.7,3134.0,2,1,6,28.9,0,,28.9,0.0
CUST103916,2026-06-04,41,Tier 3,Basic,BNPL,628,162.0,12.6,2287.0,2,2,60,3.8,1,2026-07-12,1.3,2916.0
CUST103917,2026-05-28,36,Tier 3,Standard,Personal Loan,679,866.0,19.2,2126.0,1,0,2,4.0,0,,4.0,0.0
CUST103918,2025-02-25,42,Tier 2,Basic,Personal Loan,641,354.0,2.9,1589.0,1,1,1,19.3,1,2025-12-15,9.8,6372.0
CUST103919,2026-08-09,30,Tier 3,Basic,Credit Card,645,237.0,19.4,1672.0,3,0,40,1.6,0,,1.6,0.0
CUST103920,2024-05-04,21,Tier 2,Basic,Credit Card,672,335.0,1.5,2514.0,3,1,84,29.2,1,2026-05-03,24.3,6030.0
CUST103921,2026-02-26,35,Tier 2,Standard,BNPL,585,229.0,5.2,2213.0,0,1,5,7.1,0,,7.1,0.0
CUST103922,2024-08-05,42,Tier 3,Basic,Personal Loan,635,239.0,15.3,3294.0,1,0,2,26.1,0,,26.1,0.0
CUST103923,2026-05-26,39,Tier 2,Standard,Personal Loan,631,610.0,9.4,1988.0,1,2,45,4.1,0,,4.1,0.0
CUST103924,2025-09-14,26,Tier 2,Basic,Insurance,633,121.0,10.5,904.0,3,1,15,12.6,0,,12.6,0.0
CUST103925,2026-03-13,32,Tier 1,Premium,Personal Loan,749,2008.0,7.3,2332.0,1,1,8,6.6,0,,6.6,0.0
CUST103926,2025-12-05,27,Tier 2,Basic,BNPL,623,178.0,5.5,3034.0,4,1,63,9.8,1,2026-07-10,7.2,3204.0
CUST103927,2026-02-28,25,Tier 2,Basic,BNPL,611,210.0,5.0,2661.0,5,0,10,7.0,0,,7.0,0.0
CUST103928,2023-12-07,39,Tier 1,Basic,BNPL,565,97.0,13.3,2625.0,0,1,32,34.1,0,,34.1,0.0
CUST103929,2025-10-08,22,Tier 3,Premium,Personal Loan,662,2029.0,7.4,3108.0,0,1,48,11.8,0,,11.8,0.0
CUST103930,2026-07-02,24,Tier 2,Basic,BNPL,616,153.0,7.6,2389.0,1,2,47,2.9,0,,2.9,0.0
CUST103931,2024-10-05,23,Tier 3,Standard,BNPL,680,412.0,6.0,718.0,1,0,10,24.0,0,,24.0,0.0
CUST103932,2026-06-14,21,Tier 1,Basic,Credit Card,634,281.0,4.9,2958.0,4,1,51,3.5,1,2026-07-27,1.4,5058.0
CUST103933,2026-05-10,33,Tier 2,Standard,Credit Card,684,552.0,7.2,2452.0,0,0,0,4.6,1,2026-09-04,3.9,9936.0
CUST103934,2026-08-25,41,Tier 1,Standard,Personal Loan,609,1181.0,9.9,2086.0,2,0,5,1.1,0,,1.1,0.0
CUST103935,2024-11-05,30,Tier 3,Standard,Personal Loan,603,1018.0,4.4,1097.0,2,0,27,23.0,0,,23.0,0.0
CUST103936,2026-06-17,21,Tier 1,Standard,Credit Card,682,581.0,8.1,1480.0,1,1,6,3.4,1,2026-08-02,1.5,10458.0
CUST103937,2026-06-29,38,Tier 2,Standard,Credit Card,609,508.0,4.4,539.0,1,2,3,3.0,1,2026-07-04,0.2,9144.0
CUST103938,2024-08-29,45,Tier 3,Standard,Credit Card,596,639.0,6.7,1716.0,2,0,7,25.3,0,,25.3,0.0
CUST103939,2025-05-23,26,Tier 1,Standard,Credit Card,657,674.0,6.4,1657.0,0,0,4,16.4,1,2026-04-15,10.9,12132.0
CUST103940,2026-08-12,28,Tier 3,Basic,Credit Card,644,303.0,8.5,2087.0,2,1,19,1.5,0,,1.5,0.0
CUST103941,2025-07-13,36,Tier 3,Basic,Credit Card,630,192.0,9.1,3605.0,2,0,5,14.7,0,,14.7,0.0
CUST103942,2024-09-24,44,Tier 1,Premium,Insurance,808,1340.0,11.3,3061.0,0,0,18,24.4,1,2026-01-21,16.1,24120.0
CUST103943,2026-09-02,27,Tier 1,Standard,Personal Loan,655,646.0,7.4,2231.0,2,2,30,0.8,1,2026-09-24,0.7,11628.0
CUST103944,2025-04-21,21,Tier 1,Premium,Credit Card,747,1522.0,8.9,1519.0,1,0,4,17.4,0,,17.4,0.0
CUST103945,2026-02-01,37,Tier 1,Premium,Personal Loan,686,1790.0,13.8,1163.0,0,0,7,7.9,0,,7.9,0.0
CUST103946,2025-10-30,38,Tier 3,Basic,Credit Card,606,347.0,9.7,3161.0,0,0,68,11.0,1,2026-02-21,3.8,6246.0
CUST103947,2026-03-07,32,Tier 3,Basic,BNPL,616,73.0,9.9,1045.0,3,1,93,6.8,1,2026-09-09,6.2,1314.0
CUST103948,2025-10-02,27,Tier 1,Standard,Insurance,636,763.0,13.3,1148.0,0,3,2,12.0,0,,12.0,0.0
CUST103949,2026-09-16,39,Tier 2,Standard,Personal Loan,644,624.0,8.4,4508.0,1,1,26,0.3,0,,0.3,0.0
CUST103950,2025-07-22,36,Tier 2,Premium,Insurance,747,888.0,10.5,2021.0,0,0,1,14.4,0,,14.4,0.0
CUST103951,2026-09-16,25,Tier 1,Basic,Personal Loan,586,241.0,4.6,4067.0,3,0,1,0.3,1,2026-09-25,0.3,4338.0
CUST103952,2026-03-28,32,Tier 1,Basic,Credit Card,638,263.0,9.6,1881.0,2,0,3,6.1,0,,6.1,0.0
CUST103953,2026-08-08,21,Tier 1,Premium,Personal Loan,780,1491.0,3.9,3322.0,0,0,9,1.6,0,,1.6,0.0
CUST103954,2025-04-24,37,Tier 2,Standard,BNPL,680,215.0,10.3,2441.0,1,0,9,17.3,0,,17.3,0.0
CUST103955,2026-06-06,29,Tier 2,Basic,Credit Card,606,260.0,11.9,1572.0,2,0,4,3.7,0,,3.7,0.0
CUST103956,2026-03-29,28,Tier 2,Basic,BNPL,630,173.0,7.6,1396.0,0,1,23,6.0,1,2026-09-25,6.0,3114.0
CUST103957,2026-04-12,31,Tier 1,Standard,BNPL,643,395.0,10.8,198.0,2,0,14,5.6,0,,5.6,0.0
CUST103958,2025-07-09,32,Tier 3,Premium,Personal Loan,776,1775.0,6.9,1301.0,0,0,15,14.8,1,2025-08-02,0.8,31950.0
CUST103959,2026-03-14,39,Tier 2,Premium,Personal Loan,831,2332.0,6.5,2818.0,0,0,11,6.5,0,,6.5,0.0
CUST103960,2025-06-17,36,Tier 3,Standard,BNPL,683,409.0,6.9,2131.0,3,0,13,15.5,0,,15.5,0.0
CUST103961,2026-09-04,30,Tier 2,Standard,Credit Card,660,755.0,7.8,1686.0,1,2,8,0.7,1,2026-09-10,0.2,13590.0
CUST103962,2026-07-25,38,Tier 3,Premium,Personal Loan,725,1860.0,10.2,2093.0,2,0,0,2.1,0,,2.1,0.0
CUST103963,2026-01-29,35,Tier 3,Standard,Credit Card,688,507.0,6.3,3054.0,0,1,36,8.0,1,2026-06-18,4.7,9126.0
CUST103964,2024-04-28,28,Tier 2,Premium,Credit Card,761,1554.0,8.7,953.0,0,0,3,29.4,0,,29.4,0.0
CUST103965,2026-09-03,31,Tier 1,Basic,Personal Loan,680,292.0,5.0,2508.0,1,1,8,0.8,0,,0.8,0.0
CUST103966,2026-09-13,30,Tier 3,Standard,Personal Loan,723,833.0,1.5,849.0,1,0,27,0.4,1,2026-09-19,0.2,14994.0
CUST103967,2026-08-06,36,Tier 2,Premium,Personal Loan,732,1906.0,5.9,100.0,0,0,1,1.7,0,,1.7,0.0
CUST103968,2025-11-23,29,Tier 3,Standard,Credit Card,721,398.0,4.6,1642.0,2,0,6,10.2,0,,10.2,0.0
CUST103969,2026-04-27,28,Tier 3,Standard,BNPL,744,181.0,6.4,1761.0,2,0,11,5.1,1,2026-08-25,4.0,3258.0
CUST103970,2025-04-21,47,Tier 2,Basic,Insurance,577,270.0,11.8,1900.0,1,1,20,17.4,0,,17.4,0.0
CUST103971,2026-09-04,39,Tier 1,Standard,Credit Card,721,564.0,11.9,2102.0,3,0,3,0.7,1,2026-09-19,0.5,10152.0
CUST103972,2026-07-23,25,Tier 1,Standard,Personal Loan,691,765.0,13.9,2668.0,1,0,1,2.2,0,,2.2,0.0
CUST103973,2026-06-11,36,Tier 3,Basic,Insurance,655,233.0,9.1,1525.0,2,1,22,3.6,0,,3.6,0.0
CUST103974,2025-12-05,32,Tier 1,Standard,Credit Card,658,600.0,7.0,992.0,0,0,9,9.8,0,,9.8,0.0
CUST103975,2025-10-15,35,Tier 1,Basic,Personal Loan,621,346.0,2.4,3163.0,3,1,12,11.5,0,,11.5,0.0
CUST103976,2026-08-18,33,Tier 2,Standard,Insurance,660,578.0,9.1,3333.0,0,0,6,1.3,0,,1.3,0.0
CUST103977,2024-05-16,41,Tier 2,Standard,BNPL,636,416.0,1.9,2376.0,0,0,14,28.8,0,,28.8,0.0
CUST103978,2026-05-24,34,Tier 1,Premium,BNPL,698,643.0,5.0,2604.0,1,0,0,4.2,0,,4.2,0.0
CUST103979,2025-09-17,31,Tier 1,Standard,BNPL,680,415.0,7.8,3088.0,2,2,2,12.5,1,2026-08-25,11.4,7470.0
CUST103980,2026-02-16,40,Tier 2,Basic,Personal Loan,741,380.0,19.3,3097.0,3,0,14,7.4,1,2026-06-20,4.1,6840.0
CUST103981,2026-07-13,33,Tier 1,Basic,Personal Loan,607,297.0,8.1,1105.0,2,0,23,2.5,1,2026-09-22,2.4,5346.0
CUST103982,2025-03-14,32,Tier 3,Standard,BNPL,714,509.0,4.7,1979.0,1,0,24,18.7,0,,18.7,0.0
CUST103983,2025-05-03,34,Tier 1,Standard,Personal Loan,643,838.0,7.0,694.0,0,0,7,17.0,0,,17.0,0.0
CUST103984,2026-04-28,31,Tier 3,Basic,Credit Card,661,287.0,6.9,2439.0,1,0,38,5.0,1,2026-06-15,1.6,5166.0
CUST103985,2026-01-03,32,Tier 3,Basic,BNPL,620,156.0,3.0,2732.0,0,0,17,8.9,0,,8.9,0.0
CUST103986,2026-06-29,27,Tier 2,Premium,BNPL,795,831.0,2.5,956.0,0,0,15,3.0,1,2026-07-05,0.2,14958.0
CUST103987,2025-10-10,25,Tier 1,Standard,Credit Card,678,695.0,10.8,2785.0,3,1,13,11.7,0,,11.7,0.0
CUST103988,2026-06-08,24,Tier 2,Standard,BNPL,646,548.0,21.5,3049.0,2,2,16,3.7,1,2026-07-16,1.3,9864.0
CUST103989,2025-03-18,21,Tier 2,Basic,BNPL,536,162.0,2.5,3541.0,2,5,20,18.6,0,,18.6,0.0
CUST103990,2026-07-15,24,Tier 1,Premium,BNPL,778,974.0,13.2,2055.0,0,0,1,2.4,0,,2.4,0.0
CUST103991,2026-09-21,30,Tier 3,Standard,Personal Loan,690,797.0,8.7,2627.0,0,0,4,0.2,0,,0.2,0.0
CUST103992,2026-06-25,32,Tier 2,Basic,Personal Loan,588,404.0,7.2,3386.0,2,2,18,3.1,1,2026-07-05,0.3,7272.0
CUST103993,2026-07-25,29,Tier 3,Premium,Credit Card,771,1579.0,8.9,1134.0,0,0,1,2.1,0,,2.1,0.0
CUST103994,2026-02-26,21,Tier 1,Standard,Personal Loan,652,855.0,4.9,2072.0,2,0,3,7.1,0,,7.1,0.0
CUST103995,2026-07-20,44,Tier 1,Standard,Personal Loan,643,829.0,6.2,1038.0,0,1,20,2.3,0,,2.3,0.0
CUST103996,2025-07-21,40,Tier 3,Standard,Personal Loan,646,972.0,11.0,2239.0,0,1,20,14.4,0,,14.4,0.0
CUST103997,2026-07-06,35,Tier 2,Standard,Credit Card,705,571.0,9.8,1994.0,2,0,3,2.7,1,2026-08-26,1.7,10278.0
CUST103998,2025-09-23,47,Tier 2,Standard,Insurance,675,353.0,9.1,1623.0,0,0,38,12.3,0,,12.3,0.0
CUST103999,2026-01-10,24,Tier 2,Standard,Personal Loan,658,854.0,9.9,2754.0,0,1,39,8.6,0,,8.6,0.0
